"filename","category","label","cleaned_text"
"00212.txt","kinh-doanh","5","Đại_diện Công_ty TNHH Bảo_hiểm Nhân_thọ Sun Life Việt_Nam Sun Life Việt_Nam chi thông_tin Tống_Văn_Đại bệnh hiểm_nghèo cắt_cử_nhân_viên thăm_hỏi sức_khỏe khách_hàng Sun Life Việt_Nam tiến_hành thủ_tục chi_trả quyền_lợi cam_kết hợp_đồng bảo_hiểm tiền chi_trả quyền_lợi bảo_hiểm Sun Life Việt_Nam mong_muốn Đại người_thân tài_chính yên_tâm điều_trị bệnh bồi_dưỡng_sức_khỏe mau_chóng trở_lại cuộc_sống khỏe lễ chi_trả quyền_lợi bảo_hiểm khách_hàng tư_vấn giới_thiệu giải_pháp tài_chính bảo_hiểm Sun Life Việt_Nam giúp bảo_vệ tài_chính rủi_ro gia_tăng tài_sản Khách_hàng sản_phẩm bảo_hiểm bổ_sung bảo_vệ sức_khỏe toàn_diện ... Sun Life Việt_Nam chi_trả quyền_lợi bảo_hiểm 11.500 lượt khách_hàng tổng_số tiền tỷ đồng chi_trả quyền_lợi bảo_hiểm nhanh_chóng ưu_tiên Sun Life Việt_Nam giúp khách_hàng an_tâm chiến_lược chăm_sóc khách_hàng trọn đời Sun Life Việt_Nam hướng mục_đích giúp khách_hàng an_toàn tài_chính tận_hưởng cuộc_sống khỏe Sun Life Việt_Nam cam_kết chi_trả quyền_lợi bảo_hiểm nhanh_chóng minh_bạch Sun Life Việt_Nam đảm_bảo_an_toàn khách_hàng nhân_viên tư_vấn tài_chính thời_kỳ giãn xã_hội đội_ngũ nhân_sự Sun_Life trang_bị công_cụ cần_thiết làm_việc kết_nối phục_vụ khách_hàng Sun Life Việt_Nam quyên_góp 1,65 tỷ đồng gia_đình ảnh_hưởng Covid ảnh_hưởng lũ_lụt sạt_lở đất tỉnh miền Trung Doanh_nghiệp lắp_đặt trụ bóng_rổ trường_học khuyến_khích học_sinh phát_triển lối sống lành_mạnh Sun Life Việt_Nam xây_dựng quan_hệ đối_tác ngân_hàng thương_mại cổ_phần Tiên_Phong ngân_hàng thương_mại cổ_phần Á_Châu phát_triển kinh_doanh chăm_sóc khách_hàng Nguyễn_Lê"
"00008.txt","giai-tri","2","Gia_đình nghệ_sĩ xiếc mặc vest tôn nét thanh_lịch năng_động Gia_đình nghệ_sĩ xiếc mặc vest tôn nét thanh_lịch năng_động Quốc_Cơ học_hỏi giáo_viên nước_ngoài luyện_tập kỹ_năng xiếc con_trẻ May_mắn hai vui động_tác đứng Quốc_Cơ học_hỏi giáo_viên nước_ngoài luyện_tập kỹ_năng xiếc con_trẻ May_mắn hai vui động_tác đứng Quốc_Cơ kết_hôn Hồng Phượng Nghệ_sĩ xiếc sinh tặng danh_hiệu Nghệ_sĩ Ưu_tú em_trai Quốc_Nghiệp biểu_diễn chuyên_nghiệp Tiết_mục nổi_tiếng Sức_mạnh đôi hai xác_lập kỷ_lục Guinness thế_giới Tây_Ban Nha màn chồng leo bậc thang giây Britain Got Talent màn diễn chồng đầu chinh_phục giám_khảo khán_giả Quốc_Cơ kết_hôn Hồng Phượng Nghệ_sĩ xiếc sinh tặng danh_hiệu Nghệ_sĩ Ưu_tú em_trai Quốc_Nghiệp biểu_diễn chuyên_nghiệp Tiết_mục nổi_tiếng Sức_mạnh đôi hai xác_lập kỷ_lục Guinness thế_giới Tây_Ban Nha màn chồng leo bậc thang giây Britain Got Talent màn diễn chồng đầu chinh_phục giám_khảo khán_giả"
"00042.txt","khoa-hoc","4","Video Pear_Video"
"00167.txt","the-thao","8","Bàn_thắng Bruno phạt_đền Vắng Công Phượng chấn_thương TP HCM thua trận liên_tiếp League Từ_vị_trí cạnh_tranh chức vô_địch đoàn quân Chung_Hae soung cửa đăng quan giải bốn vòng Viettel nới tám sân Thống_Nhất Viettel soán đỉnh bảng Sài_Gòn Chủ trách đá phạt_đền phút Trung_vệ Bùi_Tiến_Dũng kéo Vũ_Quang_Nam tiền_đạo TP HCM ngã Trọng_tài Vũ_Nguyên_Vũ_thổi phạt_đền phản_ứng Viettel chấm 11m tiền_vệ Trần Thanh_Bình_sút căng góc thủ_môn Trần_Nguyên_Mạnh đổ hướng phá bóng TP HCM đá hỏng phạt_đền Viettel phí Phút hậu_vệ Nguyễn Công_Thành đá chân Trọng Hoàng cấm_địa Trọng_tài thổi phạt_đền Viettel cầu_thủ chủ phản_ứng quyệt liệt chấm 11m Bruno Cantanhede đánh_lừa thủ_môn Thanh_Thắng ghi_bàn duy_nhất trận_đấu Hai đội ghi_bàn hai phạt_đền Viettel nhập_cuộc chậm hài_lòng TP HCM sứt_mẻ lực_lượng vắng Nguyễn Công_Phượng Võ Huy_Toàn Ngô_Tùng_Quốc Seo_Yong duk chấn_thương Trung_vệ Diakite Ngô Hoàng_Thịnh treo_giò Hữu Tuấn án kỷ_luật nội_bộ Vắng bảy trụ_cột chủ đường_nét chấp_nhận thất_bại Hai tiền_đạo Costa_Rica thi_đấu thay nhân_tố dự_bị Phi_Sơn Quang_Nam Văn_Thành nổi_bật Thanh_Bình sân lỡ phạt_đền Viettel hẳn tận_dụng quý_giá Tình_huống chú_ý hai phạt_đền chấn_thương tiền_vệ Lâm_Ti Phông Tân_binh Khánh_Hòa xông_xáo rời sân phút dấu_hiệu gãy pha tiếp đất bị_động Tiền_vệ thẳng bệnh_viện vòng giai_đoạn hai Viettel sân_nhà Hàng Đẫy tiếp Bình_Dương TP HCM trận derby Sài_Gòn Hai trận diễn Danh_sách thi đấuTP HCM Thanh_Thắng Văn_Sơn Công_Hiển Tăng_Tiến Đình_Khương Công_Thành Ti_Phông Văn_Thành Tuấn Thanh_Bình Văn_Thuận Ngọc_Đức Ortiz Phi_Sơn Rodriguez Quang_Nam Dự_bị Viết Phú Xuân_Nam Trung_Thành Tiến_Dũng Viettel Nguyên_Mạnh Duy_Thường Ngọc_Hải Đức_Chiến Tiến_Dũng Văn_Thiết Ngọc_Sơn Trọng_Hoàng Quang_Khải Hoàng_Đức Khắc_Ngọc Minh_Tuấn Văn_Hào Caique Bruno Danh_Trung Dự_bị Thế_Tài Tiến_Anh Mạnh_Dũng Luizao Quang_Dũng Xuân_Bình"
"00027.txt","suc-khoe","7","tiêm vaccine hôm nghi_ngờ xuất_huyết não trường_hợp_tử_vong tiêm vaccine Covid báo_cáo Nhật_Bản chức_trách điều_tra liên_hệ tiêm vaccine nguyên_nhân tử_vong song nhận_định ban_đầu vaccine nguyên_nhân chết Xuất_huyết não tương_đối phổ_biến dựa trường_hợp nước_ngoài dường_như liên_hệ vaccine Covid xuất_huyết não trùng_hợp ngẫu_nhiên song thu_thập thông_tin Y_tế Tomohiro_Morio cố_vấn chính_phủ Pfizer Nhật_Bản bình_luận Hồi năm_ngoái hãng hiệu_quả vaccine nhất_quán độ chủng_tộc liều tiêm tác_dụng phụ nghiêm_trọng tiêm phòng rộng_rãi toàn thế_giới Giới_chức y_tế toàn_cầu ca_ngợi phát_triển nhanh_chóng vaccine Covid song cảnh_báo bệnh dị_ứng đi khám tiêm Nhật_Bản G7 tiêm_chủng Covid chính_phủ tiếp_nhận ba_lô vaccine Pfizer BioNTech Nhật phê_duyệt vaccine Pfizer đẩy_mạnh nỗ_lực kiểm_soát dịch_bệnh vận_hội Olympic mùa hè Giới_chức Nhật_Bản thận_trọng phê_duyệt phân_phối vaccine Covid vụ bê_bối quá_khứ dân niềm tiêm_chủng Vaccine Pfizer Mỹ phối_hợp BioNTech Đức nghiên_cứu phát_triển thử_nghiệm lâm_sàng giai_đoạn địa_điểm Mỹ Đức Thổ_Nhĩ_Kỳ Nam_Phi Brazil Argentina Pfizer tuyên_bố vaccine hiệu_quả Nhật_Bản tiến_hành độc_lập thử_nghiệm lâm_sàng tham_gia phép vaccine Thục_Linh Reuters"
"00021.txt","du-lich","1","lực_lượng tuần_duyên thị_trấn ven biển Staithes Whitby North Yorkshire báo_cáo trường_hợp hai người_lớn trẻ cắm trại nguy_hiểm hai vị con_trai đường_mòn Cleveland Way vườn quốc_gia North_York Moors du_lịch lều dựng rìa vách đá cắm trại nguy_hiểm tính_mạng Cleveland Way xảy trận lở đất nghiêm_trọng Cảnh_sát North_Yorkshire du_khách vi_phạm lệnh hạn_chế đi_lại Covid tiết_lộ phạt Cặp đôi chỉ_trích mạnh_mẽ địa_điểm nghỉ_dưỡng nguy_hiểm khủng_khiếp Đứa trẻ sợ bố_mẹ cắm trại bờ vực trừng_phạt nghiêm_khắc bình_luận không_thể_hình_dung nổi đứa trẻ mải trượt vách đá 200m Anh_Minh News_Sky"
"00104.txt","the-thao","8","Ibrahimovic dự_bị khán_đài sân Rajko_Mitic CĐV từ_ngữ khiếm_nhã miệt_thị gọi balija kỳ_thị sắc_tộc BosniaIbrahimovic phản_ứng kỳ_thị theo_dõi trận_đấu The_Sunday_Times thành_thạo tiếng Thụy_Điển Bosnia Tây_Ban_Nha Italy Ibrahimovic sinh gia_đình bố Hồi_giáo Bosnia mẹ đạo Công_giáo Croatia Bố_mẹ nhập_cư Thụy_Điển sinh Ibrahimovic thành_phố Malmo ly_hôn Ibrahimovic trộm xe_đạp kiếm sống Mẹ_kế Serbia Ibrahimovic thi_đấu phút trận hôm_qua Milan chủ Red Star cầm hòa lượt đi vòng Red_Star phút Milan Rodic thẻ_vàng hai truất quyền thi_đấu Ibrahimovic cãi_vã kịch_liệt Romelu Lukaku derby Milano Cup_Italy tối Ibrahimovic LĐBĐ Italy điều_tra liệu phân_biệt chủng_tộc Lukaku Lukaku phân_biệt chủng_tộc Ibrahimovic trắng_án Hoàng_An SportBible"
"00059.txt","kinh-doanh","5","lô giao_dịch tối_thiểu giải_pháp Sở giao_dịch chứng_khoán TP HCM HoSE nhắc tải hệ_thống nghẽn giao_dịch diễn tần_suất Đầu lô tối_thiểu cổ_phiếu HoSE cổ_phiếu Sở dự_kiến lô tối_thiểu 1.000 cổ_phiếu Lê_Hải_Trà Tổng_giám_đốc HoSE thị_trường phát_triển Nhật_Bản Đài_Loan Singapore ... trải lộ_trình tính_toán lô 1.000 tổng_số_lượng lệnh giao_dịch mở_đường tầm khoản thị_trường thị_trường phát_triển lô giao_dịch tối_thiểu giai_đoạn áp_dụng 1.000 cổ_phiếu xu_hướng dần thu_hút tham_gia đầu_tư nhỏ_lẻ Nhật_Bản Sở giao_dịch chứng_khoán Tokyo TSE áp_dụng lô giao_dịch chuẩn_hóa giao_dịch lô tối_thiểu rút_gọn hai tiêu_chuẩn 1.000 cổ_phiếu TSE áp_dụng chuẩn duy_nhất cổ_phiếu lô tối_thiểu TSE dự_kiến hạ_lô tối_thiểu cổ_phiếu Satoshi_Mimura phát_ngôn Sở giao_dịch chứng_khoán Tokyo Bloomberg TSE kế_hoạch phép đầu_tư mua lô tối_thiểu cổ_phiếu thay_vì khuyến_khích thế_hệ trẻ tham_gia thị_trường cổ_phiếu thế_giới Ý_tưởng nằm lựa_chọn Sở giao_dịch chứng_khoán Tokyo xem_xét thu_hút đầu_tư nhỏ_lẻ Satoshi Tương_tự Nhật_Bản Singapore áp_dụng lô tối_thiểu 1.000 cổ_phiếu đầu lô giao_dịch tối_thiểu lợi_ích đầu_tư Magnus_Bocker nguyên Giám_đốc điều_hành SGX Lô tối cổ_phiếu giúp_việc đầu_tư mã bluechip dễ_dàng cổ_phiếu xu_hướng định_giá phép đầu_tư tổ_chức quản_lý rủi_ro thông_qua phân_bổ tài_sản đại_diện SGX thay_vì đầu_cơ cổ_phiếu penny rủi_ro đầu_tư dễ_dàng tiếp_cận mã bluechip an_toàn quy_mô lô tối_thiểu đầu_tư trẻ vốn hiện mua cổ_phiếu thị_trường Đài_Loan lô tối_thiểu 1.000 cổ_phiếu thị_trường cơ_chế giao_dịch lô lẻ tối_thiểu thị_trường quy_mô Mỹ lô lẻ cổ_phiếu chiếm áp_đảo số_lượng lệnh thị_trường WSJ viết lệnh giao_dịch lô lẻ Mỹ chiếm nửa giao_dịch thị_trường cổ_phiếu doanh_nghiệp bluechip Phố Wall trở_nên đắt_đỏ Tỷ_lệ giao_dịch quy_mô lô lẻ kỷ_lục 48,9 đầu duy_trì dữ_liệu NYSE. đầu_tư kỳ_cựu thị_trường giá cổ_phiếu yếu_tố đằng gia_tăng ổn_định giao_dịch lô lẻ Mỹ Trong_suốt thế_kỷ giá trung_bình cổ_phiếu Mỹ dao_động USD công_ty xu_hướng chia cổ_phiếu thị_giá có_nghĩa_là giao_dịch lô chẵn cổ_phiếu 3.500 USD. công_ty giao_dịch thị_giá 1.000 USD. câu_chuyện cổ_phiếu Amazon hiện có_giá 3.000 USD. mua cổ_phiếu Amazon ngày_nay đầu_tư 300.000 USD đầu_tư Việt_Nam cơ_chế mua_bán lô lẻ rõ_ràng lô khác_biệt thị_trường Mỹ mặt_bằng đầu_tư đa_phần nhỏ_lẻ vốn mua lô tối_thiểu cổ_phiếu VIC VHM đầu_tư xấp_xỉ triệu đồng con_số đầu_tư bluechip phủ_nhận lợi_ích nâng lô 1.000 giúp căng_thẳng sàn TP HCM Lê_Vũ_Kim_Tinh Giám_đốc chi_nhánh Công_ty Chứng_khoán Phú_Hưng PHS hành_động biến thị_trường chứng_khoán thành sân_chơi giàu Hiện_tượng dòng tiền ồ_ạt đổ thị_trường rổ hàng đầu_tư nhỏ_lẻ lựa_chọn phong_phú chuyên_gia hệ luỵ thị_trường đợt bán_tháo quyết_định nâng lô hiệu_lực chôn vốn sở_hữu cổ_phiếu giao_dịch chứng_khoán nhanh_chóng hạ_nhiệt thiếu_vắng đầu_tư cá_mập kiếm Hệ luỵ dài_hạn cơ_quan điều_hành thị_trường xây_dựng đầu_tư thu_hút Minh_Sơn"
"00193.txt","kinh-doanh","5","độc_thân Hiện làm_việc công_ty công_nghệ nước_ngoài TP HCM lương ổn_định triệu đồng đi tích_cóp tỷ đồng tiền gửi tiết_kiệm lãi_suất liên_tục hạ khoản tiền hạn liệu rút đầu_tư kênh chẳng_hạn mua ôtô thuê dịp Tết hơi lo_lắng ảnh_hưởng Covid liệu thuê xe đi chứng_khoán liên_tục nóng liệu tiền đầu_tư kênh chứng_khoán băn_khoăn kênh may_rủi liệu tỷ đồng đầu_tư thử trăm triệu đồng mong góp_ý chân_tình Lê_Hoài"
"00054.txt","doi-song","0","Bữa cơm nấu vòng nửa tiếng gái bày xong bát cơm_gạo lứt đỗ xanh hạt sen cháo yến_mạch nấm_hương rau cải luộc bàn bố_mẹ bữa Hương bữa trưa cơ_quan cơm rau củ bắp_ngô một_chút hoa_quả chế_độ ngon_miệng cơ_thể thanh_thoát khoẻ_mạnh tràn_đầy năng_lượng Thu_Hương nhân_viên ngân_hàng Phố_Nối Hưng_Yên chế_độ ăn_uống bước_ngoặt Hương lối sống khỏe_mạnh hạnh_phúc làm_việc tiếng tuần Hương tích_góp chút tiền biếu bố_mẹ xây mua món đồ đi du_lịch Song thiếu_thốn nỗi lo đè vai câu ý_nghĩa cuộc_đời sinh Hạnh_phúc nằm Thu_Hương trăn_trở Đại_dịch Covid xảy Hương bối_cảnh đọc sách truyền_cảm_hứng viết group lối sống tối_giản đường duy_nhất Sống chậm Hương Hương quyết_định rời Hà_Nội quê làm_việc bố_mẹ thực_hành lối sống chậm kỷ_luật ngủ dậy tập_thể_dục nấu_ăn ngồi_thiền đọc sách đi dạo cách_mạng gái ăn_uống Hương nấu_ăn dọn_dẹp lãng_phí hôm gói mỳ tôm 5.000 đồng xôi xong bữa nấu_ăn trở_nên yêu công_việc bếp_núc ăn_không no bụng nuôi_dưỡng sức_khoẻ tâm_hồn Thu_Hương thực_vật kết_hợp Eatclean phương_pháp tiêu_chí chế_biến đơn_giản hạn_chế gia_vị chủ_đạo tối_đa dinh_dưỡng đơn_giản bữa chất đạm chất_béo_tốt đường bột vitamin khoáng_chất giúp gia_đình duy_trì chế_độ chủ_yếu thực_vật chủ_động bếp hai tối Món cơm_gạo lứt độn hạt đậu thơm bùi yêu ăn_chay cơ_thể Hương thanh_thoát khỏe ngon_miệng Thông_qua bữa 10.000 đồng ăn_uống đơn_giản thanh_đạm sức_khoẻ giúp tối_thiểu hoá nhu_cầu cuộc_sống đồng_thời_tiết_kiệm tài_chính ý_nghĩa Hiện Hương khoản tiền quyên_góp tổ_chức từ_thiện hoàn_cảnh Sống xanh hành_động trẻ theo_đuổi Thu_Hương hộp cơm đi làn hộp đi chợ hạn_chế tối_đa túi nilon xe_máy đi xe_đạp cơ_quan quãng đường đi tổng_cộng km gái xe_đạp đi di_chuyển chợ_búa gặp_mặt bạn_bè tuần Hương đi thăm gái km tận_hưởng cảm_giác hoà đất trời đi mong đích cảm_giác đi đường làng cánh đồng ruộng cúc giàn đỗ xanh mởn Thùy_Linh Hương miêu_tả truyền_cảm_hứng sống truyền cảm_hứng sống cuộc_sống toàn_diện yêu thể_thao đọc sách ăn_chay tối_giản nhu_cầu vật_chất tuần Hương ngồi_thiền cửa_sổ phóng tầm_mắt hàng_xóm cũ mái ngói rêu_phong nắng mai ấm_áp trở_nên_thơ_mộng mắt gái sống chậm đường giúp sống hạnh_phúc an_nhiên hạnh_phúc thử dừng một_chút trân_trọng biết_ơn cuộc_đời đẹp gái Phan_Dương"
"00200.txt","kinh-doanh","5","chồng sống TP HCM. Chồng công_chức lương tầm triệu nhân_viên văn_phòng triệu sẵn mặt_bằng đường kế_hoạch nghỉ shop quần_áo Hiện vốn triệu đồng hàng nghỉ_việc khai_trương shop tranh_thủ hàng Tết đầu sức_mua yếu chồng đi xong thưởng Tết nghỉ Cửa_hàng quần_áo đầu khai_trương Hiện băn_khoăn hợp_lý mong góp_ý chân_tình độc_giả Hoài_Mai"
"00096.txt","giao-duc","3","Shoya Hasebe sinh_viên FUNiX Japan đào_tạo trực_tuyến chương_trình FUNiX Nhật_Bản học Data_Science Học cần_thiết tầm cảnh mệt_nhoài đi_lại trường cảm_giác đơn_độc học chương_trình học trực_tuyến Shoya_Hasebe Sinh_viên mô_hình đào_tạo cán_bộ Hannah FUNiX Hannah thân sẵn_sàng hồi_đáp thắc_mắc học_tập Hannah giúp động_lực lắng_nghe Hannah hạnh_phúc câu trả_lời thường_ngày trường giáo_sư sinh_viên đội_ngũ chuyên_gia mentor Data Science giàu kinh_nghiệm sẵn_sàng giải_đáp câu cặn_kẽ câu Shoya mentor khai chủ_đề kiến_thức quảng_giao một_mình Shoya yêu học trực_tuyến FUNiX Trước_FUNiX học trực_tuyến Zoom tư năm_ngoái dịch Covid bùng_phát trường_học buộc đóng_cửa học FUNiX khác_biệt lý_thú Shoya nhận_xét Shoya học bốn ghi_chép cẩn_thận lỡ kiến_thức học quán cà_phê không_khí đường truyền internet ổn_định Shoya cân_bằng cuộc_sống FUNiX bài_tập trường công_việc_làm bận_rộn đôi sắp_xếp mục_tiêu Hannah thảo_luận kế_hoạch học_tập tâm_trí tỉnh_táo học FUNiX Shoya hai tuần học Shoya Data_Science công_nghệ xu_hướng tất_yếu tương_lai sở_hữu kiến_thức Data_Science sự_nghiệp thế_giới công_nghệ tin_tưởng FUNiX giúp tiếp_cận tri_thức rèn học kết_nối cộng_đồng yêu công_nghệ Shoya FUNiX Japan có_mặt Nhật_Bản đầu áp_dụng mô_hình đào_tạo công_nghệ thông_tin trực_tuyến FUNiX Way học học liệu MOOC đội_ngũ mentor hướng_dẫn kiến_thức hannah đồng_hành Đại_diện FUNiX FUNIX Japan hợp_tác chặt_chẽ FPT Japan trường đại_học Nhật_Bản Hiệp_hội nghề_nghiệp doanh_nghiệp Nhật_Bản chương_trình đào_tạo Công_nghệ thông_tin trực_tuyến bài_bản thực_tiễn FUNiX Japan FUNiX chương_trình hợp_tác quốc_tế đào_tạo trực_tuyến công_nghệ sinh_viên Singapore Indonesia ... sinh_viên quốc_tế hiện_diện FUNiX Japan góp_phần ưu_việt FUNiX Way giáo_dục Việt_Nam bản_đồ thế_giới Nguyễn_Thành_Nam Founder FUNiX Quỳnh_Anh"
"00065.txt","giai-tri","2","MV chàng trai du_lịch một_mình sắp_xếp phòng người_yêu cũ bóng_dáng người_xưa vật_dụng kỷ_niệm ùa ... Đạo_diễn Bình_Nguyên DOP Nguyễn giúp ca_sĩ cảnh ưng_ý Ca_sĩ êkíp Ninh_Vân Khánh_Hòa video nhạc hai Ca_khúc nhạc_sĩ Vương_Anh Tú sáng_tác thể_loại ballad màu_sắc âm_nhạc hát EDM. Ca_sĩ Lê_Thành_Dương sinh TP HCM. Hiện đảm_nhận vai_trò ca_sĩ MC diễn_viên Hai sản_phẩm thu_hút chú_ý MV Truyền_thái MV phép thần_thông Tâm_Giao"
"00099.txt","giao-duc","3","làm_quen học trực_tuyến kéo_dài học tự_tin thích_ứng học cố_gắng hoàn_thành chứng_chỉ tận_dụng trống nghiên_cứu học_hỏi bạn_bè mentor tham_gia hoạt_động FUNiX Minh"
"00134.txt","the-thao","8","tài thao_lược cựu danh_thủ Kim_Chi TP HCM càng_đấu giành bốn giải vui hạnh_phúc hai liên_tiếp TP HCM vô_địch thành_tích nỗ_lực tuyệt_vời tập_luyện sinh_hoạt thi_đấu Kim_Chi tài thao_lược cựu danh_thủ Kim_Chi TP HCM càng_đấu giành bốn giải vui hạnh_phúc hai liên_tiếp TP HCM vô_địch thành_tích nỗ_lực tuyệt_vời tập_luyện sinh_hoạt thi_đấu Kim_Chi"
"00025.txt","kinh-doanh","5","Thương_mại toàn_cầu phục_hồi sụp_đổ giai_đoạn đầu đại_dịch Trung_Quốc sản_xuất châu giành thị_phần_lớn xuất_khẩu khẩu_trang xe_đạp Dự_kiến thị_phần duy_trì dịch_bệnh kết_thúc năm_ngoái kinh_tế toàn_cầu rơi đóng_băng sâu_sắc kinh_tế WTO dòng_chảy thương_mại toàn_cầu suy_giảm Đại suy_thoái dòng_chảy thương_mại toàn_cầu 5,3 năm_ngoái dữ_liệu công_bố Văn_phòng Phân_tích Chính_sách Kinh_tế CPB Hà_Lan trở_lại đại_dịch phục_hồi cũ tốn nửa khủng_hoảng tài_chính toàn_cầu Nhu_cầu thiết_bị bảo_vệ bao_gồm khẩu_trang vọt Làm_việc học_tập thúc_đẩy nhu_cầu máy_tính Nỗ_lực giao_thông công_cộng thành_phố thúc_đẩy nhu_cầu xe_đạp gia_đình nâng_cấp nhà_bếp mua_sắm đồ_dùng nhu_cầu gói kích_thích chính_phủ giàu Alice tư_vấn phát_triển quốc_tế làm_việc Silver_Spring Maryland mua đồ_dùng làm_việc xảy đại_dịch bao_gồm máy_tính xách tai_nghe đèn máy_in phần_mềm máy_tính gói cứu_trợ Covid thông_qua năm_ngoái hộ gia_đình Mỹ phát 1.200 USD. Alice mua điện_thoại Khoản tiền mua máy_tính xách cao_cấp phụ_nữ Hội_nghị Liên_hợp quốc Thương_mại Phát_triển Unctad doanh_số thiết_bị bảo_vệ PPE biên_giới chẳng_hạn khẩu_trang quý III hàng_hóa xuất_khẩu Đông_Á nhà_máy mở_cửa trở_lại dịch_bệnh kiểm_soát Trung_Quốc cung_cấp PPE thiết_bị văn_phòng chứng_kiến doanh_số hàng xuyên biên_giới quý III quý IV. Unctad tỷ_trọng xuất_khẩu Trung_Quốc thương_mại toàn_cầu con_số thua Đài_Loan Việt_Nam sản_xuất kinh_nghiệm đợt bùng_phát dịch SARS Tập_đoàn Giant Đài_Loan sản_xuất xe_đạp thế_giới vật_lộn đáp_ứng nhu_cầu xe_đạp nhà_máy Trung_Quốc xuất xe_đạp nước_ngoài giai_đoạn đầu đại_dịch nhu_cầu xe_đạp gián_đoạn chuỗi cung_ứng Giant đáp_ứng kịp nhu_cầu đặt_hàng đại_lý Bonnie_Tu Chủ_tịch Giant hàng_hóa sản_xuất Đông_Á tiêu_dùng Mỹ châu hãng hàng_không cắt_giảm chuyến bay chở không_gian chở hàng tàu container gián_đoạn lịch_trình thủy_thủ đoàn cảng chậm_trễ nhà_máy hoạt_động công_suất cảng thích_ứng gián_đoạn bán_lẻ đối_mặt hàng nhu_cầu xe_đạp đợt đóng_cửa hồi tiêu_dùng xe_đạp chuỗi cung_ứng xe_đạp tác_động Covid sản_xuất lắp_ráp linh_kiện sẵn_sàng container tắc_nghẽn cảng Mark_Eaton Giám_đốc chuỗi cung_ứng Halfords bán_lẻ xe_đạp Eaton tắc_nghẽn chuỗi cung_ứng hiện nới lỏng tồn_tại lĩnh_vực sản_xuất toàn_cầu mạng_lưới thương_mại kìm_hãm tăng_trưởng sản_xuất chậm_trễ kéo_dài cung_ứng sản_xuất khảo_sát quản_lý mua hàng IHS Markit container Đông_Á bớt mạng_lưới hậu_cần toàn_cầu khắc_phục hoàn_chỉnh trở_lại trạng_thái_bình_thường Giá cước cao_ngất_ngưởng Lịch_trình coi thách_thức Allard_Castelein CEO Cảng_Rotterdam Hà_Lan cảng châu Âu phục_hồi xuất_khẩu châu Âu Mỹ muộn Trung_Quốc kinh_tế thương_mại dự_kiến cải_thiện khả_năng thị_phần xuất_khẩu Trung_Quốc kinh_tế Đông_Á đảo_ngược xu_hướng gắn chặt Alessandro_Nicita kinh_tế thương_mại Unctad cú sốc phức_tạp giành động_lực Phiên_An WSJ"
"00032.txt","thoi-su","9","sân bến_xe bắc TP Vinh chủ xe_khách nội_tỉnh phòng chờ đơn kiến_nghị gửi cơ_quan_chức_năng Trần_Đình_Giang chủ xe dừng hoạt_động hôm_qua xe liên tỉnh hoạt_động trái quy_định ảnh_hưởng xe nội_tỉnh chạy tuyến cố_định Đơn_cử xe chạy tuyến TP HCM huyện Con_Cuông Nghệ_An song chạy km huyện Tương_Dương Kỳ_Sơn đón trái quy_định xe chỗ đón tận Giang phản_ánh Giang xe chạy trái tuyến xe hoạt_động ồ_ạt chuyến xe_khách nội_tỉnh đón Song trung_bình chuyến xe_khách nội_tỉnh đón giá vé 120.000 đồng chi_phí tiền dầu bến thuê tài_xế phụ xe Giang Tương_tự Vân chủ xe dừng vận_chuyển hành_khách tuyến nội_tỉnh cơ_quan_chức_năng vào_cuộc nêu tỷ đồng đầu_tư xe xe trái tuyến lấn_át thu_hồi vốn song tiền vốn nữ chủ xe Nguyễn_Văn_Sỹ Phó_trưởng bến_xe Bắc TP Vinh xe tuyến Vinh Kỳ_Sơn dừng hoạt_động ảnh_hưởng nhu_cầu đi_lại hành_khách hôm_qua vận_động chủ xe gửi đơn cơ_quan_chức_năng giải_quyết hoạt_động trở_lại Sỹ Nguyễn Viết Hùng Trưởng_phòng Vận_tải Sở Giao_thông Vận_tải Nghệ_An hôm_nay tổ công_tác Thanh_tra Sở phối_hợp địa_bàn tuần_tra xe vi_phạm chủ xe tuyến cố_định phát_hiện xe vi_phạm thu_thập chứng_cứ trình_báo cơ_quan_chức_năng cơ_sở Hùng Bến_xe Bắc thành_phố Vinh hoạt_động hàng trăm lượt xe nội_tỉnh ngoại_tỉnh hoạt_động"
"00031.txt","doi-song","0","Zhou khái_niệm di_chúc viết ngôi_sao bóng_rổ yêu Kobe_Bryant qua_đời sự_cố chết kích_động Zhou viết ghi_chú người_thân_yêu điện_thoại mua bảo_hiểm chính_thức đăng_ký di_chúc thụ_hưởng hợp_pháp cha_mẹ bạn_bè ủng_hộ giúp_đỡ tình_cảm lẫn tinh_thần chút quyết_định dũng_cảm đời Zhou bảo_hiểm_nhân_thọ bảo_hiểm_niên kim tiền tiết_kiệm cha_mẹ mẹ tiền mẹ đồng_hành sống viết di_chúc tâm trường_hợp xấu sức_mạnh sống phụ_nữ Xiaoli viết di_chúc tặng tiền tiết_kiệm cha_mẹ biếu thường_xuyên Đọc báo_cáo nổi_tiếng chết trẻ may_mắn sống viết phân_bổ tài_sản tiền xảy tranh_chấp Trung_tâm Đăng_ký di_chúc Trung_Quốc tiếp_nhận 190.000 di_chúc thành_lập sinh lập di_chúc sinh ghi_nhận con_số dân đăng_ký văn_phòng công_chứng pháp_lý khắp Chen_Kai sáng_lập trung_tâm viết di_chúc công_cụ pháp_lý phương_thức biểu_lộ tình_cảm Thanh_niên tràn_đầy ý_tưởng câu sẵn_sàng thử Chen Trái_lại trung_niên cao_tuổi viết di_chúc tích_lũy tài_sản phòng tranh_chấp gia_đình tương_lai Chen Covid nguyên_nhân xu_hướng vội_vàng lập di_chúc chủ_đề mua bảo_hiểm Trung_Quốc cố nguyền chết_chóc người_ta hành_động hành_động Chen Zhou lập di_chúc quyết_định suy_nghĩ tài_sản quyết_định Viết di_chúc lựa_chọn thế_hệ trẻ gái Phan_Dương CGTN"
"00040.txt","du-lich","1","Nguyễn_Thảo_Phương người_yêu Choi_Sangyong đi du_lịch dịp nghỉ lễ Cặp đôi quen Phương sinh_sống Hàn_Quốc Việt_Nam làm_việc Nguyễn_Thảo_Phương người_yêu Choi_Sangyong đi du_lịch dịp nghỉ lễ Cặp đôi quen Phương sinh_sống Hàn_Quốc Việt_Nam làm_việc địa_điểm ghé thăm Hà_Nội Tam_Đảo Sa_Pa Mộc_Châu Ninh_Bình Quảng_Bình Nghệ_An Đà_Nẵng Sài_Gòn đăng_tải ảnh khám_phá Hà_Giang Huế mạng xã_hội đăng thu_hút hàng chục nghìn lượt yêu hàng trăm lượt bình_luận địa_điểm ghé thăm Hà_Nội Tam_Đảo Sa_Pa Mộc_Châu Ninh_Bình Quảng_Bình Nghệ_An Đà_Nẵng Sài_Gòn đăng_tải ảnh khám_phá Hà_Giang Huế mạng xã_hội đăng thu_hút hàng chục nghìn lượt yêu hàng trăm lượt bình_luận hai đầu cảm_xúc Huế bọn sống chậm cảm_giác bình_yên Hà_Nội tấp_nập Thảo_Phương hai đầu cảm_xúc Huế bọn sống chậm cảm_giác bình_yên Hà_Nội tấp_nập Thảo_Phương Bình_minh đồi cát Quang_Phú Quảng_Bình Sangyong_khen địa_điểm đẹp bình_yên Bình_minh đồi cát Quang_Phú Quảng_Bình Sangyong_khen địa_điểm đẹp bình_yên Phương Sangyong trải nghiệm chèo thuyền sông Chày Quảng_Bình Sangyong quốc_gia vẻ đẹp du_lịch Hàn_anh cảm_nhận đẹp thư giãn tinh_thần Việt_Nam đi thích_thú mới_lạ khác_biệt văn_hóa miền ấn_tượng Việt_Nam vẻ đẹp thiên_nhiên Phương Sangyong trải nghiệm chèo thuyền sông Chày Quảng_Bình Sangyong quốc_gia vẻ đẹp du_lịch Hàn_anh cảm_nhận đẹp thư giãn tinh_thần Việt_Nam đi thích_thú mới_lạ khác_biệt văn_hóa miền ấn_tượng Việt_Nam vẻ đẹp thiên_nhiên Cặp đôi khám_phá Sa_Pa Thảo_Phương giúp_đỡ nhiệt_tình trải nghiệm xấu_xí đường du_lịch ngã lái xe_máy chuyến Hà_Nội Ninh_Bình trời mưa đường đê sỏi đi Người_yêu cầm lái bị_thương đứng dậy chạy buồn vui Sangyong hơi buồn nước_ngoài đôi kì_thị đòi tiền Cặp đôi khám_phá Sa_Pa Thảo_Phương giúp_đỡ nhiệt_tình trải nghiệm xấu_xí đường du_lịch ngã lái xe_máy chuyến Hà_Nội Ninh_Bình trời mưa đường đê sỏi đi Người_yêu cầm lái bị_thương đứng dậy chạy buồn vui Sangyong hơi buồn nước_ngoài đôi kì_thị đòi tiền Hà_Giang cặp đôi say_mê cảnh núi_rừng đường đèo con_người không_khí tham_quan_họ ghé thăm sông Nho_Quế đèo Mã Pí_Lèng Dinh Vua Mèo ... Hà_Giang cặp đôi say_mê cảnh núi_rừng đường đèo con_người không_khí tham_quan_họ ghé thăm sông Nho_Quế đèo Mã Pí_Lèng Dinh Vua Mèo ... khen Phương chụp ảnh chủ_yếu lưu khoảnh_khắc đẹp xấu vui ảnh ý_nghĩa thể_hiện_tình_yêu hạnh_phúc hai bản_thân_thích đi_lại đi ôn kỷ_niệm Phương khen Phương chụp ảnh chủ_yếu lưu khoảnh_khắc đẹp xấu vui ảnh ý_nghĩa thể_hiện_tình_yêu hạnh_phúc hai bản_thân_thích đi_lại đi ôn kỷ_niệm Phương"
"00092.txt","suc-khoe","7","Joe_Wicks huấn_luyện_viên thể_hình nổi_tiếng hoàn_thành phút ngâm thư_thái bồn kim_loại chứa đá lạnh kỷ_lục Wicks ghi chinh_phục thử_thách vận_động_viên Wim_Hof Hof mệnh_danh Băng nổi_tiếng thể_thao tiết trời lạnh_giá kỷ_lục chạy marathon chân trần tuyết Bear_Grylls thám_hiểm nổi_tiếng chương_trình ManWild ngâm máng nước_lạnh mô_tả trải nghiệm giúp cải_thiện hệ_thống miễn_dịch Nước_lạnh lợi sức_khỏe tắm sốc nhiệt cước sách Phương_pháp Wim Hof Khai tiềm_năng giới_hạn Hof trở_nên khỏe hạnh_phúc lạnh thở tư_duy kiểm_soát sức_mạnh tâm_trí thách_thức cuộc_sống Tắm nước_đá phát_triển trí_lực sức_bền hiệu_quả tham_gia thử_thách ý_chí mạnh_mẽ chống_chọi lạnh cạnh giúp cơ_thể sản_sinh chất cải_thiện tâm_trạng điều_chỉnh hormone căng_thẳng cortisol tắm áp_lực trở_nên kiên_cường tác_động phương_pháp hệ thần_kinh góp_phần cải_thiện giấc_ngủ lưu_thông máu thúc_đẩy phục_hồi chống viêm tập_thể_dục Ngâm nước_lạnh khởi_động sinh nhiệt tế_bào mỡ nâu chuyển_hóa năng_lượng thành nhiệt giúp cân cạnh thám_hiểm Grylls phương_pháp lợi hệ miễn_dịch Nước_lạnh kích_hoạt phản_ứng thích_ứng hệ miễn_dịch gọi oxy kiểm_soát adrenaline hormone giúp xoa_dịu cảm_giác đau nhịp tim tuần_hoàn máu tỉnh_táo cơ_thể đẩy giới_hạn an_toàn nâng sức đề_kháng bệnh cảm_cúm bồn nước_lạnh cơ_thể trở_nên tê_liệt thử_thách cạnh đề_phòng tê cóng hạ thân_nhiệt hai hiện_tượng xảy nhiệt_độ bồn_tắm ngâm phút cơ_thể hạ_nhiệt Mấu_chốt làm_quen nhiệt_độ sốc nhiệt Vận_động_viên sức_bền Ross Edgley gợi_ý xả nước_lạnh cơ_thể giây dần phút ngâm nước_lạnh đá bồn tôi_luyện khả_năng chịu_đựng bơi_lội hồ băng Scotland đấy nhiệt_độ lý_tưởng lập_tức đá bồn đợi phút đá tỷ_lệ Chuyên_gia vận_động khoa_học thể_thao Matt McClintock thử tắm nhiệt_độ C. lưu_ý giây Nghiên_cứu phương_pháp hiệu_quả vòng phút đầu tác_dụng dần đá tan chảy ngâm hít chậm sâu cung_cấp oxy cơ_thể hít giây nhịn thở giây thở giây tắm nước_đá phương_pháp luyện_tập giúp cảm sảng_khoái tràn_đầy sức_sống Mai_Dung Telegraph"
"00090.txt","the-thao","8","Hành_động bú phút nghỉ giải_lao Antonella Gonzalez xảy hôm đội Tomas de Rocamora Velez_Sarsfield vòng sáu giải bóng_rổ VĐQG Argentina Liên_đoàn Bóng_rổ Argentina tổ_chức công_khai hình_ảnh Gonzalez bú mạng xã_hội Hình_ảnh đam_mê nữ cầu_thủ mẹ bóng_rổ Antonella Gonzalez con_gái Madi bú phút nghỉ trận trang_chủ Liên_đoàn bóng_rổ Argentina chú_thích ảnh CLB Tomas de Rocamora hai ảnh chụp khoảnh_khắc Gonzalez bú kèm bình_luận Hy_vọng mẹ cảm Gonzalez ghi tám hai rebound kiến_tạo giúp đội giành chiến_thắng tranh_thủ trận_đấu nữ cầu_thủ hai trao_đổi chiến_thuật HLV một_chút bé xảy tự_nhiên Gonzalez đồng_đội hành_động kỳ_lạ bú trận_đấu diễn ngạc_nhiên phản_ứng tích_cực cộng_đồng Gonzalez đài phát_thanh LT9 hôm vui hạnh_phúc tích_cực hành_động mẹ sinh hoạt_động thể_thao làm_tròn trách_nhiệm theo_đuổi đam_mê Vy AS"
"00245.txt","kinh-doanh","5","Giá vàng thế_giới giao biến_động xoay quanh ngưỡng 1.810 USD ounce tương_đương 50,5 triệu đồng quy_đổi tỷ_giá ngân_hàng thuế phí giá giá vàng thế_giới 6,1 triệu đồng Tập_đoàn Vàng_bạc đá_quý DOJI nguyên giá mua nhẹ 50.000 đồng chiều chiều xoay quanh 56,1 56,65 triệu đồng Chênh_lệch mua_bán 550.000 đồng giá mua_bán vàng miếng Công_ty Vàng_bạc đá_quý SJC 56,05 56,55 triệu đồng nhẹ 50.000 đồng hai chiều hôm_qua thị_trường ngoại_tệ tỷ_giá trung_tâm đồng hôm_qua đồng Tỷ_giá ngân_hàng_không đổi giá mua_bán USD Vietcombank nguyên 22.910 23.120 đồng thị_trường tự_do giá USD mua_bán nhẹ đồng hôm_qua 22.770 23.820 đồng phiên điều_trần Quốc_hội Mỹ Chủ_tịch Cục Dự_trữ liên_bang Fed Jerome Powell lạm_phát nhẹ triển_vọng kinh_tế Mỹ chính_sách tiền_tệ kinh_tế cần_thiết đầu_tư tin_tưởng Mỹ theo_đuổi chính_sách tiền_tệ nới lỏng nền_tảng vững_chắc ủng_hộ giá vàng Quỳnh_Trang"
"00016.txt","thoi-su","9","Thủ_tướng Nguyễn_Xuân_Phúc Chủ_tịch Quốc_hội Nguyễn_Thị Kim_Ngân Thường_trực Ban bí_thư Võ Văn Thưởng nguyên Thủ_tướng Nguyễn_Tấn_Dũng ... lãnh_đạo Đảng Nhà_nước dự lễ truy_điệu 9h Phó_thủ_tướng Phạm Bình_Minh Trưởng ban Lễ_tang đọc điếu đoạn trái_tim giàu nhiệt_huyết cách_mạng ngừng đập Đảng Nhà_nước nhân_dân ta đi hoạt_động chính_trị xã_hội đóng_góp sự_nghiệp xây_dựng bảo_vệ Tổ_quốc Gia_đình đi chồng mẫu_mực Đồng_nghiệp bạn_bè làng_xóm đi đồng_chí thân_thương quý_trọng sống trọn nghĩa vẹn tình điếu_văn nguyên Phó_thủ_tướng Trương Vĩnh_Trọng gọi Hai Nghĩa sinh gia_đình quê_hương giàu truyền_thống yêu hoạt_động cách_mạng cống_hiến trọn cuộc_đời sự_nghiệp cách_mạng Đảng dân_tộc cuộc_sống hàng gần_gũi giản_dị chân_tình đồng_đội đồng_chí đồng_nghiệp chồng mẫu_mực đức_độ giàu nhân_ái bao_dung Thay_mặt gia_đình Trương_Vĩnh_Tùng con_trai nguyên Phó_thủ_tướng Trương Vĩnh_Trọng gửi chân_thành lãnh_đạo đội_ngũ bác_sĩ dân tình_cảm Chúng_con yêu_thương quý_trọng tự_hào cán_bộ cách_mạng suốt đời tận trung Đảng tận hiếu dân sẵn_sàng gian_khổ Đảng sống trọn tình trọn nghĩa đồng_chí đồng_đội đồng_bào cưu_mang đùm_bọc hoạn_nạn hiếu_thảo thảo sống chân_thành chân_tình thủy yêu_thương hết_mực con_cái gia_đình dòng tộc yên_tâm yên_nghỉ giấc_ngủ nghìn_thu Tùng hứa em_gái khắc_ghi căn_dặn tâm_nguyện yêu_thương đùm_bọc lẫn Hết_sức phấn_đấu quyết_tâm vững chí vươn đôi khối óc tùng trúc tự_lực cánh sinh mong_ước sinh_thời 10h đoàn xe đưa_tang di_chuyển km nghĩa_trang liệt_sĩ Bến_Tre Hàng trăm dân cán_bộ học_sinh đứng hai đường chào tiễn biệt nguyên Phó_thủ_tướng Trương Vĩnh_Trọng nghĩa_trang nghi_thức tưởng_nhớ 11h đại_diện lãnh_đạo Đảng nhà_nước Trung_ương địa_phương phút mặc_niệm nguyên Phó_thủ thướng Đoàn truy_điệu nghi_thức rải hoa đi vòng huyệt_mộ thắp hương tiễn biệt Hai Nghĩa cảnh_sát chốt chặn đường trung_tâm TP Bến_Tre phân_luồng hướng_dẫn dân đi hướng hội_trường lực_lượng y_tế phát khẩu_trang phun thuốc khử khuẩn phòng_dịch_bệnh hội_trường tuân_thủ quy_định phòng_dịch số_lượng dự lễ giới_hạn Ban tổ_chức bố_trí hai màn_hình hai hội_trường dân tiện theo_dõi hội_trường lễ truy_điệu diễn viếng linh_cữu nguyên Phó_thủ_tướng tràng hoa tươi tổ_chức xe nghĩa_trang liệt_sĩ Nguyên_Phó_thủ_tướng Trương Vĩnh_Trọng qua_đời 3h25 hưởng_thọ hoạt_động cách_mạng kết_nạp Đảng Nhân_dân Cách_mạng miền Nam Việt_Nam phân_công Bí_thư Huyện_ủy Giồng_Trôm bầu Chính_trị Ban bí_thư Đại_hội Đảng toàn_quốc Trưởng ban Bảo_vệ chính_trị nội_bộ Trung_ương Bí_thư Tỉnh_ủy Đồng_Tháp Trưởng ban Nội_chính Trung_ương Quốc_hội phê_chuẩn Phó_thủ_tướng nghỉ hưu Hoàng_Nam Quỳnh_Trần"
"00029.txt","suc-khoe","7","báo_cáo công_bố vụ tấn_công vụ Covid Ví_dụ Mexico y_tá hành_hung cáo_buộc lây_truyền virus Dakar Senegal dân ném đá nhân_viên y_tế thi_thể bệnh_nhân Covid chôn Birmingham nhân_viên y_tế hàng_xóm nhổ lăng_mạ thủ_phạm vụ tấn_công dân_thường bạo_lực cơ_quan công_quyền Cập nhân_viên y_tế chỉ_trích chính_quyền đại_dịch lực_lượng an_ninh bắt_giữ buộc_tội lan_truyền_thông_tin sai_lệch coi khủng_bố Insecurity_Insight công_ty phát_triển bản_đồ SHCC ghi_nhận vụ tấn_công xảy chiến_tranh nạn_nhân xung_đột dân_sự chẳng_hạn vụ đánh bom bệnh_viện Yemen bắt_cóc bác_sĩ Nigeria Christina_Wille giám_đốc Insecurity_Insight Dữ_liệu hành_vi bạo_lực đe_dọa nhân_viên y_tế khủng_hoảng toàn_cầu ảnh_hưởng quốc_gia Leonard_Rubenstein chủ_tịch sáng_lập SHCC kiêm giáo_sư Đại_học Johns_Hopkins Mỹ kêu_gọi chính_phủ bảo_vệ nhân_viên y_tế chống thông_tin sai_lệch Mai_Dung AFP"
"00023.txt","kinh-doanh","5","Chốt phiên tuần chỉ_số công_nghiệp Dow_Jones 469,6 1,5 30.932 đầu phiên 0,5 3.811 đà cổ_phiếu năng_lượng tài_chính Ngược_lại Nasdaq Composite chốt phiên 0,6 13.192 phục_hồi đại_gia công_nghệ đà bán_tháo phiên Facebook Microsoft Amazon Chỉ_số công_nghệ dao_động phiên tuần 1,9 0,7 ba_chỉ_số Phố Wall ghi_nhận tuần nỗi lo đầu_tư lãi_suất lạm_phát tuần 2,5 tuần hai liên_tiếp Dow Jones 1,8 Nasdaq tuần kém tích_cực 4,9 dòng tiền hướng hưởng lợi kinh_tế mở_cửa Tuần cổ_phiếu năng_lượng 4,3 nâng tổng_đà năng_lượng ngành hưởng lợi kỳ_vọng tiêu_dùng toàn thế_giới đi_lại bình_thường xảy đại_dịch Covid cổ_phiếu tài_chính kỳ_vọng hưởng lợi lãi_suất Lợi_suất trái_phiếu kho_bạc Mỹ cơ_bản 1,42 1,6 Lợi_suất trái_phiếu kho_bạc Mỹ số_liệu lạm_phát công_bố phục_hồi đà thị_trường chứng_khoán lợi_suất trái_phiếu kho_bạc chững đầu_tư bỏ_qua nỗi sợ lãi_suất chấm_dứt đà phục_hồi chứng_khoán lợi_suất vọt đầu_tư chứng_khoán sợ_hãi chỉ_số Nasdaq Composite trải phiên giao_dịch tồi_tệ đầu lợi_suất trái_phiếu kho_bạc cơ_bản Bất_chấp kết_quả kém tích_cực tuần ba_chỉ_số Phố Wall khép nhẹ Dow Jones lần_lượt 2,6 3,2 đánh_dấu Chỉ_số công_nghệ Nasdaq 0,9 chuyên_gia thị_trường trái_phiếu phản_ứng thông_tin kinh_tế tích_cực vaccine phân_phối dự_báo GDP cải_thiện vốn yếu_tố lợi lợi_nhuận doanh_nghiệp động_thái tín_hiệu lạm_phát thị_trường Fed quyền kiểm_soát thị_trường trái_phiếu trạng_thái tiêu_cực diễn Art_Cashin giám_đốc hoạt_động sàn UBS nhận_xét Minh_Sơn CNBC"
"00077.txt","the-thao","8","VnExpress tròn Ban tổ_chức tung chương_trình ưu_đãi mua Bib giải chạy hệ_thống VnExpress Marathon Quy_Nhơn Hạ_Long Hà_Nội 0h 23h59 giải giá đồngLưu ưu_đãi áp_dụng vận_động_viên lẻ chạy đội mua vé ưu_đãi giải VM Hanoi_Midnight giai_đoạn Super Early_Bird Dự_kiến VM Hanoi_Midnight Quy_Nhơn số_lượng vận_động_viên thi_đấu năm_ngoái Hàng nghìn sở_hữu thành_công Bib giai_đoạn siêu Giải VM Amazing_Halong đầu tổ_chức thu_hút 6.000 đăng_ký cạnh thương_hiệu Ban tổ_chức bổ_sung ưu_đãi quyền_lợi sức hấp_dẫn VnExpress Marathon VM Hanoi_Midnight hạng_mục giải Đồng_đội in thành_tích Sub áo_khoác gió Finisher Tương_tự VM Quy_Nhơn in thành_tích áo Finisher ngắn đích hợp_lệ VM Amazing_Halong vận_động_viên đăng_ký km giai_đoạn Super Early_Bird áo Finisher in Bib đăng_ký in logo VnExpress Marathon Quy_Nhơn diễn mùa cao_điểm du_lịch Quy_Nhơn Phú_Yên vận_động_viên kết_hợp dự giải chạy du_lịch gia_đình người_thân Hàng chục nghìn thành_phố biển miền Trung tổ_chức giải VnExpress Hanoi_Midnight khởi_tranh nửa_đêm lạnh đầu đông_đặc_trưng Thủ_đô địa_danh lịch_sử đường nổi_tiếng hiện chạy vận_động_viên VnExpress Marathon Amazing Halong khởi_tranh thành_phố du_lịch Hạ_Long Quảng_Ninh đầu tổ_chức thành_phố biển giải hứa_hẹn trải nghiệm vận_động_viên Đường chạy biển vốn địa_điểm yêu khu_vực miền Bắc Thành_Dương"
"00097.txt","the-thao","8","Alisson trở quê dự đám_tang quy_định nghiêm_ngặt di_chuyển đại_dịch Brazil thủ_môn Liverpool xứ sương_mù Alisson dự_kiến trở Brazil tuần hoàn_tất thủ_tục giai_đoạn lịch_đấu Liverpool dễ_thở Brazil tạm vợ bầu tuần cách_ly khách_sạn trở_lại Hôm Alisson cha_anh tử_nạn đuối Thi_thể Jose Agostinho Becker đập Lavras Sul miền Nam_Brazil trang_trại nạn_nhân chức_trách bố Alisson Becker thông_báo mất_tích đi bơi hồ hôm Tối nhân_viên trông trang_trại gia_đình phát_hiện thi_thể đàn_ông cảnh_sát chết Jose tai_nạn nhắn chia buồn tri ân kính_yêu Alisson Becker viết Twitter hôm Gia_đình cảm_nhận tình_yêu Chúa phù_hộ CLB Liverpool thông_báo Liverpool vô_cùng đau_buồn chết bi_thảm Alisson_Becker Jose thành_viên CLB hướng Alisson gia_đình mong truyền_thông tôn_trọng riêng_tư Alisson gia_đình Alisson cô_đơn cạnh Liverpool loạt CLB cũ Alisson anh_trai Muriel bắt Fluminense gửi thông_điệp chia buồn CLB Paulo đăng trang_chủ Tai_nạn Jose tiếc chia buồn Alisson Muriel thủ_môn yêu_mến Hy_vọng sức_mạnh phỏng_vấn Alisson anh_trai gen thủ_môn Jose thủ_môn nghiệp_dư công_nhân thời thanh_niên truyền đam_mê trấn_giữ khung_thành hai con_trai Alisson sự_nghiệp thành_công châu Âu Muriel chỗ_đứng đội bóng Nam_Mỹ Vy Sun"
"00102.txt","kinh-doanh","5","Khảo_sát VnExpress đầu quý giá thuê phố mặt_tiền tuyến đường TP HCM giảm_tốc tác_động đợt dịch mặt_phố chào_giá thuê hồi trống xu_hướng điều_chỉnh giá Lương môi_giới phố mặt_tiền địa_bàn giá thuê phố thoát giai_đoạn khủng_hoảng kéo_dài nặng_nề tác_động đợt dịch lo_ngại dịch_bệnh ảnh_hưởng kinh_doanh phố mặt_tiền trầm_trọng Lương giải_thích Khu trung_tâm thị_trường phố mặt_tiền thuê nằm trục đường sầm_uất đại_dịch Đồng_Khởi Lê_Thánh_Tôn Hồ_Tùng Mậu Lý Tự_Trọng phường Bến_Nghé Bến_Thành ảm_đạm phố mệnh_danh đất vàng thuê xếp_hàng chờ lượt đàm_phán thuê di_chuyển phố đi Nguyễn_Huệ đầu trống bán_buôn ế_ẩm thuê tài_chính_yếu sức trụ phố mặt_tiền khu lõi trung_tâm Trung_bình phố trống khu trung_tâm chủ thất_thu 2.500 5.000 USD tùy_kích_cỡ mặt_bằng vị_chi mất_trắng 30.000 60.000 USD tương_đương khoản hụt dòng tiền bạc_tỷ tâm_lý thuê rẻ kiếm đồng dẫn_dắt thị_trường giá thuê phố trở_nên rẻ mặc_cả thương_lượng hiện diễn âm_thầm chủ giá thuê đa_phần mặt_bằng trống trừ đắc_địa hai tiếp_cận V. I. P. đa_phần mặt_phố đàm_phán buộc hạ giá thuê tình_huống giằng_co quyết_liệt thuê ép_giá kéo thuê giá rẻ Lương tiết_lộ nửa mặt_bằng thoát cảnh trống chấp_nhận hạ giá Tình_cảnh diễn phố mặt_tiền khu_vực giá thuê mềm đôi_chút chuyên môi_giới thuê phố Phú_Nhuận đông dân nhập_cư phố mặt tiền_đường Lê_Văn_Sỹ Phú_Nhuận giảm_giá thuê nguyên USD m2 hợp_đồng dài_hạn giá chào thuê USD. trường_hợp thuê sỉ thuê nguyên săn phố giảm_giá nửa thời_hạn hợp_đồng chục Thị_trường phố mặt_tiền thuê đông dân nhập_cư Gò_Vấp Bình_Tân Tân_Phú rớt_giá đầu giao_dịch thuê mặt_bằng trống dịch_bệnh bùng_phát phân khúc phố dự_án giá thuê tác_động Covid Anh_Minh chuyên môi_giới phố TP Thủ_Đức tiết_lộ giá thuê phố nguyên đầy_đủ nội_thất dự_án khép_kín địa_bàn phường Phú_Hữu VnExpress Nguyễn_Hồng_Hải Chủ_tịch VNO Group chuyên thuê bất_động_sản thuê xác_nhận đợt dịch Covid bùng_phát giá thuê phố mặt_tiền TP HCM xu_hướng sâu hai đợt dịch giá thuê điều_chỉnh Giá thuê phố mặt_tiền giai_đoạn rẻ Hải Hải giải_thích giá thuê cung phố thuê đại_dịch ảnh_hưởng tình_hình kinh_doanh mặt_bằng phố cung bối_cảnh cầu e_ngại dịch_bệnh giá thuê phố thuê phố nguyên gọi thuê sỉ bao trọn_gói mặt_bằng đàm_phán giá_cả điều_khoản thời_hạn thuê thời_hạn giá cố_định thuê lẻ thuê tầng sàn phố đàm_phán giá thuê mềm thời_hạn ngắn Chủ_tịch VNO giá thuê mặt_phố phụ_thuộc biến_số Covid đại_dịch kiểm_soát niềm vaccine dần thị_trường phố thuê thách_thức hồi_phục dần tốc_độ chậm đợt dịch tái bùng_phát tâm_lý thuê phố mặt_tiền kinh_doanh giá thuê dứt mạch Hải hiện thuê phố mặt_tiền cửa_hàng kinh_doanh nhỏ_lẻ bán_buôn ngành ẩm_thực thời_trang dè_dặt lo_ngại rủi_ro phố thuê trống chiều ngược_lại thuê phố mặt_tiền văn_phòng tâm_lý phòng_thủ rục_rịch trở_lại hoạt_động_kinh_doanh rơi công_ty công_nghệ thương_mại điện_tử công_ty bảo_hiểm chi_nhánh ngân_hàng ... phố có_mặt sàn trung_bình giao_thông thuận_tiện thuê văn_phòng lợi_thế nghiêng thuê sỉ khả_năng bao thuê nguyên chấp_nhận rủi_ro biến_số dịch_bệnh thị_trường thuê lẻ tiềm_lực tài_chính_yếu thận_trọng vội cân_nhắc đàm_phán thuê mặt_bằng tương_lai Trung_Tín"
"00026.txt","giai-tri","2","trang Missosology đăng dự_đoán thi Phạm_Ngọc_Phương_Anh Á_hậu Hoa_hậu Việt_Nam xếp hạt_giống hai Hồi Phương_Anh chú_ý tham_gia phỏng_vấn giao_lưu trực_tuyến Stephan_Diaz Giám_đốc truyền_thông Miss International phút trò_chuyện Á_hậu tự_tin trả_lời câu thể_hiện khả_năng giao_tiếp tiếng tiết_lộ học tiếng Nhật thi đẹp sống TP HCM thủ_khoa đầu_vào khối song ngữ THPT chuyên Lê_Hồng_Phong TP HCM. trình_độ học_vấn đoạt giải_thưởng học_sinh giỏi thành thao hai ngoại_ngữ kết_quả IELTS 8.0 tiếng DALF C1 tiếng Pháp tương_đương IELTS 8.0 đẹp hình_thể 1,77 số_đo vòng lần_lượt cm thi hoa_hậu Phương_Anh đăng_quang Hoa_khôi Áo_dài Nữ_sinh Việt_Nam Missosology xếp Hoa_hậu Panama Valeria Estefanía_Franceschi kinh_nghiệm thi nhan_sắc đoạt danh_hiệu quê đẹp gia_đình đào_tạo rèn_luyện thi hoa_hậu Mẹ_Franceschi đăng_quang Miss Costa Rica Universe Franceschi danh_hiệu Miss Hispanidad Panamá thí_sinh xếp top hạt_giống Kenya CH Czech Mexico đẹp New_Zealand Venezuela Costa_Rica Bolivia Mỹ top Hoa_hậu Quốc_tế thi tổ_chức Chung_kết dự_kiến diễn Nhật_Bản năm_ngoái lùi dịch thi tổ_chức đầu thương_hiệu hoa_hậu uy_tín thế_giới cạnh Miss Universe Miss World Missosology chuyên_trang sắc_đẹp thành_lập chuyên nghiên_cứu phân_tích thi nhan_sắc toàn_cầu hoạt_động Missosology mạng_lưới chuyên_gia uy_tín chuyên mổ_xẻ bí_quyết thành_công thí_sinh thi nhan_sắc thu_hút hàng triệu đọc Phương_Mai Missosology"
"00067.txt","giao-duc","3","Nobel Văn_học sáu giải_thưởng giải Nobel trao Sully_Prudhomme Pháp Lễ trao giải hàng Stockholm Thuỵ_Điển Nobel sáng_lập giải trang Nobel_Prize trao giải Nobel Văn_học bốn giải trao hai tám trao giải nhà_văn trao giải_thưởng Nobel Văn_học Câu giành giải Nobel Văn_học Phápb Hà_Lanc Đức"
"00019.txt","khoa-hoc","4","Hôm tàu ExoMars nhiệm_vụ hợp_tác Cơ_quan Vũ_trụ châu Âu ESA Cơ_quan Vũ_trụ Nga Roscosmos chụp ảnh Hỏa chấm nhỏ_xíu robot Perseverance đất ESA công_bố ảnh hôm robot tự_hành ảnh siêu_thanh vỏ chắn nhiệt tầng hạ_cánh phản_lực nằm rải_rác bộ_phận giúp Perseverance tiếp đất an_toàn hôm ExoMars tham_gia_truyền dữ_liệu Trái_Đất Perseverance đáp miệng hố Jezero Tàu vũ_trụ bay quanh quỹ_đạo ESA Roscosmos Hỏa Perseverance Thiết_bị khoa_học tàu mẫu phân_tích_phân_tử khí_quyển Hỏa giới nghiên_cứu khí tồn_tại tỷ_lệ methane tín_hiệu hoạt_động sinh_học địa_chất hành_tinh xa_xôi ExoMars trang_bị camera Hệ_thống chụp ảnh màu lập_thể bề_mặt Hỏa CaSSIS chụp ảnh Perseverance độ km Lớp vỏ chấm trắng góc trái ảnh kích_hoạt_động_cơ phản_lực đầu hạ_cánh Perseverance bay lộ_trình cạnh lớp vỏ chấm trắng siêu_thanh robot bung robot tự_hành giảm_tốc_độ 1.600 km chắn nhiệt tách rơi mặt_đất biểu_thị vệt tối màu góc ảnh Perseverance vứt khởi_động động_cơ tầng hạ_cánh chạm đất cắt đứt dây_cáp nối tầng hạ_cánh bay đi ảnh chụp tầng hạ_cánh đốm màu sẫm robot tự_hành siêu_thanh truyền dữ_liệu nhiệm_vụ NASA tàu ExoMars robot tự_hành Rosalind_Franklin châu Âu trạm đổ_bộ Kazachok Nga Hỏa An_Khang Live Science"
"00096.txt","the-thao","8","bảo tưởng_nhớ Tiger tai_nạn nghiêm_trọng chết Tiger may sống ca_ngợi công_trạng vô_giá PGA Tour golf McIlroy đáp phóng_viên gợi_ý_tưởng_nhớ Woods McIlroy dịp trưa Woods golfer Mỹ tư phẫu_thuật đốt_sống golfer Bắc Ireland thân_cận nỗi khổ_sở Woods hành_trình bình_phục vụ tai_nạn nghiêm_trọng Woods đa chấn_thương hôm ý_kiến golfer cựu thế_giới trở_lại màn tái_xuất ấn_tượng thắng major Masters McIlroy tinThể thao thế_giới Woods thắng major Masters trở_lại vĩ_đại McIlroy kì_diệu xảy McIlroy mong Woods trở_lại đời_sống thường_nhật phủ_nhận minh chứng Ben Hogan hồi xưa thi_đấu golf đỉnh_cao trở_lại xa_vời Tiger siêu_nhân McIlroy Hogan sinh bị_thương vụ đâm xe thắng sáu major tái_đấu Bryson DeChambeau ngược_lại hiểu_biết Tiger bình_phục phấn_đấu hết_sức trở_lại con_người kỳ_diệu phi_thường Ben_Hogan Tiger vô_địch major US Open Dustin Johnson đánh tập sân Concession Woods nạn Đương_kim thế_giới bàn cuộc_sống sự_nghiệp Woods Johnson nhấn_mạnh Woods khả_năng cầm gậy tầm ảnh_hưởng sâu_rộng Tiger danh_tiếng PGA Tour ngày_nay Tiger thi_đấu golf Tiger cận_kề Golfer hai thế_giới Jon Rahm mong đơn_giản Woods Hy_vọng Tiger lành_lặn sân_đấu thực_tình hy_vọng Tiger trở_lại đời_sống thường_nhật cống_hiến golf sân Tiger_Woods Woods mổ cấp_cứu thoát chết vụ đâm xe Los Angeles hôm bác_sĩ nẹp xương ống_chân cố_định cổ_chân bàn_chân đinh_vít Tiến_sĩ y_khoa Mỹ nhận_định Woods tái_đấu golf đỉnh_cao chân lành_lặn xưa tuổi_tác ảnh_hưởng sức_khoẻ phẫu_thuật sự_nghiệp Hôm_qua The_Sun cập_nhật tình_hình sức_khoẻ Woods chi_tiết thương_tích kết_thúc sự_nghiệp thành_quả quá_khứ niềm quyết trở_lại đấu golf khả_năng Tin_Woods nạn WGC Workday_Championship trầm_lắng hẳn đấu_thủ mong Woods chóng khoẻ Golf Channel nhận_định không_khí họp_báo giải hôm tang_lễ Golfer Justin_Thomas thân_tình gia_đình Woods rướm nước_mắt lo chủ_nhân major kỷ_lục gia vô_địch PGA Tour Quốc_Huy tổng_hợp"
"00085.txt","the-thao","8","USGA quản_lý phát_triển golf thế_giới dự_thảo cách_tân_golf nghiệp_dư đề_xuất chú_ý golfer nghiệp_dư hạn_chế tài_trợ quyền_lợi hoạt_động khai_thác danh_tiếng Tiền_mặt hình_thức thưởng giải_đấu thành khoản thưởng thay_vì tách golf ảo quy_định hiện_hành vô_hiệu thi lề giải_đấu hole in one phát phát hố tài gạt bóng Dự_thảo quy_định golfer nghiệp_dư thưởng tiền_mặt USD thù_lao hướng_dẫn kĩ_thuật chức_danh HLV sân câu lạc_bộ hội_viên tổ_chức nghề_nghiệp chuyên_ngành golfer nghiệp_dư phép dạy một_chiều hình_thức số_hoá văn_bản bồi_dưỡng chuyên_môn phê_duyệt tổ_chức quản_lý golf quốc_gia chờ vị_thế nghiệp_dư sáu USGA chờ tiếp_nhận ý_kiến phản_hồi hai tổ_chức công_bố quy_định hoàn_chỉnh áp_dụng Mỹ châu Âu đa_số tài_năng trẻ chuyên_nghiệp dự hệ_thống giải quy_mô thưởng tiền_mặt cọ_xát trang_trải chi_phí tiến_thân phạm_quy_chế nghiệp_dư USGA bất_cập xúc_tiến cải_tổ Tiến_trình duy_trì ranh_giới đẳng_cấp chuyên_nghiệp áp_dụng bắt kịp xu_hướng phát_triển hình_thức tài_trợ thiết_thực tài_năng trẻ hợp_lệ hàng_rào cũ học_bổng golf tài_chính luyện_tập đánh giải thu_nhập quảng_bá thương_hiệu trường_hợp nữ golfer Mỹ Lucy_Li sinh Đấu_thủ giải nghiệp_dư thành_tích USGA. Li đội_tuyển quốc_gia tranh Curtis_Cup đội Liên_hiệp Ireland Đầu Li_còn nghiệp_dư quảng_cáo Apple_Watch kết_luận golfer phạm_luật USGA cảnh_cáo Li Quốc_Huy tổng_hợp"
"00079.txt","suc-khoe","7","Giáo_sư Trần_Hữu_Dàng Chủ_tịch Hội Nội_tiết Đái_tháo_đường Việt_Nam thông_tin lễ khởi_động Dự_án Happy Việt_Nam tỷ_lệ trẻ còi Việt_Nam giáo_sư Dàng hiện khu_vực thành_phố nông_thôn vùng_sâu vùng_xa miền núi Tỷ_lệ trẻ còi miền núi bắc 27,1 Tây_Nguyên 29,8 Báo_cáo Tổ_chức UNICEF Việt_Nam hiếu hụt sức_khỏe dinh_dưỡng 1,9 triệu trẻ_em còi_cọc tổn_thương não thể_chất vĩnh_viễn Trẻ suy dinh_dưỡng mắc bệnh nhiễm_trùng đường hô_hấp đường ruột cơ_quan trẻ giảm_phát_triển hệ xương ảnh_hưởng chiều tầm_vóc Tỷ_lệ còi quốc_gia khu_vực bất_lợi Việt_Nam giáo_sư Dàng Trẻ học_tập ảnh_hưởng khả_năng lao_động trưởng_thành thu_nhập năng_suất tăng_trưởng đất_nước cản_trở Giáo_sư Dàng phân_tích nguyên_nhân trẻ kém biếng chế_độ ăn_uống hợp_lý mẹ thai ăn_uống kém chất cần_thiết trẻ suy dinh_dưỡng Trẻ mắc bệnh_lý bẩm_sinh hormone tăng_trưởng ... Chiều trẻ di_truyền yếu_tố dinh_dưỡng rèn_luyện môi_trường giáo_sư Dàng Tại_gia_đình phụ_huynh kiến_thức thực_hành_dinh_dưỡng Đội_ngũ cán_bộ công_tác dinh_dưỡng cộng_đồng trường_học bệnh_viện số_lượng chất_lượng Hiện Việt_Nam rau thừa muối thừa bia rượu ... tăng_trưởng chiều trẻ chia thành giai_đoạn Dinh_dưỡng 1.000 đầu đời đóng vai_trò bốn trở_đi phụ_huynh chú_ý tốc_độ tăng_trưởng chiều chiều trẻ chậm cm nằm đường_cong độ biểu_đồ theo_dõi chiều bé thăm khám nguyên_nhân"
"00035.txt","giai-tri","2","Minari đạo_diễn Lee_Isaac thắng hạng_mục Phim tiếng nước_ngoài xuất_sắc Đạo_diễn Minari loài thực_vật sức_sống mãnh_liệt đâm chồi mảnh đất khô_cằn sức_sống rau đại_diện kiên_cường nhập_cư Mỹ Dịp diễn_viên nổi_tiếng Youn Yuh Jun trò_chuyện VnExpress tham_gia tác_phẩm đóng phim khỏe tập thể_thao ăn_uống điều_độ Minari vui đóng cảnh nhân_vật Soon Ja phụ vợ_chồng Yi trồng rau chăm_sóc con_cái Thời trẻ mời vai sang_trọng nhà_nông ngoại hạnh_phúc trường_quay chủ_yếu diễn bé Alan phân cảnh bé đi chạy nhảy cảnh nhà_kho gia_đình Yi hỏa_hoạn đạo_diễn Isaac quên hô cắt diễn mãi kiềm lửa cháy lan dập lan sợ_hãi đạo_diễn hô cắt mải lo diễn Isaac bàn êkíp ý_tưởng dựng_phim đành cười_trừ cảm_hứng đóng vai nhập_cư Hàn Mỹ chồng cũ Mỹ thập_niên St Petersburg Florida sinh hai Hàn_Quốc gia_đình Yi phim Mỹ kiếm việc_làm giao_tiếp bản_xứ tiếng lưu_loát Mỹ chữ bẻ đôi đóng phim cố qua_đời sống chi_li khoản sinh_hoạt gia_đình bé David Alan_Kim đóng Soon Ja đầu phim_vậy hy_sinh ngốc_nghếch cố tròn vai trải chứng đột_quỵ tuần học_hỏi kinh_nghiệm tập diễn hướng_dẫn quen bác_sĩ Minari phim độc_lập kinh_phí chi_trả nghiên_cứu Minari Giấc mơ Mỹ Hàn Cơ_duyên Minari dự Liên_hoan_phim quốc_tế Busan quen giới_thiệu đạo_diễn Isaac gương_mặt triển_vọng Isaac viết kịch_bản_phim Hàn_nhập_cư Mỹ mời vai nhân_vật sản_xuất kịch_bản Isaac viết đọc dịch hơi toàn_bộ tiếng Đọc trang kịch_bản trải đồng_ý tham_gia Cảm_xúc làm_việc diễn_viên trẻ Steven phim_trường Tulsa Mỹ hút thuốc trò_chuyện Steven gọi seon saeng nim tiền_bối hâm_mộ phim đóng Ban_đầu Steven vẻ lo_lắng vai diễn diễn_viên tự_tin diễn_viên tận_tâm tiên_tri Steven màn diễn_xuất tuyệt_vời hóa thân nhân_vật lầm Bé Noel lối diễn tự_tin thu_hút bé bé Alan bảy đầu đóng phim ngạc_nhiên Cháu thoại hôm diễn_viên trưởng_thành thể thoại Isaac chỉ_đạo_diễn_xuất bé Alan cảnh suôn_sẻ Diễn Yeri kỷ_niệm quên cảnh trông đời bé ngạc_nhiên ấn_tượng Han Ye Ri Cảm_xúc phim cảm_thông sâu_sắc cuộc_đời con_người tha_hương cầu thực tuổi_trẻ giấc mơ Mỹ khao_khát khán_giả góc thành_viên gia_đình Yi đời_thường riêng_biệt thông_điệp Minari nằm tình thân xã_hội thành_viên gia_đình Gia_đình tim thành_công thất_bại gia_đình nghịch_cảnh kiên_nhẫn minari trải sóng_gió vươn chồi đề_cử quốc_tế vai Soon_Ja vất_vả Isaac Tầm tài_năng ta vàng thử_lửa phim câu_chuyện chạm trái_tim khán giảTuy nhiên giải_thưởng Hàn_Quốc Cầu_Vàng Oscar xa_lạ theo_dõi giải TV. đề_cử liên_hoan_phim thế_giới vui xúc_động Hollywood nắm quy_trình tham_gia giải_thưởng thế_giới xa_lạ đề_cử giải SAG Screen Actors_Guide Nữ diễn_viên phụ xuất_sắc giải Thành_quả_thực_sự đóng phim tham_gia dự_án Trước_Minari tham_gia Beasts Clawing at Straws phim cảnh hành_động kịch_tính Thời trẻ đóng_khung vai nhân_tình xen tình_cảm Định_kiến khán_giả lắm trẻ Minari đóng vai đa_dạng sắc_thái Phúc_Nguyễn"
"00094.txt","giao-duc","3","Ứng_dụng học trực_tuyến HOCMAI phát_triển Hệ_thống Giáo_dục HOCMAI Công_ty Cổ_phần Đầu_tư Dịch_vụ Giáo_dục mong_muốn đem tiện_ích học_tập học_sinh tiểu_học THPT. ứng_dụng học_tập chủ_động hệ_thống giảng trực_tuyến miễn_phí phí Phòng học môn Nội_dung bao_gồm kiến_thức nền_tảng lớp lớp khóa ôn thi đại_học cạnh tính_năng phổ_biến ngân_hàng câu thảo_luận giảng HM livestream phân_tích học_tập ... ứng_dụng HOCMAI liên_tục cập_nhật tính_năng luyện_tập kiểm_tra thực kế_hoạch học_tập Nguyễn_Ngọc_Phương đại_diện phát_hành ứng_dụng ngừng nâng_cấp ứng_dụng học trực_tuyến HOCMAI tích_hợp tính_năng trải nghiệm thú_vị tiện_lợi thắc_mắc giảng bình_luận thầy giải_đáp xu_hướng di_động hóa đội_ngũ phát_triển ứng_dụng tính_năng kết_nối tương_tác học giáo_viên giúp học_sinh trải nghiệm học_tập chân_thực cảm_xúc hứng_thú học_tập màn_hình học giải_trí đóng_góp hoạt_động xã_hội thông_qua trò_chơi nhân_văn ứng_dụng trò_chơi Bánh_chưng khổng_lồ giúp quà tặng hấp_dẫn đóng_góp xu kiếm game bánh_chưng khổng_lồ bánh_chưng ảo Hệ_thống Giáo_dục HOCMAI quy_đổi thành bánh quà tặng trẻ_em hoàn_cảnh làng trẻ SOS Phú_Thọ Hải_Phòng hoạt_động ứng_dụng HOCMAI hữu_ích giúp cá_nhân_hóa trải nghiệm học cung_cấp giảng chi_tiết ... nền_tảng ứng_dụng ứng_dụng HOCMAI 4.5 App_Store 4.7 CH Play đại_diện HOCMAI ưu_điểm tương_thích thiết_bị phiên_bản hệ điều_hành iOS Android học đội_ngũ kỳ_vọng ứng_dụng thu_hút tương_lai Nhật_Lệ"
"00047.txt","khoa-hoc","4","Hành_động giới người_yêu bạn_bè cảm_giác thỏa_mãn hạnh_phúc nỗi_lòng đàn_ông độc_thân nghiên_cứu Đại_học Gifu phát_triển cánh_tay robot My_Girlfriend in Walk cung_cấp trải nghiệm nắm gái chân_thực My_Girlfriend in Walk bao_gồm bàn_tay robot hoàn_chỉnh máy_tính siêu cảm_biến_áp_suất hệ_thống chuyển_động máy ấm dạng màng sợi điều_khiển ứng_dụng đi kèm điện_thoại thông_minh Bàn_tay khung kim_loại bao_phủ vật_liệu gel mềm cảm_giác da tiếp_xúc vật_liệu gel lớp vải ẩm nắm chặt bàn_tay robot chất_lỏng thấm lỗ li_ti da nhân_tạo mồ_hôi Nước_hoa chất_lỏng mô_phỏng mùi hương nắm cảm_biến_áp_suất đo lực tác_động điều_khiển bàn_tay robot tự_động nắm lực tương_đương cạnh tái_tạo cảm_giác tụt đi ray cơ_giới cố_định cẳng_tay đeo đem trải nghiệm kéo thổi hồn robot nghiên_cứu cung_cấp ứng_dụng đi kèm điện_thoại thông_minh phát_hiện tốc_độ di_chuyển phát âm_thanh qua_loa điện_thoại tiếng chân tiếng thở tiếng quần_áo cọ da thịt My_Girlfriend in Walk thiết_bị thử_nghiệm phát_triển giúp bớt cảm_giác cô_đơn độc_thân cung_cấp bài_tập cần_thiết vận_động Đoàn_Dương Oddity_Central"
"00186.txt","giai-tri","2","Giám_tuyển Lê_Thiết Cương Hình_tượng trâu gắn liền văn_hóa dân_gian bao thế_hệ dân Việt_Nam thềm Tân_Sửu tôn_vinh bảo_tồn truyền_thống nguyện cầu hạnh_phúc bình an sáu tuyển_chọn tác_phẩm tác_giả nhóm_họa_sĩ G39 tám tác_phẩm trưng_bày triển lãmLê Thiết Cương ưu_tiên tác_phẩm sáng_tạo tạo_hình màu_sắc chất_liệu Tranh họa_sĩ Nguyễn_Quốc_Thắng bột màu vẽ chất_liệu giấy_báo cũ cảm_hứng sáng_tác quê Cự_Đà Thanh_Oai Hà_Nội mảng màu tương_phản_mạnh rực_rỡ vui_tươi Nguyễn_Hồng_Quang tác_phẩm trâu chất_liệu gốm truyền_thống làng_nghề Hương_Canh Vĩnh_Phúc Họa_sĩ Bùi_Thanh_Thủy_sử_dụng chất_liệu lụa thiết_kế Trịnh_Bích_Thủy_đưa_họa tiết trâu áo_bông chần sáng_tạo cắt may màu_sắc họa tiết áo đẹp hiện_đại Lê_Thiết Cương bốn tác_phẩm dự triển_lãm bốn chất_liệu bột màu vẽ vải màn kết_hợp giấy_dó gốm ghép thành tranh mosaic độc đĩa lọ gốm nung Bát_Tràng sáp_ong_vẽ vải lanh Mông Sapa chất_liệu nằm cảm_hứng nghệ_thuật theo_đuổi mong_muốn hội_họa nghệ_thuật chất_liệu truyền_thống bảo_tồn văn_hóa bền_vững Truyền_thống tồn_tại sống hiện_đại sự_kiện trưng_bày tranh trâu tĩnh_vật Bình_Nhi họa_sĩ dự triển_lãm Tác_phẩm bé ngộ_nghĩnh xúc_cảm tươi bù_đắp công_chúng lo_toan căng_thẳng Ban tổ_chức mong_muốn tham_quan văn_hóa truyền_thống con_giáp dịp Tết Tiễn_Tý đón Sửu diễn Trung_tâm Triển_lãm Văn_hóa Nghệ_thuật Việt_Nam Hoa_Lư Hà_Nội tác_phẩm trưng_bày Hàng_Bài giới chuyên_môn người_yêu hội_họa Hiểu_Nhân"
"00163.txt","the-thao","8","Bàn_thắng Rimario Quang_Hải Tiến_Linh Hà_Nội chuỗi trận bất_bại thầy trò Chu_Đình Nghiêm nếm mùi thất_bại Sáu đội đầu_bảng Sài_Gòn thất_bại đội bóng Thủ_đô thể_hiện phong_độ ấn_tượng thành_công Cup Quốc_gia sống dậy hy_vọng vô_địch League tụt nửa bảng nửa đầu giai_đoạn Bình_Dương đối_thủ ưa_thích Hà_Nội chạm_trán đội bóng Thủ_đô thắng sáu hòa vượt_trội thể_hiện phút đầu trận_đấu tối Đội chủ kiểm_soát bóng vượt_trội vòng phút đầu bốn pha bắn phá khung_thành Đức_Cường trấn_giữ Lần_lượt Rimario Đỗ Hùng_Dũng đội thót_tim Bình_Dương tâm_lý căng cứng trận thua giai_đoạn đầu ép xốc đội_hình ghi_bàn phút Tuấn Cảnh đi bóng góc trái hai cầu_thủ Hà_Nội căng sệt Gustavo chạm bóng vọt xà_ngang gang_tấc Tình_huống hút chết chân Gustavo thổi bùng quyết_tâm Hà_Nội Đội chủ gia_tăng sức_ép bàn tỷ_số phút Lê_Tấn_Tài băng tuyến hai đón đường chuyền ngang Văn_Quyết đối_mặt Đức_Cường Cựu_tuyển_thủ Việt_Nam lốp bóng sát mép 16m50 bóng thủ_môn Bình_Dương bóng chệch cột_dọc Tấn_Tài cộng thời_lượng kiểm_soát bóng bàn thắng Hà_Nội khoảnh_khắc ngôi_sao Tiến_Linh cục_diện trận_đấu Phút tiền_đạo bật đánh_đầu_vào góc đường treo bóng Rabo_Ali bay tầm Tấn_Trường chạm bóng Tiến_Linh lập_công trận_đấu saan Cẩm_Phả Quảng_Ninh TP HCM kết_thúc thắng nghiêng đội chủ Quảng_Ninh tỷ_số Hà_Nội thắng Bình_Dương thầy trò Chu_Đình Nghiêm tụt nguy_cơ đội đầu_bảng Viettel nới rộng cách_biệt bối_cảnh trận giai_đoạn hai kém chấm_dứt hy_vọng liên_tiếp vô_địch League Hà_Nội Hà_Nội xảy hàng tá nửa hiệp Thống_kê nghỉ đội chủ dứt_điểm gấp bốn đối_thủ cầm bóng mười_mươi ghi_bàn chẳng_hạn pha đối_mặt Văn_Quyết phút hai cú sút cận_thành liên_tiếp Việt_Anh Rimario đội chủ chính_xác tỉnh_táo thời_khắc quyết_định chuỗi trận bất_bại Bảy Văn_Quyết Quang_Hải hai đầu_tàu kéo Hà_Nội đi đội_trưởng Văn_Quyết cảm_giác bóng tối lỡ đối_mặt hiệp sút_hỏng phạt_đền hiệp hai Rimario phạm lỗi cấm_địa Cú sút Hà_Nội đoán đi khung_thành Đức_Cường pha cản_phá xuất_thần trận_đấu lỡ trớn bay kịp chặn đường bóng chân Văn_Quyết hiệp pha phối_hợp Hà_Nội kém sắc chuẩn_xác đội bóng áo tím thử vận may cú sút Pha lỡ chấm 11m Văn Quyết tưởng khép ngược dòng đội chủ Rimario kịp sửa_sai đồng_đội phút pha đột_phá Văn_Kiên cánh tiền_đạo ngoại binh chạy cắt mặt cột băng đánh_đầu cận_thành gỡ hòa Trước_vòng bốn giai_đoạn hai Bình_Dương kém đội đầu_bảng Viettel tám đua_tranh đầu đội bóng đất Thủ thể_hiện tinh_thần chiến_đấu ngoan_cường Hà_Nội khao_khát chiến_thắng tận phút Tiến_Linh đồng_đội lăn_xả mục_tiêu Nam Quang_Hải viễn_cảnh xảy phút chính_thức Bóng Vàng Việt_Nam ngả sút bóng chìm góc đường nhả bóng đầu Thành ấn_định tỷ_số trọn_vẹn giúp Hà_Nội đỉnh bảng Viettel đá trận soán chính_thức thầy trò Chu_Đình Nghiêm vòng đá derby Thủ_đô Viettel Bình_Dương sân Gò_Đậu tiếp Hà_Tĩnh Đội_hình xuất_phát Hà_Nội Tấn_Trường Văn_Kiên Việt_Anh Thành Văn_Xuân Hùng_Dũng Tấn_Tài Moses Quang_Hải Văn_Quyết Rimario Bình_Dương Đức_Cường Tuấn_Cảnh Văn_Vũ Gustavo Trọng_Huy Tài Toure Rabo_Ali Thanh_Long Tấn_Tài Tiến_Linh Thắng Nguyễn"
"00015.txt","phap-luat","6","Xóm trọ khu_phố phường Long_Bình TP Biên_Hoà choàng tỉnh tiếng hô_hoán trộm trộm phòng Phạm_Thị Bình_Minh quê Thừa_Thiên_Huế 4h chạy Minh ôm vết_thương thều_thào gục cửa bé đi cấp_cứu Nạn_nhân công_nhân thời_vụ thuê phòng một_mình hai Khám_nghiệm hiện_trường tử_thi cơ_quan điều_tra xác_định Minh đâm nhát vết_thương thấu ngực thủng tim Nguyên_nhân tử_vong sốc máu Động_cơ án hung_thủ cướp tài_sản song loại_trừ mâu_thuẫn tình_ái khả_năng Vụ trọng_án hoang man dư_luận xảy giãn phòng_chống Covid đông công_nhân Khu công_nghiệp Biên_Hòa Ban giám_đốc Công_an tỉnh Đồng_Nai xác_lập chuyên_án truy bắt hung_thủ tổ công_tác Cục cảnh_sát Hình_sự C02 Công_an trang_phục phòng_chống dịch_bệnh khẩu_trang găng_tay sát_khuẩn ... Đồng_Nai đầu án_mạng xảy rạng có_nhân_chứng khu trọ bình_dân lắp camera an_ninh Manh_mối duy_nhất đôi dép nhựa màu trắng hung_thủ vội tháo_chạy hiện_trường điều_tra_viên nhận_định trinh_sát rà_soát 1.000 nghi_vấn tiền_án tiền_sự nghiện ma_tuý ... địa_bàn tỉnh Đồng_Nai TP HCM Bình_Dương tỉnh lân_cận sàng_lọc Đậu_Đức_Mười quê Nghệ_An nổi nghi_vấn ta sống lang_thang khu_vực phường Long_Bình tiền_án tội Trộm_cắp tài_sản Mười trộm_cắp TP Biên_Hòa vụ án xảy ta Hàng chục trinh_sát tinh_nhuệ toả đi truy_tìm cảnh_sát Mười quốc_lộ đi xe_tải khu_vực tỉnh Lâm_Đồng tổ công_tác lên_đường đêm cao_điểm dịch_bệnh nhà_nghỉ hàng_quán mì gói suối trăm cây_số địa_phận huyện Đức_Trọng tỉnh Lâm_Đồng báo Mười bắt xe_tải Đăk Nông Lo_ngại nghi can trốn Campuchia hai xe công_vụ lao đi tuyến đường vắng bạt_ngàn cà_phê vùng_đất cao_nguyên rà_soát khắp vùng_biên_giới tăm_hơi Mười Mười sợ tung_tích lộ né chốt kiểm_dịch Covid bắt taxi ngược TP Buôn_Mê Thuột Đăk_Lăk Chiều báo trinh_sát đón lõng bắt_giữ Mười hắn đột_nhập dân phường Tự_An TP Buôn_Mê Thuột trộm tài_sản cơ_quan điều_tra Mười khai tù vụ trộm_cắp nhà_trọ địa_bàn phường Long_Bình TP Biên_Hòa Rạng ta khu trọ phòng Minh hé cửa liền lẻn điện_thoại_di_động tủ_lạnh Hắn tiếng_động Minh tỉnh_giấc Thiếu_nữ sợ_hãi dao bếp xua_đuổi trộm phòng Mười giật dao đâm nhát chạy phòng trọ hắn tắm đi mua mì gói gói_ghém quần_áo trốn mùa dịch_bệnh xe_khách Mười chủ_yếu quá_giang xe_tải tỉnh_thành điều_tra giãn xã_hội anh_em mừng hoàn_thành nhiệm_vụ nỗi đau gia_đình nạn_nhân trinh_sát hình_sự Mười điều_tra tội Giết Cướp tài_sản dấu_hiệu tội_phạm Phước_Tuấn"
"00104.txt","giao-duc","3","Shivank_Patel sống New_Delhi học lập_trình trực_tuyến Học lớp Patel xây_dựng ứng_dụng ứng_dụng quyên_góp thức_ăn trẻ_em đường_phố sinh non cân chào_đời 1kg Patel xây_dựng nền_tảng giúp bác_sĩ theo_dõi trẻ sinh non lớp_học lập_trình trực_tuyến học_sinh tiểu_học phổ_biến Ấn_Độ đại_dịch Covid bùng_phát Phụ_huynh nhu_cầu học lập_trình thành_thạo máy_tính kiến_thức lập_trình cần_thiết_như ngôn_ngữ toán_học Ấn_Độ hiện trung_tâm thế_giới học_tập trực_tuyến Công_ty khởi_nghiệp Byju cung_cấp dịch_vụ dạy kèm trực_tuyến thế_giới lĩnh_vực kinh_doanh công_nghệ giáo_dục edtech Công_ty định_giá tỷ USD gọi vốn thành_công đầu_tư toàn_cầu quỹ Chan Zuckerberg_Initiative Mark_Zuckerberg đứng đầu Facebook vợ Priscilla_Chan Abhishek_Gupta chuyên_gia_tư_vấn RedSeer Management Consulting nhận_định khóa học lập_trình sản_phẩm xuất_khẩu Ấn_Độ Ấn_Độ tự_hào quốc_gia chứng_chỉ khoa_học máy_tính lực_lượng lao_động công_nghệ tiếng giá rẻ thế_giới nền_tảng thuận_lợi Ấn_Độ xuất_khẩu bài_học lập_trình trực_tuyến Công_ty cung_cấp lớp_học trực_tuyến công_nghệ WhiteHat Jr Công_ty Byju mua giá triệu USD WhiteHat Jr hiện 120.000 phí nửa sống Ấn_Độ giám_đốc điều_hành Karan_Bajaj nhu_cầu khách_hàng Australia thế_giới thị_trường sản_phẩm học lập_trình trực_tuyến gói học_tập lập_trình trực_tuyến học lựa_chọn gói dạy nguyên_tắc cơ_bản lập_trình gói giúp xây_dựng ứng_dụng gói Học_phí dao_động USD WhiteHat Jr lực_lượng giảng_dạy toàn nữ 12.000 giáo_viên chủ_yếu Ấn_Độ Philippines Ayesha_Siddiqua sống thành_phố nam Hyderabad từ_bỏ công_việc nha_sĩ lương 15.000 rupee USD giáo_viên dạy lập_trình trực_tuyến WhiteHat Jr Thu_nhập hàng 100.000 rupee 14h Siddiqua dạy trẻ_em Úc Ấn_Độ nghỉ_ngơi mạng đêm dạy học_sinh Mỹ Canada ý_định nghề nha_sĩ Siddiqua nhận_xét lạc_hậu lập_trình Patel bé ứng_dụng Cửa_hàng Google_Play Học lập_trình giúp thách_thức ứng_dụng giải_quyết cuộc_sống Nguyên_Chương Bloomberg trẻ yêu công_nghệ thông_tin học lập_trình Việt_Nam học FUNiX đào_tạo trực_tuyến FPT. FUNiX cung_cấp chương_trình đào_tạo công_nghệ thông_tin trực_tuyến học liệu MOOC trường đại_học chất_lượng thế_giới đội_ngũ 4.000 mentor chuyên_gia làm_việc công_ty công_nghệ hướng_dẫn kèm mạng Học_viên đại_học chương_trình chuyển_đổi tín_chỉ tương_đương tối_đa học tiếp cử_nhân trường Đại_học FPT. học_viên tốt_nghiệp chương_trình học FUNiX FPT Software làm_việc lương tương_đương sinh_viên tốt_nghiệp Đại_học ngành CNTT Việt_Nam Học công_nghệ thông_tin online"
"00120.txt","suc-khoe","7","Bác_sĩ quy đầu lộ quen tiếp_xúc tiếp_xúc lạ kích_thích xuất_tinh phòng_khám quảng_cáo trị xuất_tinh mạng bệnh hai tuần đồng_ý thủ_thuật tư_vấn bác_sĩ phòng_khám bàn mổ cắt da quy đầu bác_sĩ tư_vấn cắt dây thần_kinh dương_vật giá dây triệu đồng tổng_cộng bốn dây thần_kinh triệu Bác_sĩ khuyên cắt dây_chằng nâng dương vậ giá triệu mổ tái_khám thay băng hai triệu đồng tốn triệu xuất_tinh cải_thiện độ cương xưa cảm_giác dương_vật ngắn Bác_sĩ Lê_Vũ_Tân Khoa_Nam học Bệnh_viện Bình_Dân hầu_như trường_hợp bệnh_nhân khám xuất_tinh điều_trị cắt da quy đầu cấy nano cắt thần_kinh lưng dương_vật đeo vòng gắn bi ... hiệu_quả phòng_khám phương_pháp tác_dụng khuyến_cáo điều_trị xuất_tinh bác_sĩ Tân nhấn_mạnh may_mắn người_bệnh tiền vết_thương lành Trường_hợp may người_bệnh tiền bệnh_viện giải_quyết biến_chứng Hội Y_học giới_tính thế_giới định_nghĩa xuất_tinh rối_loạn xuất_tinh nam_giới đặc_trưng xuất_tinh vòng phút quan_hệ Bệnh_nhân khả_năng kiểm_soát xuất_tinh ảnh_hưởng tâm_lý tự_ti căng_thẳng bực_bội né_tránh quan_hệ tình_dục xuất_tinh thỏa_mãn quan_hệ tình_dục tần_suất tự_tin căng_thẳng lo_lắng trầm_cảm tình vợ thỏa_mãn ảnh_hưởng hạnh_phúc xuất_tinh nam_giới tỷ_lệ bốn xuất_tinh Xuất_tinh chức_năng sinh_sản người_bệnh testosterone máu bình_thường Xuất_tinh hai dạng nguyên_phát thứ_phát nguyên_phát quan_hệ tình_dục xuất_tinh phút thứ_phát quan_hệ bình_thường xuất_tinh đột_ngột xuất_tinh ngắn xuất_tinh nguyên_phát bác_sĩ Tân điều_trị xuất_tinh thuốc uống thuốc bôi bài_tập tâm_lý hành_vi Xuất_tinh thứ_phát đi kèm rối_loạn cương trị rối_loạn cương ổn hồi_phục Xuất_tinh nguyên_phát điều_trị triệu_chứng chủ_yếu không_thể_nào chữa bệnh quảng_cáo liều thuốc bệnh điều_trị ... đánh tâm_lý người_bệnh sự_thật bác_sĩ Tân"
"00204.txt","kinh-doanh","5","thỏa_thuận hợp_tác Công_ty TNHH Bảo_hiểm Nhân_thọ Prudential Việt_Nam mở_rộng phạm_vi_phân_phối bảo_hiểm thị_trường miền Bắc Ngân_hàng TMCP Hàng_Hải Việt_Nam MSB MSB trụ_sở Prudential Việt_Nam đối_tác duy_nhất MSB toàn_quốc thỏa_thuận Prudential Việt_Nam MSB phân khúc nền_tảng kỹ_thuật_số cung_cấp giải_pháp_bảo_vệ toàn_diện khách_hàng Prudential Việt_Nam kế_hoạch tối_ưu_hóa công_cụ kỹ_thuật_số ứng_dụng chăm_sóc sức_khỏe dựa nền_tảng trí_tuệ nhân_tạo Pulse nắm_bắt phát_triển quan_hệ đối_tác đại_diện Prudential Việt_Nam mở_rộng gia_hạn thỏa_thuận hợp_tác_chiến_lược củng_cố vị_thế Prudential Việt_Nam thị_trường phân_phối bảo_hiểm ngân_hàng bancassurance Bancasurance kênh phân_phối phát_triển chiếm toàn thị_phần bảo_hiểm_nhân_thọ Việt_Nam lĩnh_vực bancassurance Việt_Nam Prudential vị_thế định_vị sản_phẩm xây_dựng quan_hệ hợp_tác chăm_sóc khách_hàng MSB ngân_hàng kinh_nghiệm triển_khai bancassurance chéo bảo_hiểm giúp khách_hàng tiếp_cận giải_pháp_bảo_vệ tài_chính mở_rộng hợp_tác giúp MSB mong_muốn đối_tác đồng_hành khách_hàng thông_qua cung_cấp giải_pháp_bảo_hiểm ưu_việt tiêu_chuẩn quốc_tế dịch_vụ tiên_tiến Prudential MSB xây_dựng chiến_lược kinh_doanh bảo_hiểm ngân_hàng góp_phần giúp doanh_thu phí bảo_hiểm quy MSB tốc_độ tăng_trưởng kép hằng Phương_Tiến_Minh Tổng_Giám_đốc Prudential Việt_Nam vui_mừng quan_hệ đối_tác tầm giúp Prudential chủ_động cung_cấp sản_phẩm dịch_vụ tối_ưu khách_hàng MSB toàn_quốc thông_qua kênh hiện_hữu kênh nền_tảng Prudential Nguyễn Hoàng_Linh Tổng_giám_đốc Ngân_hàng Hàng_hải Việt_Nam MSB hợp_tác thành_công Prudential củng_cố quyết_định gia_hạn mở_rộng phạm_vi hợp_tác toàn_quốc Hai cung_cấp giải_pháp tài_chính đầu_tư tối_ưu khách_hàng khắp tỷ_lệ duy_trì hợp_đồng bảo_hiểm hai MSB trung_bình ngành Ngành bảo_hiểm_nhân_thọ Việt_Nam tiềm_năng phát_triển thống_kê Swiss Re tỷ_lệ tham_gia_bảo_hiểm 1,6 tổng GDP gánh tài_chính chi_phí y_tế phát_sinh dự_tính chạm mốc tỷ USD. bối_cảnh kinh_tế Việt_Nam tăng_trưởng 2,9 dự_đoán tăng_trưởng vòng thống_kê Centre for Economics and Business_Research nhu_cầu giải_pháp_bảo_hiểm_nhân_thọ sức_khỏe tích_lũy hứa_hẹn Nic_Nicandrou Tổng_Giám_đốc Prudential châu Việt_Nam thị_trường trọng_điểm Prudential gia_hạn mở_rộng quan_hệ đối_tác lâu_dài MSB Prudential xây_dựng hiện_diện mạnh_mẽ tập_đoàn Việt_Nam Prudential Việt_Nam thành_viên Prudential plc tập_đoàn quản_lý_tài_sản toàn_cầu hoạt_động châu Công_ty bảo_hiểm_nhân_thọ 1,6 triệu khách_hàng văn_phòng tổng đại_lý khắp tỉnh_thành Ngân_hàng MSB chi_nhánh phòng giao_dịch tỉnh_thành Việt_Nam MSB 2,36 triệu khách_hàng bán_lẻ 57.000 khách_hàng doanh_nghiệp Doanh_số bảo_hiểm MSB nằm top thị_trường kinh_doanh bancassurance doanh_thu bảo_hiểm_nhân_thọ tăng_trưởng hai Nguyễn_Lê"
"00027.txt","khoa-hoc","4","Hồ_xương Roopkund nằm độ 5.029 mực biển đáy sườn dốc núi Trisul núi Ấn_Độ bang Uttarakhand hài_cốt nằm rải_rác xung_quanh lớp băng hồ xương phát_hiện cán_bộ bảo_vệ rừng nửa thế_kỷ nhân_chủng_học khoa_học nghiên_cứu hài_cốt cốt Hồ_Roopkund thu_hút khoa_học tham_quan Tùy mùa thời_tiết hồ đóng_băng mở_rộng co tuyết tan chảy xương lộ đôi_khi thịt sót bảo_quản giới nghiên_cứu hài_cốt Chính_phủ địa_phương mô_tả Roopkund hồ bí_ẩn nghiên_cứu nhân_chủng_học khoa_học câu thể giải_đáp giả_thuyết cũ hồ xương gắn liền hài_cốt vị vua Ấn_Độ hoàng_hậu tùy_tùng bỏ_mạng trận bão_tuyết Giả_thuyết hài_cốt lính Ấn_Độ xâm_lược Tây_Tạng đánh_bại buộc hồi_hương dãy Himalaya chết dọc đường giả_thuyết hồ xương nghĩa_địa chôn xác nạn_nhân đại_dịch nghiên_cứu hồ xương chết trung_bình trưởng_thành trung_niên trẻ sơ_sinh trẻ phụ_nữ lớn_tuổi sức_khỏe Giới nghiên_cứu suy_đoán xương chết thảm_họa thế_kỷ Nghiên_cứu kéo_dài quy_tụ chuyên_gia viện Ấn_Độ Mỹ Đức phát_hiện giả_thuyết phân_tích di_truyền xác_định niên_đại hài_cốt bao_gồm phụ_nữ hồ chết hệ gene đa_dạng chết 1.000 Kết_quả phân_tích bác_bỏ giả_thuyết thảm_họa chết Eadaoin_Harney trưởng nghiên_cứu Đại_học Harvard xảy hồ Roopkund chết lý_giải đơn_thuần sự_kiện Nghiên_cứu truyền chết chủng_tộc phong_phú hệ gene dân sống Nam ngày_nay quan_hệ châu Âu dân sống đảo Crete Hy Lạp dân Nam_Á dường_như_không quần_thể nghiên_cứu vũ_khí hàng_hóa khu_vực hồ nằm tuyến đường buôn_bán Nghiên_cứu di_truyền bằng_chứng tồn_tại mầm bệnh vi_khuẩn cổ_đại lý_giải nguyên_nhân chết hành_hương giải_thích đi khu_vực nghiên_cứu hài_cốt hồ kết_quả sự_kiện chết tập_thể hành_hương đông Địa_Trung_Hải leo hồ xa_xôi núi Ấn_Độ khả_năng dân châu Âu di_chuyển quãng đường xa_xôi Roopkund tham_gia hành_hương Hindu_giáo tìm_kiếm đáp_án Harney An_Khang BBC"
"00039.txt","the-thao","8","mặt cảm_xúc giải Novak Djokovic hãng Nine Australia trận chung_kết thắng Medvedev hôm cách_ly xảy truyền_thông viết thư ý_tưởng cách_ly tay_vợt sai thành yêu_sách bị_thương set Taylor_Fritz người_ta giả_vờ chiến_thắng ngọt_ngào Chủ_nhân chín chức vô_địch Australia Mở_rộng thừa_nhận tổn_thương thông_tin sai_lệch con_người đau_đớn đối_xử công_bằng chỉ_trích kiểm_chứng tấn_công truyền_thông xảy sự_nghiệp Có_lẽ đem chỉ_trích truyền_thông hành_động củng_cố quyết_tâm vô_địch Novak_Djokovic nghi_ngờ tuyên_bố dính chấn_thương rách bụng đấu Taylor Fritz vòng Nole thua hai set hành_trình vô_địch Grand Slam bán_kết chung_kết tốn set chiến_thắng giải khép vết rách Djokovic phủ_nhận phóng_đại chấn_thương trải cảm_giác kinh_hoàng Grand_Slam đi chụp MRI kết_quả vết rách nghi_ngờ nghi_ngờ Grand_Slam trận đấu bảo_vệ thành_công_chức vô_địch Australia Mở_rộng Djokovic phá kỷ_lục tuần thế_giới Roger Federer Tay_vợt Serbia công_bố lịch thi_đấu khả_năng nghỉ Dubai_Championships diễn trung_tuần Djokovic đương_kim vô_địch giải Nhân Guardian"
"00020.txt","phap-luat","6","19h tháng_chạp thông_tin nam tài_xế taxi cứa_cổ cổng phụ sân vận_động Quốc_gia Mỹ_Đình đường Lê_Quang_Đạo báo Công_an Nam Liêm Nạn_nhân tử_vong tại_chỗ chừng taxi nổ máy cửa lái vết máu vương ghế lái nạn_nhân nằm chức_trách ban_đầu xác_định tối tài_xế đón từ_trường Trung_cấp Kinh_tế kỹ_thuật Đa_ngành Sóc_Sơn chở đường Nguyễn_Hoàng giao đường Phạm_Hùng Nam Liêm Dừng hai phút tài_xế lái_xe khu_vực sân vận_động Quốc_gia Mỹ_Đình cứa_cổ mở_cửa chạy kêu cứu Nạn_nhân chạy gục tử_vong Nhân_chứng duy_nhất hiện_trường chừng mét trời tối thoáng nghi phạm nam_giới chạy cổng làng Nhân Mỹ phường Mỹ_Đình quân_số Đội cảnh_sát hình_sự Công_an huy_động vào_cuộc tổ công_tác phối_hợp nghiệp_vụ khám_nghiệm hiện_trường tử_thi tổ túa xác_minh nhân_thân lịch_trình di_chuyển nạn_nhân nhân_chứng Hàng trăm camera quanh khu_vực trích xuất phục_vụ công_tác điều_tra trung_tá Đặng_Mạnh_Cường Đội_trưởng Cảnh_sát hình_sự Suốt làm_việc ngừng_nghỉ vụ án đi ngõ_cụt chứng_cứ mờ_nhạt nhân_chứng Dấu_vết duy_nhất trích_đoạn video đọc đường camera hành_trình taxi nạn_nhân Camera hành_trình hình_ảnh nghi phạm ghi tiếng_nói hắn trao_đổi tài_xế xe suốt quãng đường nghi phạm câu lí_nhí họp án 0h đêm Tết điều_tra_viên kinh_nghiệm rời mắt màn_hình máy_tính phân_tích dữ_liệu Ban chuyên_án xác_định nghi phạm nam thanh_niên giọng miền Trung dáng gầy 1m63 1m68 mặc áo_khoác màu đen quần đen chân đi dép_lê màu xanh lá Hung_khí án dao nhọn gọt trái_cây Hắn ta chạy hiện_trường vụ án vận_động Mỹ_Đình đường Tân_An_Bình hướng đi làng Nhân Mỹ 19h10 23h làng nghi phạm vứt trang_phục mặc án Hình_ảnh hắn ta đi đoạn đường gom ven Đại_lộ Thăng_Long quần_áo thể_thao màu xanh cộc đằng áo ghi cầu_thủ Manh_mối cung đường chạy cắt đứt Hàng chục trinh_sát lệnh rà_soát khắp làng Nhân Mỹ chủ_nhân áo nghi phạm mặc mò kim đáy bể ban chuyên_án cảnh_sát phát_hiện áo thanh_niên khai tối hôm xảy vụ án quen game tên_tuổi quê_quán chạy mượn quần_áo ta mượn xong liên_lạc Tết đoàn công_tác Nghệ_An làm_việc trưởng công_an xã địa_bàn rà_soát nghi phạm giọng hình_ảnh mờ_nhạt mặt tìm_kiếm bất_thành đêm truy_tìm Tết tổ trinh_sát trở tay_trắng 6h30 đặt_chân phòng họp đội đập mắt hai cành đào nằm chỏng_chơ héo sạch lá rụng hoa góc bếp giò bánh_chưng thịt lợn cất tủ_lạnh Khung_cảnh ảm đảm chẳng chút không_khí Tết quyết_tâm bắt hung_thủ trung_tá Cường bữa vội cận Tết mũi trinh_sát phân_tích khai thanh_niên mượn áo Cảnh_sát game phát_hiện nghi phạm quán internet tỉnh Hoà_Bình Tối Tết chừng phút di_chuyển cấp_tốc Hà_Nội Hoà_Bình trinh_sát vờ game rà_soát xác_định nghi phạm game máy cảnh_sát áp sát bắt gọn Cháu Nguyễn_Cảnh_An quê Nghệ_An nghi phạm khai tra còng trung_tá Cường dữ_liệu thu An 1m63 1m68 kg song nhỏ_thó Hắn chống_cự khai_báo thành_khẩn hành_vi áp_giải công_an đêm An khai tiền_án tiền_sự mê game trộm tiền bố_mẹ Nghệ_An Hà_Nội An nảy_sinh ý_định cướp tài_sản tiền_tiêu sống lang_thang Hà_Nội kế_hoạch hắn mua dao gọt hoa_quả đi khu_vực đón bến_xe Mỹ_Đình An vẫy taxi tài_xế thuê chở cổng sân vận_động Mỹ_Đình giá 50.000 đồng An tấp xe lề_đường dao cứa_cổ tài_xế chiếm_đoạt tiền điện_thoại án xong hắn vứt dao dép chạy làng Nhân Mỹ áo đôi dép Chạy tiếp Đại_lộ Thăng_Long trộm xe_đạp đạp thành_phố Hoà_Bình km xe_đạp 53.000 đồng An game liền bắt An TAND Hà_Nội phạt tử_hình tội Giết Cướp tài_sản"
"00158.txt","kinh-doanh","5","Văn_bản Tổng_cục Thuế_gửi cục thuế tỉnh thành_phố hàng_hóa linh_kiện điện_tử máy_tính ... mẫu_mã đặc_tính doanh_nghiệp nhập_khẩu khai_báo doanh_nghiệp xuất_khẩu khai_báo chênh_lệch lô hàng xuất_khẩu kg chục kg trị_giá tỷ đồng chục tỷ đồng cơ_quan thuế tiềm_ẩn rủi_ro mua_bán hóa_đơn kê khống giá_trị_hóa_đơn nâng khống hàng_hóa xuất_khẩu chiếm_đoạt tiền hoàn thuế gia_tăng VAT Tổng_cục thuế dấu_hiệu điển_hình doanh_nghiệp cố_tình chiếm_đoạt tiền hoàn thuế Ví_dụ doanh_nghiệp hàng doanh_nghiệp xuất_khẩu hàng linh_kiện điện_tử địa_chỉ đăng_ký kinh_doanh thường_xuyên thông_tin địa_chỉ trụ_sở chủ doanh_nghiệp đại_diện pháp_luật thông_tin đăng_ký quản_lý thuế vụ_việc gian_lận tiền đối_tượng quan_hệ gia_đình ... mua_bán hàng_hóa doanh_nghiệp xuất_khẩu linh_kiện điện_tử thực_chất giao_dịch nước_ngoài phí hoa_hồng dịch_vụ xuất_khẩu Doanh_nghiệp mua hàng nhập_khẩu tồn_tại doanh_nghiệp bất_hợp_pháp Tổng_cục Thuế kịp_thời rà_soát doanh_nghiệp kinh_doanh hàng_hóa rủi_ro linh_kiện gỗ hàng nông_lâm_thủy hải_sản ... hải_quan xác_định công_ty chiếm_đoạt tiền hoàn thuế VAT thông_qua buôn_lậu vận_chuyển trái_phép hàng_hóa tiền_tệ biên_giới doanh_nghiệp doanh_nghiệp đối_tượng thuê mua ... Quỳnh_Trang"
"00106.txt","suc-khoe","7","Vốn tóc Hoàng ngụ TP HCM tóc mọc bình_thường Hoàng hói đầu nỗi ám_ảnh phiền_phức giao_tiếp khách_hàng ngại nhầm độ gọi Hói tác_động sức_khoẻ ảnh_hưởng chất_lượng cuộc_sống Hoàng nhận_định Hoàng lựa_chọn thương_hiệu cấy tóc New_Hair giới_thiệu phương_pháp cấy tóc tự_thân nang tóc cấy cấy chân tóc cứng tóc ổn_định dần Hoàng phép bác_sĩ cắt tóc thoải_mái tiệm tóc kiểu tóc mong_muốn cắt xong thợ cắt tóc khác_biệt chân tóc cấy đại_diện Trung_tâm cấy tóc New_Hair cấy tóc tự_thân tóc cấy tóc kỹ_thuật trồng tóc hói công_nghệ độc_quyền dụng_cụ chuyên_dụng châu Âu đội_ngũ bác_sĩ gạo_cội thâm_niên nghề cơ_sở vật_chất tiêu_chuẩn_y_khoa hói an_toàn phương_pháp hiện_đại xâm_lấn hiệu_quả lâu_dài điều_trị hói nang tóc sống phát_triển chân tóc bám chặt da đầu tóc phát_triển chu_kỳ sống sợi tóc đại_diện trung_tâm New_Hair Trung_tâm cấy tóc New_Hair"
"00033.txt","khoa-hoc","4","Video GeoBeats"
"00021.txt","giao-duc","3","Tổ_chức thăm_dò dư_luận Gall up Canada quốc_gia chào_đón nhập_cư thế_giới chính_phủ thực_thi chính_sách chào_đón giữ_chân lao_động tay_nghề Express_Entry Hệ_thống Quản_lý hồ_sơ nhập_cư Di_trú Quốc_tịch Canada IRCC quản_lý thành_lập cổng phổ_biến tìm_kiếm nhập_cư nguồn_gốc Express_Entry nộp đơn chấm xét_duyệt thường_trú PR dựa độ chứng_chỉ học_vấn kinh_nghiệm làm_việc trình_độ ngôn_ngữ mời làm_việc tuyển_dụng Canada khả_năng thích_ứng sẵn_sàng làm_việc Canada Ngành_nghề nhu_cầu Canada mục_tiêu chính_sách nhập_cư Canada thu_hút lao_động tay_nghề bổ_sung khuyết_thiếu lao_động nghỉ hưu khai_thác nguồn_lực phong_phú phát_triển lĩnh_vực kinh_tế địa_phương lao_động quốc_tế ngành_nghề nhu_cầu tỉnh bang thành_phố Canada lợi_thế định_cư Hệ_thống dự_báo nghề_nghiệp Canada Canadian Occupational Projection_System COPS ngành_nghề hàng_đầu nhu_cầu lao_động xứ_sở lá phong y_tá giảng_viên cao_đẳng dạy nghề tư_vấn quản_lý kinh_doanh thợ hàn chuyên_gia trị_liệu nghề_nghiệp vật_lý trị_liệu thiết_kế kỹ_sư phần_mềm kỹ_sư hàng vũ_trụ phi_công dược_sĩ tâm_lý_học dự_toán xây_dựng chuyên_gia nhãn khoa ... việc_làm nhu_cầu lao_động tỉnh bang ngành_nghề lĩnh_vực nhân_lực quốc_tế chuyên_môn tay_nghề tỉnh quy_trình xét_duyệt nhập_cư 2020Theo Tổ_chức Tư_vấn Định_cư Canada văn_phòng Montreal Toronto tùy nhu_cầu nhân_lực tỉnh bang tỉnh chương_trình đề_cử nhập_cư Sinh_viên sở_hữu bằng_cấp kinh_nghiệm làm_việc địa_phương lợi_thế định_cư tỉnh bang quy_trình nhập_cư PR Tỉnh_bang Alberta chào_đón lao_động lành_nghề chuyên_gia trẻ nền_tảng đăng_ký Chương_trình Đề_cử Tỉnh Alberta giới_thiệu Express_Entry Saskatchewan tỉnh bang ngành_nghề danh_sách xét_duyệt thường_trú nhân thông_qua Chương_trình Đề_cử Tỉnh Saskatchewan SINP rộng_mở lao_động tay_nghề lĩnh_vực phạm_vi Ontario trung_tâm ngành công_nghệ thông_tin công_nghệ kinh_doanh dịch_vụ ... Sinh_viên đam_mê quyết_tâm theo_đuổi ngành lĩnh_vực trí_tuệ nhân_tạo Internet vạn_vật máy học công_nghệ hiện_đại kinh_doanh tài_chính nhà_hàng khách_sạn điều_dưỡng ... khởi_động sự_nghiệp cạnh tỉnh bang Manitoba ước_tính 150.000 nhập_cư Chương_trình Đề_cử Tỉnh Manitoba MPNP ra_mắt Nổi_tiếng tài_nguyên thiên_nhiên sản_xuất triển_vọng mạnh_mẽ du_lịch tỉnh bang rộng_lớn lao_động tay_nghề lĩnh_vực kinh_doanh nông_nghiệp khai_thác mỏ sản_xuất thủy_điện giao_thông vận_tải thương_mại chuỗi cung_ứng ... British Columbia tỉnh bang Canada đóng_góp kinh_tế nằm tỉnh bang hàng_đầu PR British Columbia chào_đón ứng_viên kinh_nghiệm làm_việc tối_thiểu hạng_mục tuyển_dụng yêu_cầu_kinh_nghiệm làm_việc Nova Scotia tổ_chức tài_chính công_ty cơ_quan hoạt_động hiệu_quả mặt kinh_tế Nhân_viên làm_việc tương_lai tươi_sáng thiết_lập cuộc_sống an_toàn gia_đình nền_tảng lĩnh_vực tài_chính xem_xét tỉnh Nova_Scotia PR. Công_ty Du_học INEC tổ_chức hội_thảo du_học Canada Ngành chào_đón nhân_lực quốc_tế đem phụ_huynh học_sinh sinh_viên thông_tin hữu_ích cập_nhật giáo_dục nghề_nghiệp định_cư Canada Sự_kiện tổ_chức 9h30 Trần_Nhân Tôn phường TP HCM. Học_sinh phụ_huynh đăng_ký tham_dự hotline Công_ty Du_học INEC Công_ty Du_học INECHotline Email inec@inec.vn Website"
"00022.txt","khoa-hoc","4","khoa_học bắt_gặp Pharohylaeus lactiferous loài ong bản_địa Australia tổng_cộng cá_thể loài vật tìm_kiếm quy_mô tái_phát_hiện Pharohylaeus lactiferous bang Queensland giúp giới chuyên_gia xác_định tuyệt_chủng Independent hôm Nghiên_cứu xuất_bản tạp_chí Hymenoptera_Research chuyên_gia Đại_học Flinders Pharohylaeus lactiferous sống_sót áp_lực sinh_tồn lo_ngại loài ong Australia duy_nhất chi Pharohylaeus đặc_điểm sinh_học nghiên_cứu James_Dorey giải_thích Dorey đồng_nghiệp đa_dạng sinh_học cảnh_báo môi_trường sống rừng mưa Australia tách cháy rừng biến_đổi khí_hậu nguy_cơ tuyệt_chủng ong Pharohylaeus lactiferous loài xương_sống Australia dọn quang diện_tích rừng châu Âu xâm_chiếm rừng chia tách xuống_cấp phân_tích địa_lý hủy_diệt môi_trường sống hai khu_vực sinh_học nhiệt_đới ẩm Queensland Bờ biển Trung_Mackay rừng mưa Queensland quần_thể ong Pharohylaeus lactiferous tổn_thương cháy rừng Dorey Loài ong hiếm đe_dọa chuộng hoa mọc quanh rừng mưa nhiệt_đới cận nhiệt nghiên_cứu tương_lai đặc_điểm sinh_học sinh_thái di_truyền_học quần_thể bảo_vệ loài vật tuyệt_vời đẩy_mạnh nỗ_lực bảo_tồn giám_sát_sinh_học quỹ bảo_tàng bảo_quản sưu_tập sáng_kiến Dorey bổ_sung Thu_Thảo Independent"
"00022.txt","suc-khoe","7","xã phường thị_trấn Hải_Dương danh_sách địa_phương bệnh_nhân Covid giám_sát Trung_tâm Kiểm_soát Bệnh_tật TP HCM HCDC TP HCM vòng rời địa_phương cách_ly mẫu xét_nghiệm theo_dõi sức_khỏe xét_nghiệm triệu_chứng HCDC Hải_Dương Covid phường Cộng_Hòa phường Văn_Đức thị_trấn Đỏ xã An_Lạc xã Hưng_Đạo TP Chí_Linh xã Nam_Trân huyện Nam_Sách thị_trấn Lai_Cách xã Tân_Trường Cẩm_Điền Lương_Điền huyện Cẩm_Giàng phường Thanh_Bình Nhị_Châu TP Hải_Dương xã Kim_Liên Kim_Đính huyện Kim_Thành thị_trấn Kẻ Sặt huyện Bình_Giang xã Thanh_Lang huyện Thanh_Hà TP HCM áp_dụng cách_ly xét_nghiệm địa_điểm bệnh_nhân Covid Hải_Phòng xã Hoàng_Động huyện Thủy_Nguyên phường Dư Hàng Lê_Chân thôn Kim_Sơn xã Lê_Thiện huyện An_Dương Quảng_Ninh Hưng_Yên Hà_Nội TP HCM dỡ quy_định cách_ly địa_phương kết_thúc giãn phong_tỏa TP HCM trải ghi_nhận ca nhiễm cộng_đồng Hôm_qua bệnh_nhân công_bố Covid bệnh_nhân điều_trị Kế_hoạch mẫu xét_nghiệm giám_sát Covid thành_phố Tết HCDC tiến_hành hàng nửa 19.210 mẫu sân_bay bến_xe ga tàu đông chợ quán chùa khu công_nghiệp ... 16.778 mẫu kết_quả âm_tính 2.432 mẫu chờ kết_quả HCDC tiếp_nhận 160.772 trường_hợp khai_báo y_tế cách_ly cách_ly theo_dõi sức_khỏe thành_phố mẫu xét_nghiệm giám_sát nCoV 5.899 tân_binh huyện lên_đường nhập_ngũ kết_quả âm_tính Hiện HCDC mẫu xét_nghiệm giám_sát thành_viên tổ bay chuyến bay quốc_tế lưu_trú thành_phố xét_nghiệm bệnh_nhân Covid xuất_viện cách_ly cách_ly nhân_viên y_tế cộng_đồng giao_lưu trường_hợp triệu_chứng mẫu tầm soát nguy_cơ lây_nhiễm phát_hiện ca dương_tính hoạt_động tầm soát Thư_Anh"
"00140.txt","suc-khoe","7","Cận_thị lứa học_sinh ảnh_hưởng chất_lượng cuộc_sống thời_đại 4.0 thiết_bị điện_tử phổ_biến kết_hợp cường_độ học_tập tỷ_lệ cận_thị học_đường Cận_thị xảy trục nhãn_cầu tia đi mắt hội_tụ nằm võng_mạc căn_bệnh thể thủy_tinh mắt công_suất hội_tụ giác_mạc Cận_thị xảy giác_mạc thể thủy_tinh cong nhãn_cầu Sản_phẩm chứa vaccinium fruit dry thành_phần chiết_xuất bilberry hàm_lượng vitamin góp_phần giúp triệt_tiêu gốc tự_do bảo_vệ mắt tác_nhân hại Bilberry cải_thiện thị_lực cận_thị trẻ giúp mắt"
"00068.txt","the-thao","8","WGC Workday Championship hạ_màn PGA Tour ghi_nhận Morikawa đấu_thủ hai đoạt major vô_địch sự_kiện World Golf_Championship WGC Tiger_Woods lập thành_tích Woods thắng danh_hiệu WGC đầu Morikawa sinh ẵm major PGA Championship Đầu vòng bế_mạc Morikawa hai gậy T2 Brooks_Koepka Billy_Horschel Webb_Simpson đứng thứ_tư Rory McIlroy Patrick Reed T5 Morikawa Horschel xuất_phát lượt par hố nhập_cuộc Morikawa bogey hố green hố Horschel gạt ghi birdie đỉnh bảng Morikawa birdie san cách_biệt tình_huống Morikawa hiệu_suất chốt hố birdie tầm 3,6 mét hố birdie Morikawa độc_chiếm đỉnh bảng golfer nửa sân Viktor Hovland đối_thủ ngại đua bục đăng_quang Hovland đi Morikawa bốn hố rút ngắn cách_biệt gậy birdie hố bóng nằm sát đám cỏ rậm vướng đường vung gậy Hovland hai bogey hố tiếp cửa cạnh_tranh Morikawa birdie hố par đoạn pha putt 3,3 mét hố Hovland cán đích đứng T2 cạnh Horschel Brooks Koepka_Horschel 783.333 USD. McIlroy Simpson Louis Oosthuizen T6 320.600 USD. bế_mạc ghi_nhận đấu_thủ mặc trang_phục đỏ đen tông màu đặc_trưng Tiger Woods vòng sự_kiện PGA Tour cổ_vũ Woods nằm viện tai_nạn giao_thông Morikawa phong_cách Siêu_Hổ Trang_phục tài_trợ kẹt Tennessee thời_tiết xấu đành quần đen sân hôm_qua Hôm_nay tả nỗi xúc_động bật TV áo đỏ sân golfer fan giúp giai_đoạn trang Twitter chính_thức Woods Quốc_Huy tổng_hợp"
"00057.txt","giai-tri","2","Speak Now dẫn_đầu bình_chọn Rotten_Tomatoes tỷ_lệ Trang IndieWire nhận_định Speak_Now đối_thủ giải Cầu Vàng lẫn Oscar Lễ trao giải Cầu Vàng Hiệp_hội Báo_chí Nước_ngoài Hollywood tổ_chức thường_niên diễn Việt_Nam Speak_Now phim One_Night In_Miami Nhạc Leslie_Odom Jr Sam_Ashworth Trình_bày Leslie Odom_Jr Speak Now ca_khúc chủ_đề One_Night in Miami tác_phẩm điện_ảnh đầu_tay nữ đạo_diễn Regina_King phim Leslie Odom_Jr hóa thân Sam_Cooke ca_sĩ nổi_tiếng làng nhạc soul Nội_dung phim đêm hư_cấu Miami Sam Cooke vô_tình gặp_gỡ nhân_vật nổi_tiếng Jim_Brown Malcolm Muhammad_Ali Bốn đàn_ông bàn_luận nhân_quyền cộng_đồng da_màu tiếng_nói xã_hội Speak Now phối đơn_giản nhạc acoustic guitar thông_điệp kêu_gọi dũng_cảm thể_hiện suy_nghĩ hát trở_nên hấp_dẫn trình_bày ngọt_ngào Leslie Odom_Jr Giọng hát gợi danh_ca Nat_King_Cole Odom cú đúp đề_cử Cầu Vàng hai hạng_mục ca_khúc nhạc phim diễn_xuất Fight For_You phim Judas And The_Black Messiah Nhạc H. E. R. Dernst Emile_II H. E. R. Tiara_Thomas Trình_bày H. E. RFight For You ca_khúc chủ_đề phim tiểu_sử Judas and the Black Messiahdo Shaka_King đạo_diễn phim bối_cảnh Chicago thập_niên lãnh_đạo đảng Báo Đen Fred Hampton đặc_viên FBI phản_bội ám_sát ra_đời đảng Báo Đen nổ hoạt_động chính_trị mạnh_mẽ Mỹ đòi quyền bình_đẳng da_màu Bám sát nội_dung phim hát ý_nghĩa đề_cao tự_do bối_cảnh xã_hội hỗn_loạn hát đoạn Tự_do bất_công Tự_do tham_nhũng ... Tự_do mạnh_mẽ Fight For You pha_trộn soul funk đòi_hỏi kỹ_thuật luyến_láy điêu_luyện phối dựng phong_cách tối_giản nhường không_gian H. E. phô_bày giọng hát Fight For You xướng H. E. Tiara_Thomas hai nữ nghệ_sĩ da_màu thắng hạng_mục Irene Cara chiến_thắng Glory phim Selma Tigress Tweed The_United States Vs Billie_Holiday Nhạc Raphael_Saadiq Andra_Day Trình_bày Andra DayTigress Tweed ca_khúc Andra Day thể_hiện phim tiểu_sử Billie_Holiday The_United States vs Billie_Holiday bối_cảnh thập_niên phim xoay quanh cuộc_sống hỗn_loạn Billie_Holiday phổ_biến Strange_Fruit ca_khúc kinh_điển nạn phân_biệt chủng_tộc Phim đánh_dấu trở_lại tám đạo_diễn Lee_Daniels Lee_Daniels The_Butler Tigress Tweed ấn_tượng chất giọng Andra Day đậm ẩn_dụ lột_tả cung_bậc cảm_xúc huyền_thoại quá_cố Andra_Day nhắc hát Strange_Fruit sáng_tác Andra Strange Fruit kêu_gọi nhận_thức Tigress Tweed kêu_gọi hành_động Andra Day hóa_thân mẹ đẻ dòng nhạc jazz phim Vai diễn đem đề_cử Cầu Vàng hạng_mục diễn_xuất Hear_My_Voice The_Trial of the Chicago 7Nhạc Daniel_Pemberton Daniel_Pemberton Celeste_Waite Trình_bày CelesteHear My_Voice ca_khúc Celeste thể_hiện album nhạc phim The_Trial of the Chicago phim chính_kịch đạo_diễn Aaron Sorkin phiên_tòa xét_xử Tom_Hayden sáu cộng_sự diễn tô đậm tranh xã_hội Mỹ thập_niên cũ giai_đoạn đen_tối Mỹ hai chính_trị_gia nổi_tiếng Martin_Luther_King John F. Kennedy lần_lượt ám_sát sự_kiện cuộc_chiến dai_dẳng Việt_Nam làn_sóng phản_đối chiến_tranh Mỹ trở_nên mạnh_mẽ Hear_My_Voice phim tiếp khán_giả niềm hy_vọng cuộc_sống Ca_khúc ngắn_gọn đơn_giản giàu ý_nghĩa tinh_thần phim Chất giọng nội_lực đậm chất soul Celeste gợi hai danh_ca Amy_Winehouse Duffy thời hát truyền rực lửa hy_vọng khao_khát tự_do Io_Si Seen The_Life_Ahead Nhạc Diane_Warren Diane_Warren Laura_Pausini Niccolò_Agliardi Trình_bày Laura PausiniIo Si Seen sáng_tác Diane_Warren power ballad duy_nhất đề_cử ca_khúc chủ_đề phim Italy The_Life_Ahead quan_hệ bé phụ_nữ Do_Thái cưu_mang Kịch_bản_phim chuyển_thể tiểu_thuyết nổi_tiếng The_Life Before_Us Romain_Gary Câu_chuyện cảm_động màn_ảnh hai nhấn_mạnh nội_dung phim Diane Warren viết Ca_khúc Diane Warren đề_cử Cầu Vàng sáu sự_nghiệp chiến_thắng hạng_mục ca_khúc You_Haven Seen the Last of Me trích phim ca_nhạc Burlesque trình_bày ca_khúc tiếng nữ ca_sĩ Laura_Pausini viết Italy cộng_sự thân_thiết Niccolò_Agliardi ca_khúc thu âm ngôn_ngữ Italy Pháp Bồ_Đào_Nha Tây_Ban_Nha Sơn_Phước"
"00005.txt","doi-song","0","Tài chínhLập kế_hoạch tiền hai kiếm tương_lai khoản hai đóng_góp tích_lũy tiền đóng hàng tùy lương thảo_luận thống_nhất quyết_định tài_chính đồng thuận cưới Tài chínhLập kế_hoạch tiền hai kiếm tương_lai khoản hai đóng_góp tích_lũy tiền đóng hàng tùy lương thảo_luận thống_nhất quyết_định tài_chính đồng thuận cưới Kế_hoạch tiết_kiệm nghỉ hưuBạn kế_hoạch tiết_kiệm hai bao_gồm chi_phí y_tế chẳng may hai ốm_đau Kế_hoạch tiết_kiệm nghỉ hưuBạn kế_hoạch tiết_kiệm hai bao_gồm chi_phí y_tế chẳng may hai ốm_đau cáiKhông kết_hôn hai thảo_luận thống_nhất nuôi dạy đứa trẻ khuyết_tật phản_ứng đứa trẻ cha_mẹ kỳ_vọng kết_hôn chẳng may hai suy_tính con_nuôi thai hộ thụ_tinh ống_nghiệm ly_hôn ... cáiKhông kết_hôn hai thảo_luận thống_nhất nuôi dạy đứa trẻ khuyết_tật phản_ứng đứa trẻ cha_mẹ kỳ_vọng kết_hôn chẳng may hai suy_tính con_nuôi thai hộ thụ_tinh ống_nghiệm ly_hôn ... Quan_niệm thủyChuyện Ví_dụ hôn phụ_nữ phản_bội kia gặp_mặt người_yêu cũ chấp_nhận vợ chồng yêu phản_bội kết_hôn quan_điểm lầm Quan_niệm thủyChuyện Ví_dụ hôn phụ_nữ phản_bội kia gặp_mặt người_yêu cũ chấp_nhận vợ chồng yêu phản_bội kết_hôn quan_điểm lầm Ước_mơ kế_hoạch vẻ câu phỏng_vấn nguyện_vọng gia_đình hạnh_phúc ước_muốn vợ chồng Ví_dụ chồng dốc thành_công cuộc_sống ổn_định thu_nhập câu giúp hình_dung viễn_cảnh sống Ước_mơ kế_hoạch vẻ câu phỏng_vấn nguyện_vọng gia_đình hạnh_phúc ước_muốn vợ chồng Ví_dụ chồng dốc thành_công cuộc_sống ổn_định thu_nhập câu giúp hình_dung viễn_cảnh sống Thỏa_thuận sốngMỗi ác_cảm lựa_chọn khôn_ngoan hôn_nhân bền_vững Ví_dụ ngăn_nắp vợ chồng nhà_cửa lộn_xộn thỏa_thuận hai ứng_xử Thỏa_thuận sốngMỗi ác_cảm lựa_chọn khôn_ngoan hôn_nhân bền_vững Ví_dụ ngăn_nắp vợ chồng nhà_cửa lộn_xộn thỏa_thuận hai ứng_xử tiền nợBiết khoản nợ giúp vợ_chồng kế_hoạch giải_quyết Đối_phương phản_bội chồng vợ che_giấu món nợ kết_hôn xong thú_nhận tin_tưởng yêu tiền nợBiết khoản nợ giúp vợ_chồng kế_hoạch giải_quyết Đối_phương phản_bội chồng vợ che_giấu món nợ kết_hôn xong thú_nhận tin_tưởng yêu sống đâuDù vẻ hiển_nhiên quên bàn kết_hôn sống nông_thôn thành_phố khác_biệt cuộc_sống hai người_yêu hài_lòng hai sống căn_hộ kia mơ sống mái_hiên tranh_luận nổ sống bạn_bè gia_đình kia tạm_thời sống đâuDù vẻ hiển_nhiên quên bàn kết_hôn sống nông_thôn thành_phố khác_biệt cuộc_sống hai người_yêu hài_lòng hai sống căn_hộ kia mơ sống mái_hiên tranh_luận nổ sống bạn_bè gia_đình kia tạm_thời nhauDù hôn_nhân có_nghĩa_là sống có_nghĩa đối_phương Vợ_chồng không_gian không_gian sốc sống nhauDù hôn_nhân có_nghĩa_là sống có_nghĩa đối_phương Vợ_chồng không_gian không_gian sốc sống đi nhauSau kết_hôn xuất_hiện_tại sự_kiện đôi_khi kết_hôn đi bạn_bè vợ chồng bàn chồng vợ dịp đi làm_quen ... đi nhauSau kết_hôn xuất_hiện_tại sự_kiện đôi_khi kết_hôn đi bạn_bè vợ chồng bàn chồng vợ dịp đi làm_quen ... Phân_chia công việcViệc châm ngòi cuộc_chiến vợ chồng quá_tải bình_yên phân_chia rõ_ràng công_việc Phân_chia công việcViệc châm ngòi cuộc_chiến vợ chồng quá_tải bình_yên phân_chia rõ_ràng công_việc Định chu_cấp bố_mẹ nàoCha mẹ già đi ốm chăm_sóc quyết_định sống chăm_sóc chu_cấp ... vô_cùng cần_thiết Định chu_cấp bố_mẹ nàoCha mẹ già đi ốm chăm_sóc quyết_định sống chăm_sóc chu_cấp ... vô_cùng cần_thiết Lịch_sử sức_khỏe tâm_thần thể chấtTương mặt sinh_học hai mong_muốn trung_thực tiền_sử sức_khỏe thể_chất tinh_thần bao_gồm tiền_sử gia_đình vợ_chồng tâm_lý tương_lai Lịch_sử sức_khỏe tâm_thần thể chấtTương mặt sinh_học hai mong_muốn trung_thực tiền_sử sức_khỏe thể_chất tinh_thần bao_gồm tiền_sử gia_đình vợ_chồng tâm_lý tương_lai xảy chếtĐây mong_muốn chôn_cất hỏa_táng qua_đời tài_sản con_cái từ_thiện ... xảy chếtĐây mong_muốn chôn_cất hỏa_táng qua_đời tài_sản con_cái từ_thiện ..."
"00085.txt","doi-song","0","Leanne Steve Ford hai thiết_kế nội_thất Pittsburgh Mỹ nổi_tiếng series sửa chiếu kênh HGTV. Leanne Steve hàng_đầu gia chủ sửa rộng_rãi mục_đích vách ngăn không_gian phương_án gia_đình ưa riêng_tư kín_đáo không_gian rộng Leanne bỏ_qua trần tường nữ chuyên_gia thay_vì phá tường gia chủ xem_xét sửa trần nâng trần lộ dầm họa văn trần không_gian trông rộng hấp_dẫn Lưu_ý cải_tạo ghi_nhớ sửa hình_dung sống tận_hưởng Leanne khuyên Leanne tiết_lộ sai_lầm gia chủ cuộc_sống Ví_dụ bếp đầu_tư tiền khu phòng đáp_ứng nhu_cầu lãng_phí diện_tích sửa đừng cố bạn_bè người_thân bản_thân_thích hạnh_phúc Leanne Thu_Nguyệt Insider"
"00032.txt","the-thao","8","Cơ_bắp thể_chất Roger giảm_sút Pierre_Paganini HLV hợp_tác Roger Federer nhật_báo Đức_Tages Anzeiger hôm quãng nghỉ ca phẫu_thuật hè tập chút Cơ_bắp Roger chỗ cân_đối hồi_phục coi đầu Federer nghỉ thi_đấu Australia Mở_rộng trải hai ca phẫu_thuật đầu_gối cầm vợt Hai huyền_thoại Thụy_Sỹ tập Dubai mùa rút Australia Mở_rộng sẵn_sàng thi_đấu Roger tham_dự quần_vợt đỉnh_cao Paganini nhấn_mạnh kiểm_tra phản_ứng cơ_thể thi_đấu an_toàn_thể_chất so_sánh Roger nghỉ quãng nghỉ ngắn cơ_bắp hoạt_động Federer nghỉ sáu trận thua Milos Raonic bán_kết Wimbledon trở_lại nửa đầu mùa vô_địch Australia Mở_rộng Wimbledon Grand Slam Federer tham_dự bảy chung_kết Wimbledon Đầu_gối Roger HLV làm_việc Federer kiểm_soát cơ_thể bao_gồm chấn_thương đội ứng_phó trải 1.500 trận bộ_phận trên_cơ_thể Roger tái_tạo đời vận_động_viên Roger vận_động_viên trẻ Paganini huấn_luyện Federer huyền_thoại Thụy_Sĩ Grand_Slam Chuyên_gia trách_nhiệm giáo_án hướng_dẫn Federer hai thập_kỷ Paganini sân Federer thi_đấu hai Chủ_nhân Grand_Slam bày_tỏ tin_tưởng tuyệt_đối chuyên_gia thể_lực đồng_hương thi_đấu điền_kinh bóng_đá quần_vợt Federer Paganini huấn_luyện Stan_Wawrinka tuyển Davis_Cup Thụy_Sĩ Nhân Marca"
"00013.txt","phap-luat","6","giết rình_rập dãy phố nghèo khu South Central thành_phố Los_Angeles vụ án_mạng phụ_nữ biến suốt Hắn báo_chí Mỹ biệt_danh Thần_chết ngủ im nạn_nhân phát_hiện phát bắn ngực Thi_thể nằm hẻm phụ_nữ sát_hại cách_thức nạn_nhân tiền_sử ma_túy bán_dâm Cảnh_sát Los_Angeles LAPD thủ_phạm gạ_gẫm mua_dâm sát_hại nạn_nhân may_mắn sống_sót LAPD kẻ sát_nhân Enietra Washington khai gã trung_niên da_màu trông hiền_lành dụ_dỗ xe rút súng bắn ý_thức Enietra hung_thủ tiếp_cận ánh đèn flash máy_ảnh loé hẻm vắng may_mắn cứu sống khu South Central xảy vụ án_mạng dấu_vết thủ_phạm trở_nên mờ dần Dường_như nghi phạm ngủ im vụ giết xảy cách_thức thi_thể khỏa thân Prince_Berthomieux phát_hiện hẻm Inglewood dấu_vết đánh_đập bóp_cổ xác Valerie McCorvey vứt hẻm bóp_cổ tấn_công tình_dục thi_thể Janecia_Peters phát_hiện túi rác hẻm khu Western_Ave LAPD tập_hợp_lực_lượng đặc_nhiệm điều_tra vụ giết Khám_nghiệm pháp_y mẫu nước_bọt giết ngực nạn_nhân LAPD hy_vọng tiến_bộ công_nghệ xét_nghiệm DNA đem phá_án ngạc_nhiên đội phá_án DNA nước_bọt khớp mẫu cơ_sở dữ_liệu tội_phạm_bang liên_bang chân_tướng kẻ giết thông_qua ADN LAPD kỹ_thuật tranh_cãi thời tìm_kiếm dấu_hiệu ADN gia_đình hy_vọng The_Grim Sleeper anh_trai tù dựa nghiên_cứu tội_phạm bạo_lực họ_hàng tù ADN phả hệ The_Grim Sleeper cơ_sở dữ_liệu triệu hồ_sơ ADN tội_phạm_bang hắn vạch_mặt lực_lượng phá_án bước_ngoặt trợ_giúp phạm_nhân Christopher_Franklin kết_án tội Tàng_trữ vũ_khí Christopher thụ_án mẫu ADN kết_quả xét_nghiệm mẫu thi_thể Christopher loại_trừ hung_thủ thập_niên nhỏ_tuổi khả_năng họ_hàng The_Grim Sleeper điều_tra_viên dựng gia_phả Christopher ta người_thân nam_giới trung Kết_quả Franklin_Jr Christopher nghi phạm đội giám_sát bí_mật cử theo_dõi hành_tung Franklin dự tiệc sinh_nhật gia_đình nhà_hàng pizza điều_tra_viên cải_trang thành nhân_viên dọn bàn miếng bánh pizza cắn dở nĩa hai khăn_ăn hai cốc nhựa miếng bánh sô la bàn chỗ Franklin đồ_vật phòng xét_nghiệm gene LAPD. ADN Franklin trùng khớp mẫu hiện_trường vụ án The_Grim Sleeper Hai cảnh_sát bắt giết hàng_loạt khẩu súng trùng cỡ đạn hiện_trường Sinh Franklin khu South Centra Los_Angeles nổi_tiếng tệ_nạn ma_tuý băng_đảng xã_hội_đen ta vợ hai thợ cơ_khí mát_tay sửa xe_hơi hàng_xóm giá rẻ gara LAPD. Mặc_dù Franklin tiền_án bạo_lực tình_dục đóng quân Stuttgart Đức binh_nhì Quân_đội Mỹ Franklin hai đồng_phạm bắt_cóc hãm_hiếp gái tấn_công chụp ảnh nạn_nhân Franklin giết ta xuất_ngũ bản_án tù thụ_án ta thả đồng_phạm chấp_hành bản_án điều_tra_viên Daryn Dupree Franklin xét_xử tội_danh giết cấp_độ tội_danh cố_ý giết Bằng_chứng DNA phiên_tòa kéo_dài hai Franklin kết_án tử_hình tiêm thuốc_độc chờ thi_hành án nhà_tù San_Quentin tối ta phát_hiện chết buồng giam nguyên_nhân thông_báo nghi_ngờ ta dừng ảnh chụp nạn_nhân ta ngừng án điều_tra_viên Daryn Việt_Anh Oxygen People"
"00020.txt","du-lich","1","ảnh hoa cà_phê bung nở đầu Văn_Nguyên sinh_sống làm_việc TP HCM trở đón Tết_Nguyên_Đán Đắk_Lắk niềm đam_mê nhiếp_ảnh sở_hữu fanpage 160.000 lượt theo_dõi đăng_tải ảnh cộng_đồng mạng ảnh hoa cà_phê bung nở đầu Văn_Nguyên sinh_sống làm_việc TP HCM trở đón Tết_Nguyên_Đán Đắk_Lắk niềm đam_mê nhiếp_ảnh sở_hữu fanpage 160.000 lượt theo_dõi đăng_tải ảnh cộng_đồng mạng ảnh chụp ngẫu_hứng chiều mùng vườn cà_phê rộng 2.000 m2 gia_đình cà_phê chăm_sóc chụp ảnh canh tưới Tết tuần hoa nở_rộ dịp chờ ảnh chụp ngẫu_hứng chiều mùng vườn cà_phê rộng 2.000 m2 gia_đình cà_phê chăm_sóc chụp ảnh canh tưới Tết tuần hoa nở_rộ dịp chờ dân Đắk_Lắk chụp ảnh mùa hoa cà_phê dân Đắk_Lắk chụp ảnh mùa hoa cà_phê Hoa cà_phê loài hoa nở_rộ chủ_yếu chia đợt đợt tỉnh Pleiku Buôn_Ma_Thuột Đắk_Lắk ... Hoa cà_phê loài hoa nở_rộ chủ_yếu chia đợt đợt tỉnh Pleiku Buôn_Ma_Thuột Đắk_Lắk ... Loài hoa mọc thành chùm dọc cành Cánh hoa mỏng nở tròn_xoe nhị trắng đan_xen hao_hao hoa_cúc mùa hoa cà_phê thời_tiết chớm xuân se lạnh vùng_đất Tây_Nguyên ong rừng hút_mật Nguyên hoa nở đẹp đợt cạnh tùy thổ_nhưỡng thời_tiết hoa nở Tết tuần Hoa mùi hương ngan_ngát thơm thoang_thoảng hắc hoa sữa Loài hoa mọc thành chùm dọc cành Cánh hoa mỏng nở tròn_xoe nhị trắng đan_xen hao_hao hoa_cúc mùa hoa cà_phê thời_tiết chớm xuân se lạnh vùng_đất Tây_Nguyên ong rừng hút_mật Nguyên hoa nở đẹp đợt cạnh tùy thổ_nhưỡng thời_tiết hoa nở Tết tuần Hoa mùi hương ngan_ngát thơm thoang_thoảng hắc hoa sữa Tuổi_thơ gắn liền đồi cà_phê trắng_muốt trải khắp thức dậy sương phủ ngang tầm_mắt hít_hà hương_hoa thoang_thoảng ngắm cánh hoa mỏng rung_rinh gió chàng trai_trẻ nạp năng_lượng quê Tuổi_thơ gắn liền đồi cà_phê trắng_muốt trải khắp thức dậy sương phủ ngang tầm_mắt hít_hà hương_hoa thoang_thoảng ngắm cánh hoa mỏng rung_rinh gió chàng trai_trẻ nạp năng_lượng quê ảnh loài hoa thân_thương Hoa đẹp đòi_hỏi công_sức chăm_sóc nông_dân Tết thu_hoạch hạt cà_phê xách ống đồng kích vụ hoa tối Vui đem khen cộng_đồng mạng khoe tâm_lý chăm hoa con_trai sở_thích ảnh loài hoa thân_thương Hoa đẹp đòi_hỏi công_sức chăm_sóc nông_dân Tết thu_hoạch hạt cà_phê xách ống đồng kích vụ hoa tối Vui đem khen cộng_đồng mạng khoe tâm_lý chăm hoa con_trai sở_thích"
"00023.txt","suc-khoe","7","Hiện bệnh_viện công_lập tư_nhân thành_phố triển_khai khai_báo y_tế điện_tử phần_mềm Sở Y_tế TP HCM. tổng_số 2,3 triệu lượt khai_báo y_tế điện_tử 1,8 triệu_chứng viêm hô_hấp 0,12 liên_quan_yếu_tố dịch_tễ Tỷ_lệ bệnh_nhân khám sàng_lọc 1,92 khám Bệnh_viện Bệnh Nhiệt_đới TP HCM Hồng điện_thoại thông_minh kết_nối Internet khai_báo y_tế điện_tử nhân_viên bệnh_viện nhập thông_tin máy_tính viết khai_báo giấy đọc điện_thoại nhân_viên xác_nhận địa_chỉ khai_báo khám tuần Hồng Hồng khai_báo y_tế điện_tử bệnh_viện dữ_liệu thông_tin lưu_trữ hệ_thống bệnh_viện TP HCM người_bệnh liên_hệ công_tác điện_thoại_di_động quét mã QR code khai_báo y_tế thay_thế khai_báo thủ_công giấy Trường_hợp điện_thoại_di_động bệnh_viện phương_tiện máy_tính khai_báo tại_chỗ Màn_hình Dashboard bệnh_viện giúp tổng_hợp dữ_liệu khai_báo y_tế cảnh_báo nguy_cơ nhân_viên phụ_trách hướng_dẫn phân_luồng người_bệnh khu_vực khám sàng_lọc Yếu_tố dịch_tễ phiếu khai_báo y_tế cập_nhật liên_tục Trung_tâm Kiểm_soát Bệnh_tật TP HCM HCDC đảm_trách Toàn_bộ dữ_liệu khai_báo y_tế bệnh_viện HCDC Sở Y_tế TP HCM giám_sát Dự_kiến phòng_khám trạm y_tế TP HCM áp_dụng khai_báo y_tế điện_tử Sở Y_tế TP HCM đề_nghị cơ_sở y_tế tăng_cường truyền_thông nghiêm_túc thông_điệp 5K khuyến_cáo Y_tế khai_báo trách_nhiệm pháp_luật khai_báo không_trung_thực Bệnh_viện bố_trí khu_vực kiểm_soát khẩu_trang khử_trùng đo thân_nhiệt khai_báo y_tế thông_thoáng tối_thiểu nhân_viên bệnh_viện khai_báo khai_báo y_tế"
"00153.txt","suc-khoe","7","dùng_bữa gia_đình cụ Cầu Giấy Hà_Nội đột_ngột run đánh_rơi đôi đũa Hai chân run_rẩy khuỵu đi_lại Người_nhà cõng xe Bệnh_viện Hữu_nghị cấp_cứu Bác_sĩ Mai_Đức_Thảo Trưởng khoa Thần_kinh người_bệnh nhập_viện đột_quỵ đái_tháo_đường Bệnh đái_tháo_đường yếu_tố nguy_cơ bệnh đột_quỵ người_nhà bệnh_viện kịp_thời đi_lại cầm nắm bình_thường tuần điều_trị Hiện sức_khỏe hồi_phục viện cụ Đống_Đa nhập_viện ngọng liệt tê nửa mặt tay_trái tiền_sử huyết_áp Bác_sĩ chẩn_đoán mắc đột_quỵ nhồi máu não huyết_áp rối_loạn chuyển_hóa_mỡ máu phim chụp cộng_hưởng nhồi máu thân não điều_trị kịp_thời cụ ngừng tuần_hoàn nguy_hiểm tính_mạng nửa điều_trị cụ dậy ăn_uống nói_chuyện bình_thường Hai bệnh_nhân rối_loạn chuyển_hóa huyết_áp tiểu_đường mắc đột_quỵ bác_sĩ Thảo Hầu_như người_bệnh cao_tuổi mắc rối_loạn chuyển_hóa rối_loạn chuyển_hóa song_hành đột_quỵ Bác_sĩ Thảo rối_loạn chuyển_hóa huyết_áp huyết_áp nguyên_nhân chủ_yếu đột_quỵ chảy_máu não bác_sĩ đường_máu acid uric mỡ máu đặc máu xơ_vữa thành mạch nguy_cơ đột_quỵ Điều_trị đột_quỵ kèm rối_loạn chuyển_hóa Bác_sĩ điều_trị đột_quỵ điều_chỉnh mỡ đường_máu rối_loạn acid uric thuốc tương_tác thuốc tác_dụng phụ chậm hiệu_quả điều_trị người_bệnh chậm hồi_phục nằm viện bác_sĩ Thảo nguyên_nhân sâu_xa bệnh thói_quen ăn_uống sinh_hoạt rượu_bia chế_độ thừa đường giàu chất_béo cân_bằng dinh_dưỡng vận_động già chức_năng cơ_thể suy_giảm rối_loạn chuyển_hóa xảy bác_sĩ khuyến_cáo người_bệnh cao_tuổi tuân_thủ chế_độ ăn_hàng tập_luyện uống thuốc cơ_thể dấu_hiệu bất_thường người_bệnh đi bệnh_viện kiểm_tra cao_tuổi đi kiểm_tra định_kỳ bệnh_lý rối_loạn chuyển_hóa tiểu_đường mỡ máu kiểm_soát thuốc tác_dụng tác_dụng phụ hạn_chế nguy_cơ bệnh biến_chứng đột_quỵ Chi_Lê"
"00071.txt","giai-tri","2","Speak Now dẫn_đầu bình_chọn Rotten_Tomatoes tỷ_lệ Trang IndieWire nhận_định Speak_Now đối_thủ giải Cầu Vàng lẫn Oscar Lễ trao giải Cầu Vàng Hiệp_hội Báo_chí Nước_ngoài Hollywood tổ_chức thường_niên diễn Việt_Nam Speak_Now phim One_Night In_Miami Nhạc Leslie_Odom Jr Sam_Ashworth Trình_bày Leslie Odom_Jr Speak Now ca_khúc chủ_đề One_Night in Miami tác_phẩm điện_ảnh đầu_tay nữ đạo_diễn Regina_King phim Leslie Odom_Jr hóa thân Sam_Cooke ca_sĩ nổi_tiếng làng nhạc soul Nội_dung phim đêm hư_cấu Miami Sam Cooke vô_tình gặp_gỡ nhân_vật nổi_tiếng Jim_Brown Malcolm Muhammad_Ali Bốn đàn_ông bàn_luận nhân_quyền cộng_đồng da_màu tiếng_nói xã_hội Speak Now phối đơn_giản nhạc acoustic guitar thông_điệp kêu_gọi dũng_cảm thể_hiện suy_nghĩ hát trở_nên hấp_dẫn trình_bày ngọt_ngào Leslie Odom_Jr Giọng hát gợi danh_ca Nat_King_Cole Odom cú đúp đề_cử Cầu Vàng hai hạng_mục ca_khúc nhạc phim diễn_xuất Fight For_You phim Judas And The_Black Messiah Nhạc H. E. R. Dernst Emile_II H. E. R. Tiara_Thomas Trình_bày H. E. RFight For You ca_khúc chủ_đề phim tiểu_sử Judas and the Black Messiahdo Shaka_King đạo_diễn phim bối_cảnh Chicago thập_niên lãnh_đạo đảng Báo Đen Fred Hampton đặc_viên FBI phản_bội ám_sát ra_đời đảng Báo Đen nổ hoạt_động chính_trị mạnh_mẽ Mỹ đòi quyền bình_đẳng da_màu Bám sát nội_dung phim hát ý_nghĩa đề_cao tự_do bối_cảnh xã_hội hỗn_loạn hát đoạn Tự_do bất_công Tự_do tham_nhũng ... Tự_do mạnh_mẽ Fight For You pha_trộn soul funk đòi_hỏi kỹ_thuật luyến_láy điêu_luyện phối dựng phong_cách tối_giản nhường không_gian H. E. phô_bày giọng hát Fight For You xướng H. E. Tiara_Thomas hai nữ nghệ_sĩ da_màu thắng hạng_mục Irene Cara chiến_thắng Glory phim Selma Tigress Tweed The_United States Vs Billie_Holiday Nhạc Raphael_Saadiq Andra_Day Trình_bày Andra DayTigress Tweed ca_khúc Andra Day thể_hiện phim tiểu_sử Billie_Holiday The_United States vs Billie_Holiday bối_cảnh thập_niên phim xoay quanh cuộc_sống hỗn_loạn Billie_Holiday phổ_biến Strange_Fruit ca_khúc kinh_điển nạn phân_biệt chủng_tộc Phim đánh_dấu trở_lại tám đạo_diễn Lee_Daniels Lee_Daniels The_Butler Tigress Tweed ấn_tượng chất giọng Andra Day đậm ẩn_dụ lột_tả cung_bậc cảm_xúc huyền_thoại quá_cố Andra_Day nhắc hát Strange_Fruit sáng_tác Andra Strange Fruit kêu_gọi nhận_thức Tigress Tweed kêu_gọi hành_động Andra Day hóa_thân mẹ đẻ dòng nhạc jazz phim Vai diễn đem đề_cử Cầu Vàng hạng_mục diễn_xuất Hear_My_Voice The_Trial of the Chicago 7Nhạc Daniel_Pemberton Daniel_Pemberton Celeste_Waite Trình_bày CelesteHear My_Voice ca_khúc Celeste thể_hiện album nhạc phim The_Trial of the Chicago phim chính_kịch đạo_diễn Aaron Sorkin phiên_tòa xét_xử Tom_Hayden sáu cộng_sự diễn tô đậm tranh xã_hội Mỹ thập_niên cũ giai_đoạn đen_tối Mỹ hai chính_trị_gia nổi_tiếng Martin_Luther_King John F. Kennedy lần_lượt ám_sát sự_kiện cuộc_chiến dai_dẳng Việt_Nam làn_sóng phản_đối chiến_tranh Mỹ trở_nên mạnh_mẽ Hear_My_Voice phim tiếp khán_giả niềm hy_vọng cuộc_sống Ca_khúc ngắn_gọn đơn_giản giàu ý_nghĩa tinh_thần phim Chất giọng nội_lực đậm chất soul Celeste gợi hai danh_ca Amy_Winehouse Duffy thời hát truyền rực lửa hy_vọng khao_khát tự_do Io_Si Seen The_Life_Ahead Nhạc Diane_Warren Diane_Warren Laura_Pausini Niccolò_Agliardi Trình_bày Laura PausiniIo Si Seen sáng_tác Diane_Warren power ballad duy_nhất đề_cử ca_khúc chủ_đề phim Italy The_Life_Ahead quan_hệ bé phụ_nữ Do_Thái cưu_mang Kịch_bản_phim chuyển_thể tiểu_thuyết nổi_tiếng The_Life Before_Us Romain_Gary Câu_chuyện cảm_động màn_ảnh hai nhấn_mạnh nội_dung phim Diane Warren viết Ca_khúc Diane Warren đề_cử Cầu Vàng sáu sự_nghiệp chiến_thắng hạng_mục ca_khúc You_Haven Seen the Last of Me trích phim ca_nhạc Burlesque trình_bày ca_khúc tiếng nữ ca_sĩ Laura_Pausini viết Italy cộng_sự thân_thiết Niccolò_Agliardi ca_khúc thu âm ngôn_ngữ Italy Pháp Bồ_Đào_Nha Tây_Ban_Nha Sơn_Phước"
"00034.txt","doi-song","0","Độc_giả gửi câu đâyHơn đội_ngũ nhân_viên y_tế ngày_đêm làm_việc phòng_chống dịch_bệnh chiến_sĩ áo trắng hy_sinh_thời_gian gia_đình lên_đường điểm_nóng Covid Ngày_đêm truy_tìm dấu_vết xét_nghiệm nhanh_chóng giúp khoanh ca nhiễm dập tắt dịch Công_việc căng_thẳng quá_tải nhân_viên y_tế lo_lắng áp_lực trường_hợp nữ nhân_viên y_tế Bình_Dương Hải_Dương ngất_xỉu nhiệm_vụ gác niềm vui điều_trị bệnh_nhân câu_chuyện bác_sĩ Thanh_Xuân Thành Bệnh_viện Bệnh Nhiệt_Đới TP HCM hoãn lịch cưới chăm_sóc bệnh_nhân phi_công Covid bùng_phát đảo_lộn cuộc_sống gánh vai phụ_nữ chồng_chất Tinh_thần hành_động nhân_văn đội_ngũ bác_sĩ tuyến đầu truyền_cảm_hứng tiếp sức_mạnh đoàn_kết đẩy_lùi Covid hành_trình phụ_nữ chị_em làm_việc ngành cố_gắng hoàn_thành_công_việc chăm_lo tổ_ấm viết câu_chuyện đẹp đời_thường Đôi_khi phi_thường hành_động giản_đơn động_viên ánh mắt thấu_hiểu tiếp_sức tinh_thần người_thân_yêu đội_ngũ nhân_viên y_tế Tình_yêu_thương chất xúc_tác kết_nối xa_lạ cuộc_chiến dịch_bệnh trắc_ẩn tử_tế sợi dây gắn_kết hàng triệu trái_tim giúp Việt_Nam ghi bản_đồ thế_giới công_tác phòng_chống dịch phi_thường đại_dịch kiến_tạo hoa sắc hương nửa xinh_đẹp thế_giới Talkshow phi_thường yêu_thương PNJ khởi_xướng phối_hợp VnExpress tổ_chức tôn_vinh phái_đẹp dịp phụ_nữ làm_việc ngành phụ_nữ lặng thầm gánh_vác lo_toan kiên_tâm thời dịch bảo_vệ người_thân gia_đình xã_hội Tham_gia talkshow bác_sĩ Dư Lê Thanh_Xuân Bệnh_viện Bệnh Nhiệt_Đới TP HCM Thạc_sĩ bác_sĩ Nguyễn_Thị Huỳnh_Mai Chánh văn_phòng Sở Y_tế TP HCM trải nghề đời cuộc_chiến chống Covid chăm_sóc bệnh_nhân nhiễm nCoV bác_sĩ tuyến đầu đối_mặt ... cạnh công_việc phụ_nữ ngành bí_quyết vợ đảm mẹ hiền xây_dựng gia_đình hạnh_phúc Bác_sĩ Dư Lê Thanh_Xuân bác_sĩ trẻ Khoa hồi_sức cấp_cứu chống độc người_lớn Bệnh_viện Bệnh Nhiệt_Đới TP HCM tham_gia điều_trị bệnh_nhân phi_công mắc Covid Thạc_sĩ bác_sĩ Nguyễn_Thị Huỳnh_Mai số_ít phụ_nữ có_mặt đội_ngũ lãnh_đạo ngành y_tế TP HCM vai_trò hoạt_động Sở Y_tế phòng_chống dịch_bệnh Hai mời chương_trình gương_mặt đại_diện nữ thầy_thuốc bác_sĩ nhân_viên ngành thành lá_chắn yêu_thương dân chống dịch vai_trò khởi_xướng chương_trình đại_diện PNJ Lê_Trí_Thông Phó_chủ_tịch Hội_đồng quản_trị kiêm Tổng_giám_đốc góc thương_hiệu làm_đẹp nữ quyền tôn_vinh phụ_nữ Độc_giả gửi chúc sức_khỏe bác_sĩ câu hoạt_động phòng_chống Covid ta chương_trình phụ_nữ dịp thương_hiệu trang_sức PNJ. Bác_sĩ Huỳnh_Mai bác_sĩ Thanh_Xuân Lê_Trí Thông giải_đáp thắc_mắc độc_giả 9h talkshow phát VnExpress Ngọc_An Ảnh PNJ"
"00045.txt","doi-song","0","Khoản tiền gọi phí xã_hội tiền phạt gia_đình đặc_quyền sinh con_số phép Sáu phụ_nữ Trung_Quốc sinh Zhang nộp phạt con_trai hai con_gái cặp song_sinh giấy_tờ tùy_thân Vợ_chồng Zhang điều_hành nhà_máy_may công_ty trang_sức doanh_nghiệp chăm_sóc da Quảng_Đông Zhang Rongrong sinh Triều_Sán đông tỉnh Quảng_Đông truyền_thống đẻ ưu_tiên con_trai đẻ bảy đứa Zhang hiếm gia_đình bốn đứa Triều_Sán con_trai con_gái hai đứa trẻ đầu gái cố đẻ đứa thứ_tư Zhang quyết_định sinh trọng nam khinh nữ Hai đứa đầu Zhang trai gái mẹ cô_đơn chồng đi công_tác đi học cạnh già thay thăm mẹ doanh_nhân Giá bất_động_sản chóng_mặt giáo_dục đắt_đỏ chi_phí chăm_sóc sức_khỏe Trung_Quốc nuôi dạy tốn_kém Zhang gia_đình đáng_giá Lo_ngại dân_số già tỷ_lệ sinh đất_nước Trung_Quốc bãi_bỏ chính_sách phép cặp vợ_chồng hai Mặc_dù tác_động ghi_nhận ngắn gia_tăng ca sinh trẻ sơ_sinh trẻ sinh 580.000 14,65 triệu Zhang khoảnh_khắc hạnh_phúc gia_đình mạng xã_hội tài_khoản thu_hút triệu theo_dõi đứa trường đứa bảo_mẫu xưởng may trưa Zhang doanh_nhân thành_đạt thành_công tương_lai hạn_chế sinh cống_hiến hết_mình công_việc lo gia_đình Buộc lựa_chọn chồng Zhang quyết_định đi triệt_sản hoạt_động ngoài_trời đông đi du_lịch vợ mẹ Zhang kiệt_sức nuôi bảy đứa mệt_mỏi nuôi dạy khiêu_vũ thoải_mái đổ mồ_hôi chất_lượng sống hài_lòng khả_năng tài_chính sinh đứa trẻ Zhang Nhật_Minh SCMP"
"00157.txt","giai-tri","2","Hai tác_phẩm sách phát_hành chậm dòng Hương_Giang Miền di_sản chậm dòng Hương_Giang viết Huế Nguyễn_Ngọc_Dũng nhắc ẩm_thực phong_phú kèm hình_ảnh minh_họa gợi trí tò_mò sành trang sách đong cảm_xúc tâm_tình mâm cơm mắm ruốc tôm chua mẹ Món đặc_trưng cơm hến cơm chín nguội tóp_mỡ chiên giòn rưới chút mắm ruốc nổi_bật vị bùi hến Món ngon đề_cập bánh_bèo chén bánh bột lọc bánh_canh Nam_Phổ bánh_chưng Nhật_Lệ Huế tác_giả say_đắm sông Hương thơ_mộng ví dòng đệm trôi bềnh_bồng luân_chuyển kỷ_niệm Hai bờ địa_danh lâu_đời đồi Vọng Cảnh chùa Thiên_Mụ điện Hòn Chén đứng sừng_sững chứng nhân thời_cuộc chiến_tranh hòa bình bao đổi_thay con_người Dạo quanh lăng_tẩm nhà_vua mưa tác_giả gọi Huế thành_phố khuất_bóng cảnh_trí toát không_khí tĩnh_mịch trang_nghiêm cố_đô quyển Miền di_sản Quảng_Nam tác_giả làng_nghề dần lãng_quên làng Quán_Hương tăm hương Nét đặc_trưng nằm chất_liệu địa_phương bột quế Trà_My tăm mùi thơm khác_biệt Làng hoa trái Đại_Bường độc_đáo trái_cây miền Nam măng_cụt chôm_chôm mệnh_danh làng Bắc_bộ miền Trung trái vải_thiều Kiến_trúc_sư làng_nghề đúc đồng Phước_Kiều hình_thành thế_kỷ làng trống Lâm_Yên làng chiếu Bàn_Thạch ... cạnh đọc ngành du_lịch sôi_động bãi biển Đà_Nẵng bãi biển du_lịch tiêu_biểu bãi Mỹ_Khê Non_Nước bãi Đá Đen Ngũ_Hành_Sơn nhắc miêu_tả ngắn_gọn cẩm_nang đôi chân khám_phá Hội_An Nguyễn_Ngọc Dũng gợi_ý đọc chậm phố cổ đi dạo vô_số bánh_trái xí chè lục tàu_xá bánh_in bột đậu_xanh bánh mĩ_miều hoa_hồng trắng kết đôi bánh_bao bánh vạt Nhân bánh tôm đất mộc_nhĩ hành lá ... xào bọc lớp vỏ bột gạo xay hương thơm tươi ngán Hai bánh sắp_xếp hình hoa mâm món ngon_miệng quyển tranh con_người cảnh_vật tư_liệu xê_dịch Nhà_thơ Lê_Minh_Quốc nhận_định sách hữu_ích hứng_thú địa_danh Việt_Nam mong_muốn trải nghiệm lối sống địa_phương Tranh ký_họa Lang_thang phố thị Kiến_trúc_sư Nguyễn_Ngọc_Dũng xuất_bản tác_phẩm Đi hồn đô_thị bảy đầu_sách ra_mắt bạn_đọc Lang_thang phố thị Lang_thang phố thị Đồng_bằng sông Cửu_Long liên_tiếp_nhận giải_thưởng Kiến_Trúc TP HCM hạng_mục ấn_phẩm tác_giả lang_thang đô_thị biển Nha_Trang Phan_Thiết tìm_kiếm chất_liệu viết sách vẽ tranh thiền cảm_giác_thư_thái Viết sách ngược_lại công_việc tốn tâm_sức nghiên_cứu đối_chiếu tài_liệu ra_mắt sách Sài_Gòn trăm tác_phẩm tiêu_biểu tái_bản Quỳnh_Quyên"
"00055.txt","doi-song","0","hai thợ_may Vikas_Kumar bang Bihar miền đông Ấn_Độ xây_dựng kế_hoạch tham_vọng bảy làm_thuê công_ty dệt Mumbai lương 25.000 rupee triệu đồng định quê tiệm may kinh_doanh cải cạo xây đất rơm bố_mẹ vợ hai sống thành xây mái ngói đại_dịch Covid đổ_vỡ chính_phủ Ấn_Độ ra_lệnh phong_tỏa đi buộc trang_trải giai_đoạn tiêu khoản tiền 100.000 rupee triệu đồng tích_cóp đồng kế_hoạch sửa việc_làm công_ty khôi_phục Kumar trở_lại Mumbai Hiện Kumar tiến_thoái lưỡng_nan gia_đình đất nông_nghiệp phí Kumar hoãn kế_hoạch kinh_doanh Câu_chuyện khởi_nghiệp Kumar ví_dụ kế_hoạch an_ninh tài_chính giới trẻ châu ảnh_hưởng đại_dịch Đại_dịch kéo_dài ảnh_hưởng giới trẻ tiêu_cực chuyên_gia quốc_gia can_thiệp giới trẻ châu thế_hệ mất_mát Việc_làm_khó khănTheo báo_cáo Tổ_chức lao_động thế_giới ILO tỷ_lệ thất_nghiệp độ Hồng_Kông Nhật_Bản Hàn_Quốc Malaysia Thái_Lan Việt_Nam quý quý II kế_hoạch chàng sinh_viên Nhật_Bản Toma_Tajima tốt_nghiệp Đại_học Nghiên_cứu_quốc_tế Kanda Tokyo liên_tục từ_chối thể công_việc sự_nghiệp chán_nản từ_bỏ nỗ_lực Tajima công_việc thương_mại quốc_tế logistic kinh_doanh bất_động_sản ngành ảnh_hưởng nặng_nề đại_dịch Covid công_ty từ_chối Tajima công_việc ngành tăng_trưởng công_nghệ thông_tin sản_xuất công_việc kinh_doanh công_ty sản_xuất máy_móc Mặc_dù công_việc mong_muốn vô_cùng hạnh_phúc nỗ_lực tích_lũy kinh_nghiệm xây_dựng đường sự_nghiệp mong_muốn tâm_sự khắp châu trẻ rơi tình_cảnh Tajima việc_làm thế_hệ trẻ châu ảnh_hưởng nặng_nề đại_dịch Mua khănỞ Singapore trẻ kế_hoạch mua căn_hộ trả_góp kết_hôn thời_kỳ Covid lộ_trình mua căn_hộ kết_hôn trở_nên Charlotte_Wang sáng_tạo nội_dung trai hoàn_thành dự_án chung_cư kéo đồng_nghĩa hai sống bố_mẹ đi thuê hai phương_án thoải_mái Wang nghỉ_việc công_ty marketing định nghỉ_ngơi hai đại_dịch thất_nghiệp thể việc_làm trai tư_vấn tài_chính thu_nhập Cặp đôi kế_hoạch mua trả_góp dự_định mua căn_hộ hoàn_thiện chuyên_gia trẻ lộ_trình mua trả_góp kết_hôn phong_trào Singapore Thay điều_chỉnh thích_nghi tình_hình thuê trì_hoãn kết_hôn Ngược_lại mua nhà_chung_cư trả_góp Singapore trẻ châu đứng cơ_hội_sở_hữu Ví_dụ Hồng_Kông Matthew_Lai tận_dụng giá lãi_suất vay ngân_hàng đi biến giấc mơ sở_hữu Hồng_Kông có_giá thế_giới thành hiện_thực Sở_hữu thay_vì đi thuê mục_tiêu Hồng_Kông Lai gái việc_làm ổn_định lo_lắng khả_năng chi_trả căn_hộ m2 phòng ngủ kế_hoạch khoản đầu_tư lo_lắng lắm Lai lãi_suất vay chi_phí mua đi Kế_hoạch đảo lộnTheo kết_quả khảo_sát tham_gia hoãn kết_hôn hoãn tác_động đại_dịch kinh_tế đại_dịch trẻ sắp_xếp cuộc_sống Zoey quyết_định tiết_kiệm tiền cuộc_sống bố_mẹ em_trai môi_trường sống học_tập hiệu_quả sinh_viên hai Đại_học bách_khoa quyết_định hành_động tích_lũy chục ngàn đô_la Singapore thuê một_mình kế_hoạch hoãn kế_hoạch làm_việc tiết_kiệm tiền mục_tiêu Zoey thuê tiết_kiệm hai sống thoải_mái ví_dụ sống nhà_trọ tập_thể ngại trẻ Singapore kế_hoạch Zoey chuyên_gia bất_động_sản trẻ thực_dụng năng_lực tài_chính thuê Zoey mặc_dù ngưỡng_mộ kế_hoạch đa_số thoải_mái sống cha_mẹ kế_hoạch sống một_mình sốc sống cha_mẹ đối_mặt quyết_định đối_diện cuộc_sống Zoey tâm_sự Khánh_Ngọc Straitstimes"
"00099.txt","kinh-doanh","5","thông_tin đợt vaccine Covid hạ_cánh sân_bay Tân_Sơn_Nhất ban lãnh_đạo Tập_đoàn bất_động_sản Gotec_Land nhanh_chóng ký quyết_định chi_phí tiêm vaccine ngừa Covid nằm chính_sách ưu_tiên phòng_chống dịch toàn_thể_nhân_viên tập_đoàn mục_tiêu Gotec_Land bao_gồm nâng phúc_lợi nhân_viên công_ty thành_viên đẩy_mạnh hoạt_động thiện nguyện chiến_lược kinh_doanh mục_tiêu doanh_thu định_hướng phát_triển bền_vững biến_đổi thử_thách thị_trường Hòa nhịp chiến_dịch đẩy_lùi Covid thấu_hiểu phương_châm an_toàn mạnh_khỏe chống dịch kinh_doanh tài_trợ chi_phí tiêm vaccine Covid toàn_bộ nhân_viên tập_đoàn sức_khỏe đội_ngũ an_tâm khách_hàng tiếp_xúc nhân_viên Gotec_Land đợt vaccine Gotec_Land ưu_tiên nhân_viên TP HCM Đồng_Nai Đà_Nẵng bao_gồm bộ_phận phục_vụ khách_hàng nhân_viên kinh_doanh chăm_sóc khách_hàng quản_lý dự_án toàn hệ_thống Đại_diện tập_đoàn liên_hệ Y_tế cơ_quan_chức_năng đăng_ký mua vaccine Covid chương_trình tiêm_chủng ngừa toàn_thể cán_bộ nhân_viên quy_định Đại_diện Gotec Land ảnh_hưởng dịch_bệnh thị_trường chứng_kiến doanh_nghiệp ảnh_hưởng nặng_nề hoạt_động_kinh_doanh thuận_lợi rơi cảnh việc_làm Tập_đoàn kinh_doanh tập_đoàn đồng_hành trở_ngại ổn_định nguồn_lực nhân_sự thu_hút tài chính_sách tuyển_dụng phúc_lợi hấp_dẫn thường_xuyên chăm_lo đời_sống nhân_viên hài_lòng công_việc cống_hiến hành_trình chuyển_đổi kinh_doanh đại_diện tập_đoàn Thấu_hiểu vai_trò nhân_viên công_ty Gotec Land mục_tiêu khai_phá tiềm_năng nhân_viên bồi_dưỡng tài nâng chương_trình đào_tạo nhân_viên phát_huy tiềm_năng nội_lực cống_hiến chiến_lược kinh_doanh thích_ứng nhanh_chóng thị_trường phát_triển tất_yếu công_nghệ tập_đoàn liên_tục chiến_lược sẵn_sàng đương_đầu thách_thức mục_tiêu trước_mắt phương_thức hàng tiếp_cận khách_hàng bối_cảnh Covid diễn_biến phức_tạp công_ty triển_khai áp_dụng hóa giao_dịch bất_động_sản kịch_bản chiến_lược giai_đoạn dịch_bệnh liên_tục_hóa hoạt_động_kinh_doanh đem trải nghiệm tối_ưu khách_hàng áp_dụng công_nghệ dựa nền_tảng thấu_hiểu hành_trình trải nghiệm khách_hàng hoạt_động_kinh_doanh nghiên_cứu kỹ_lưỡng tích_cực triển_khai áp_dụng dự_án ra_mắt đại_diện tập_đoàn cạnh hoạt_động_kinh_doanh nằm chiến_lược phát_triển bền_vững Gotec Land sứ_mệnh phát_triển hoạt_động nhân_văn trách_nhiệm cộng_đồng Đầu doanh_nghiệp triển_khai hoạt_động thiện_nguyện Mái ấm Phúc_Lâm Đồng_Nai chùa Lâm_Quang TP HCM ... mong_muốn giúp_đỡ Tết mảnh đời hoạt_động đầu thể_hiện sẵn_sàng Tập_đoàn Gotec_Land mục_tiêu làm_việc châu Top phát_triển bất_động_sản tiêu_biểu Vũ_Khánh"
"00019.txt","phap-luat","6","Chiều Shoaf chặn hạt Kershaw bang South_Carolina bé viên cảnh_sát bắt_giữ tàng_trữ cần_sa khu rừng rậm đi lòng_vòng Shoaf phương_hướng cảm_giác gã cảnh_sát bé cố_ý tuột đôi giày đi dấu_hiệu Shoaf cửa hầm mặt_đất rừng bố_mẹ Elizabeth Shoaf đi con_gái báo cảnh_sát Ban_đầu chức_trách bé đi phát báo_động trẻ bắt_cóc tổ_chức tìm_kiếm dấu_vết bố_mẹ Shoaf con_gái im_lặng đi liên_lạc linh_cảm mẹ Shoaf nhắn điện_thoại lạ Mẹ hố đối_diện đồi xe_tải đi bom Mau gọi cảnh_sát nhắn viết mẹ nhắn trêu_chọc Cảnh_sát tìm_kiếm khu_vực mô_tả danh_tính chủ thuê_bao điện_thoại Chủ thuê_bao Vinson_Filyaw truy_nã tội xâm_hại trẻ_em sống khu_vực gia_đình nạn_nhân Cảnh_sát địa_phương Filyaw lệnh bắt hắn Khám cảnh_sát phát_hiện hầm đệm phòng ngủ Filyaw sân_nhà hố đào thủ_công bất_thường Hôm cảnh_sát chiến_thuật mạo_hiểm công_bố nội_dung nhắn Shoaf tình_tiết nhắn gửi điện_thoại Filyaw Động_thái gia_đình Shoaf lo_lắng Filyaw giết bịt đầu_mối chức_trách nghi phạm hại bé chú_ý Filyaw trôi cảnh_sát tìm_kiếm hố mô_tả nhắn kiểu cuốn_chiếu tiếng gọi bé gái cảnh_sát nguồn_gốc phát âm_thanh Elizabeth_Shoaf đứng một_mình hầm tinh_thần ổn_định Shoaf bắt_cóc hầm Filyaw đào sâu 4,5 rộng 1m hầm toilet giường chế giá đồ cành bình gas nấu_nướng ao Filyam ý_định Shoaf Hắn hai lựu_đạn chế súng bắn pháo_sáng súng điện còng kéo hầm Shoaf xích cổ lột quần_áo xâm_hại tình_dục bé Filyaw bật tivi chạy ắc quy theo_dõi động_thái cảnh_sát truyền_thông ngăn nạn_nhân trốn Filyaw miệng hầm cài bom hầm Shoaf tiếng đoàn tìm_kiếm bóng đi cửa im_lặng khống_chế súng điện sống_sót Shoaf đối_phó dọa giết bé bình_tĩnh tán_gẫu chủ_đề hắn hắn bảo Hắn gọi cưng gọi hắn hắn bảo yêu vờ hắn Shoaf trả_lời báo_chí Hành_động Shoaf bé Filyaw Shoaf dường_như thành_công thuyết_phục Filyaw hắn Shoaf kẻ bắt_cóc hình_thành quan_hệ kỳ_lạ Shoaf tháo xích hầm phút bé lén nắm tóc vương cành hy_vọng chó cảnh_sát đánh_hơi Chờ ngủ say Shoaf điện_thoại nhắn_tin sóng bắt quả_tang bé nhanh_trí điện_tử cố_gắng nhắn bắt sóng mẹ bắt_cóc Shoaf Filyaw tiếng trực_thăng hầm bật tivi Filyaw cảnh_sát trở_nên giận_dữ nạn_nhân sợ tưởng chết Hắn ta giận_dữ Shoaf tức_giận Filyaw dần nhường chỗ nỗi sợ Hắn Shoaf khuyên trốn cảnh_sát Filyaw khuyên Shoaf chui hầm kêu cảnh_sát giải_cứu Shoaf cứu Filyaw bắt ẩn_náu hố dặm Hắn ta khởi_tố tội Bắt_cóc Xâm_hại tình_dục chức_trách động_cơ án Filyaw trả_thù phòng cảnh_sát hạt Kershaw Filyaw phát lệnh bắt_giữ xâm_hại tình_dục con_riêng gái bé gái gia_đình hắn ta nảy ý_định bắt_cóc dụ cảnh_sát hạt Kershaw chỗ nổ bom Vinson Filyaw tội kết_án tù ân_xá Quốc_Đạt MSNBC Los Angeles_Times"
"00095.txt","giao-duc","3","Lễ ra_mắt FUNiX Japan diễn chiều lễ tham_gia Trương_Gia_Bình Chủ_tịch Tập_đoàn FPT Chu_Thị_Thanh_Hà Chủ_tịch FPT Software Trần_Đăng_Hoà Giám_đốc Điều_hành FPT Software Nguyễn_Thành_Nam sáng_lập FUNiX Nguyễn_Việt_Vương Giám_đốc FPT Japan Lê_Minh_Đức Giám_đốc điều_hành FUNiX đại_diện đối_tác doanh_nghiệp trường đại_học FUNiX Việt_Nam Nhật_Bản"
"00040.txt","suc-khoe","7","Bác_sĩ chuyên_khoa Tống_Minh_Nhựt phó_trưởng khoa Nội Tổng_quát Bệnh_viện đa_khoa Xuyên Á_Vĩnh_Long phát_hiện dấu_hiệu ngộ_độc thực_phẩm sơ_cứu nôn bệnh_nhân nôn Bệnh_nhân nôn_ói hạn_chế chất_độc hấp_thụ máu đường tiêu_hóa nôn chú_ý bệnh_nhân nằm đầu nghiêng chất nôn trào ngược đường hô_hấp ngộ_độc bệnh_nhân uống uống dừa đun sôi nguội suối cháo dung_dịch oresol Bổ_sung giúp bù cơ_thể tiêu_chảy nôn ói gọi xe cấp_cứu bệnh_nhân cơ_sở y_tế xử_trí kịp_thời Bác_sĩ Nhứt khuyên người_nhà mẫu thực_phẩm nghi_ngờ ngộ_độc kèm nhãn_mác thực_phẩm chuyên_gia y_tế tiến_hành xét_nghiệm nguyên_nhân ngộ_độc xảy trường_hợp ngộ_độc hàng_loạt bệnh_nhân cơ_sở y_tế điều_trị báo cơ_quan_chức_năng ngăn_chặn ngộ_độc tiếp_diễn diện rộng bác_sĩ nhấn_mạnh Ngộ_độc thực_phẩm ngộ_độc thức_ăn trúng_thực ăn_uống thức_ăn uống bảo_quản kỹ ôi thiu nhiễm vi_khuẩn độc_tố vi_khuẩn thức_ăn chứa hóa_chất bảo_quản độc_hại ... Dấu_hiệu ngộ_độc thức_ăn đau bụng rốn kèm buồn_nôn nôn ói đau bụng vùng_dưới rốn đau khắp bụng kèm tiêu phân lỏng phân đàm nhầy kèm máu sốt bệnh_nhân tê tay_chân chất điện giải Trường_hợp bệnh_nhân ảnh_hưởng tính_mạng bác_sĩ Nhựt dịp Tết mua thực_phẩm nguồn_gốc kiểm_soát kiểm_định chất_lượng cơ_quan_chức_năng Ăn_uống đảm_bảo_vệ_sinh an_toàn thực_phẩm ngộ_độc thực_phẩm dịp Tết dân thận_trọng lựa_chọn thức_ăn đảm_bảo_an_toàn gia_đình Thư_Anh"
"00052.txt","doi-song","0","kết_quả khảo_sát Trung_tâm Kiểm_soát Phòng_ngừa dịch_bệnh Hoa_Kỳ CDC Tiến_sĩ Shekhar_Saxena trường Y_tế Công_cộng Harvard Tác_động đại_dịch sức_khỏe tâm_thần trẻ độ số_liệu Hoa_Kỳ thanh_niên triệu_chứng lo_âu trầm_cảm tâm_lý Liên_minh quốc_gia bệnh tâm_thần bệnh tâm_thần suốt đời phát_triển độ phát_triển khủng_hoảng Covid kết_thúc Saxena trưởng_thành ảnh_hưởng lâu_dài sức_khỏe tâm_thần đối_phó nghiêm_trọng ảnh_hưởng công_việc học_vấn gánh sức_khỏe bất_lực tiến_sĩ Saxena thu_nhập trẻ đối_mặt trung_niên cao_tuổi cuộc_sống Khảo_sát mạng_lưới Healthy_Minds Covid ảnh_hưởng tiêu_cực sức_khỏe tâm_thần sinh_viên đại_học chuyên_gia lo_ngại tìm_kiếm tư_vấn cần_thiết Sinh_viên da_màu sinh_viên thu_nhập khả_năng tìm_kiếm chăm_sóc sức_khỏe tâm_thần chi_phí sinh_viên khả_năng học tốt_nghiệp tiến_sĩ Sarah_Lipson trợ_lý giáo_sư Khoa Quản_lý Chính_sách Luật Y_tế trường Y_tế Công_cộng Đại_học Boston Saxena nhận_định đại_dịch bão hoàn_hảo nảy_sinh xuất_phát lo_lắng mất_mát trầm_cảm trẻ giáo_dục nghề_nghiệp Độ cuộc_sống tạm dừng trôi đi cuộc_sống đứng yên Thị_trường việc_làm trẻ tham_gia đoán vẻ căng_thẳng chuyên_gia Tổ_chức Mental Health America phát_hiện dân cô_đơn cô_lập yếu_tố hàng_đầu sức_khỏe tâm_thần Cô_lập tách_biệt cô_đơn cảm_giác đi kèm Jordan_Corcoran ủng_hộ sáng_lập tổ_chức sức_khỏe tâm_thần Listen_Lucy chẩn_đoán mắc chứng rối_loạn lo_âu tổng_quát rối_loạn hoảng_sợ nhận_định đại_dịch làm_việc phút bớt lo_lắng Cách_ly nguyên_nhân trẻ đối_phó bệnh tâm_thần Corcoran giúp_đỡ lựa_chọn vận_động chống chứng rối_loạn sức_khỏe tâm_thần Corcoran đối_mặt trận chiến Thế_giới trở_ngại mặt kiểm_tra sức_khỏe tinh_thần hành_trình sống_còn Chuyên_gia Saxena khuyên chủ lao_động khuyến_khích cung_cấp tài_chính nhân_viên tư_vấn trợ_giúp tâm_thần Tiến_sĩ Sarah Lipson khuyên khu túc_xá đại_học cung_cấp nguồn_lực sức_khỏe tâm_thần đào_tạo giảng_viên sức_khỏe tâm_thần tiềm_ẩn sinh_viên trường_học mở_rộng hệ_thống sức_khỏe tâm_thần khuôn_viên trường nguồn_lực đầu_tư nguồn_lực Lipson Nhật_Minh ABC News"
"00191.txt","kinh-doanh","5","tọa_đàm Nhận_diện đẩy_lùi hoạt_động tín_dụng đen Thảo_Nguyên ngụ Bình_Thạnh hai đi từ_thiện quen Tuấn chủ quán nhậu Nguyên kinh_doanh Tuấn ngỏ tiền làm_ăn thu lãi 1,5 hứa_hẹn huy_động vốn bạn_bè Tuấn Nguyên đầu triệu vòng tiền Nguyên Tuấn quen tỷ đồng khoản lãi_suất khoản Tuấn lãi Nguyên chuyển_khoản tiền gốc lãi Tuấn chỉ_định tổng_cộng 17,7 tỷ tiền_mặt trao tận_tay tiền nợ 6,8 tỷ đồng công_việc trục_trặc kịp xoay tiền Tuấn đồng_bọn ép ghi giấy mượn nợ tỷ đồng tiền nợ 6,8 tỷ đồng đối_tượng thu_giữ hộ_khẩu căn_cước công_dân đe_doạ Nguyên thanh_toán gia_đình yên_ổn tuần Tuấn kéo bố_mẹ sức_ép_buộc nợ thay quay_phim chụp ảnh giấy mượn nợ tố_cáo Nguyên lừa_đảo chiếm_đoạt tài_sản cơ_quan công_an bôi_nhọ Nguyên mạng xã_hội nhắn_tin đe_doạ thân tàn_ma_dại hoàn_trả tiền nợ Tuấn Nguyên vay tiền đối_tượng xoay vòng vốn kinh_doanh lãi_suất phổ_biến 1,75 cá_biệt trường_hợp lãi_suất 2,5 thanh_toán lãi đều_đặn Vòng xoáy nợ_nần chồng_chất áp_lực đe_doạ suy_sụp bất_an tuyệt_vọng chết Nguyên câu_chuyện Nguyên Phó_Thống_đốc Ngân_hàng Nhà_nước Đào_Minh_Tú nạn_nhân điển_hình băng_nhóm tín_dụng đen hoạt_động thủ_đoạn tinh_vi phức_tạp hậu_quả Nguyên tương_đối nhẹ vướng tín_dụng đen án_mạng tự_tử tan_nát gia_đình quê lánh_nạn Tú nhận_định tồn_tại bùng_nổ tín_dụng đen trở_lại xuất_phát hai nguyên_nhân quy_luật cung_cầu tất_yếu dân nhu_cầu thiết_yếu tín_dụng chính_thức đáp_ứng vay tiền đánh_bạc cá_độ ma_tuý làm_ăn phi_pháp ... thành mảnh đất_màu_mỡ tín_dụng đen hai tín_dụng chính_thức ngành ngân_hàng bao_phủ nhu_cầu dân Đồng quan_điểm Thiếu_tá Trịnh Khánh_Hùng Phó_Trưởng_phòng Cảnh_sát hình_sự Công_an TP HCM nạn_nhân hoạt_động tín_dụng đen đi vay tâm_lý giải_ngân thế_chấp tài_sản thủ_tục chứng_minh chi_tiết đối_tượng vay đánh nhu_cầu quanh khu công_nghiệp trường đại_học ... giăng bẫy công_nhân sinh_viên Hoạt_động phương_thức tinh_vi đi vay Ví_dụ quảng_cáo mạng phát tờ_rơi vay tiền gặp_mặt núp_bóng doanh_nghiệp tư_vấn tài_chính dịch_vụ bảo_vệ cơ_sở kinh_doanh dịch_vụ cầm_đồ ... Trung_Quốc mốc nối Việt_Nam lập ứng_dụng vay điện_thoại thông_minh lãi_suất Hùng ghi lãi_suất giấy_tờ thoả_thuận đối_phó công_an vay khủng_bố tinh_thần nhắn_tin đe_doạ ném chất bẩn bắt_giữ trái pháp_luật cưỡng_đoạt tài_sản cố_ý thương_tích giết thực_trạng Tú quan_điểm cơ_quan điều_hành ngành ngân_hàng quyết_tâm xoá_bỏ tín_dụng đen coi đối_tượng vay tiêu_dùng cạnh_tranh Công_an Ngân_hàng Nhà_nước phối_hợp triển_khai quyết_liệt biện_pháp đẩy_lùi trấn_áp đối_tượng vay nặng_lãi dân tiếp_cận tín_dụng chính_thức ngân_hàng nhân_vật Thiên_Ngân"
"00046.txt","suc-khoe","7","Bác_sĩ chuyên_khoa Huỳnh_Tấn_Vũ Trưởng Điều_trị ban_ngày Bệnh_viện Đại_học Y_dược TP HCM cơ_sở lạm_dụng rượu_bia dịp tết say_xỉn biến_chứng bệnh_tật Bác_sĩ gợi_ý giải rượu kinh_nghiệm y_học cổ_truyền Trái_cây uống rượu_bia trái quýt dưa_hấu ép vỏ dưa_hấu ép trái quýt uống giúp nhiệt giải_độc giải bia rượu say Lá_dong Bác_sĩ Vũ_dẫn thông_tin sách cây_thuốc vị thuốc Việt_Nam giáo_sư Đỗ_Tất_Lợi công_dụng lá dong chữa say rượu nhanh_chóng mát gan giải_độc hạ men gan ... nắm lá dong gram rửa sạch đem giã vắt nước_cốt say_xỉn uống say biến vòng phút Hoa sắn_dây tươi gram hoa sắn_dây tươi Rửa sạch giã nát ml sôi quấy ép vắt uống hai cốc ml Rau_má gram rau_má tươi rửa sạch giã ép nước_cốt vắt nước_cốt hai trái chanh trộn muối uống ml hỗn_hợp rau_má rửa sạch giã ép nước_cốt hoà sôi nguội uống ml say Củ địa_liền tươi Củ địa_liền tươi rửa sạch giã ép ml uống Lá kiến cò tươi Bạch_hạc gram lá kiến cò rửa sạch giã hòa ml sôi nguội quấy gạn uống Rễ cỏ_tranh tươi gram rửa sạch giã nhuyễn 100ml sôi quấy ép pha gram đường_cát uống Chanh_tươi vắt uống thái mỏng Vỏ quýt phơi khô vị thuốc trần_bì gram vỏ quýt phơi khô đi thơm tán vụn hai mơ chua hạt thái vụn Hai vị đem sắc lửa ml phút lọc bã uống một_chút gừng tươi trà Trà_búp gram trà búp quất thay_thế gram mứt quất thái vụn Hai đem hãm sôi uống đặc gram trà búp gram cà_rốt tươi vỏ bí xanh 15g vị sắc uống bác_sĩ Vũ nguy_cơ say rượu ngộ_độc rượu uống chậm_rãi kích_ứng niêm_mạc miệng dạ_dày gan kịp oxy_hóa uống rượu rau xanh uống nước_lọc loãng nồng_độ cồn di_chứng say rượu uống ngủ giấc rượu cơ_thể bài_tiết nước_tiểu Uống ngủ sâu biện_pháp đơn_giản giúp dễ_chịu khôi_phục cơ_thể uống rượu_bia ăn_uống đầy_đủ Rượu đường máu hạ đường_huyết nạp thức_ăn phòng_tránh biến_chứng hạ đường_huyết lớp thức_ăn lót_dạ_dày giúp bảo_vệ niêm_mạc kích_ứng giảm_tốc_độ hấp_thu rượu cơ_thể triệu_chứng say rượu bao_gồm đau_đầu chóng_mặt chú_ý lo_lắng xúc_động Tính_tình trở_nên khó_tính mệt_mỏi buồn_ngủ Cơ_bắp toàn_thân nhức mỏi da đỏ_ửng da mặt Hơi thở mùi rượu nước_bọt tiết Nhịp tim đau bụng buồn_nôn nôn_mửa rối_loạn tiêu_hoá sợ tiếng ồn sợ ánh_sáng ... Bác_sĩ khuyên dấu_hiệu thở rối_loạn nhịp thở da niêm_mạc nhợt_nhạt tím rối_loạn nhịp tim lơ_mơ hôn_mê gọi trả_lời co_giật động_kinh nôn_mửa cơ_sở y_tế thuốc Aspirin tuyệt_đối uống rượu chảy_máu dạ_dày đói nồng_độ cồn máu cạnh bác_sĩ lưu_ý rượu cafein Rượu hoạt_động não huyết_áp khả_năng phán_đoán Cafein kích_thích huyết_áp nhịp tim kết_hợp hai trung_hòa chất ức_chế chất kích_thích nguy_cơ tử_vong ngộ_độc Thư_Anh"
"00129.txt","the-thao","8","dễ_dàng nghi_ngờ Chẳng thờ_ơ nỗi đau thống_khổ Covid thế_giới trở_lại chứng_tỏ khác_biệt Chúc_mừng Cristiano_Ronaldo viết mạng xã_hội kèm ảnh gái Georgina Tiền_đạo Bồ_Đào_Nha_còn nghỉ trở_lại thi_đấu Juventus trận tiếp Udinese dễ_dàng nghi_ngờ Chẳng thờ_ơ nỗi đau thống_khổ Covid thế_giới trở_lại chứng_tỏ khác_biệt Chúc_mừng Cristiano_Ronaldo viết mạng xã_hội kèm ảnh gái Georgina Tiền_đạo Bồ_Đào_Nha_còn nghỉ trở_lại thi_đấu Juventus trận tiếp Udinese dịch_bệnh đại_gia_đình cầu_thủ tụ_họp Nhà_Luis Suarez đón cạnh gửi thông_điệp mừng Twitter hứng_chịu đại_dịch toàn_cầu lưng tương_lai lạc_quan chúc sức_khoẻ Chúc_mừng dịch_bệnh đại_gia_đình cầu_thủ tụ_họp Nhà_Luis Suarez đón cạnh gửi thông_điệp mừng Twitter hứng_chịu đại_dịch toàn_cầu lưng tương_lai lạc_quan chúc sức_khoẻ Chúc_mừng Thủ_môn Man City_Ederson ảnh bà_xã Lais_Moraes kèm thông_điệp không_gian xác Chúc_mừng Cầu_Chúa phù_hộ Thủ_môn Man City_Ederson ảnh bà_xã Lais_Moraes kèm thông_điệp không_gian xác Chúc_mừng Cầu_Chúa phù_hộ Jamaica Usain_Bolt cựu siêu_sao điền_kinh chủ_nhân kỷ_lục thế_giới chạy cự_ly ngắn ảnh chụp gái bầu Kasi Bennett bạn_bè kèm thông_điệp cầu_nguyện Jamaica Usain_Bolt cựu siêu_sao điền_kinh chủ_nhân kỷ_lục thế_giới chạy cự_ly ngắn ảnh chụp gái bầu Kasi Bennett bạn_bè kèm thông_điệp cầu_nguyện Ngày_mai thi_đấu tắt máy đi nghỉ tóm_lược gọi thách_thức tự_hào giúp sẻ chia tinh_thần tiếp nối đất_nước trở_nên vĩ_đại tiền_đạo Man Utd Marcus Rashford viết thông_điệp ngắn kèm ảnh hậu cảnh khẩu_hiệu hâm_mộ đăng Twitter hôm khác_biệt đoàn_kết Đừng suy_nghĩ chả đứng vững biến_động Sức_mạnh kiểm_chứng đứng vững thư giãn một_chút hy_vọng ăn_mừng trở_lại đám đông cảm_giác chẳng có_mặt chia vui lập hattrick lưới Leipzig hy_vọng khoảnh_khắc thành_tựu thành_tựu hướng hy_vọng sân_chơi công_bằng Yêu Chúc niềm vui an_toàn viết tiếp Hôm_nay Rashford Man Utd tiếp Aston Villa vòng Ngoại_hạng Ngày_mai thi_đấu tắt máy đi nghỉ tóm_lược gọi thách_thức tự_hào giúp sẻ chia tinh_thần tiếp nối đất_nước trở_nên vĩ_đại tiền_đạo Man Utd Marcus Rashford viết thông_điệp ngắn kèm ảnh hậu cảnh khẩu_hiệu hâm_mộ đăng Twitter hôm khác_biệt đoàn_kết Đừng suy_nghĩ chả đứng vững biến_động Sức_mạnh kiểm_chứng đứng vững thư giãn một_chút hy_vọng ăn_mừng trở_lại đám đông cảm_giác chẳng có_mặt chia vui lập hattrick lưới Leipzig hy_vọng khoảnh_khắc thành_tựu thành_tựu hướng hy_vọng sân_chơi công_bằng Yêu Chúc niềm vui an_toàn viết tiếp Hôm_nay Rashford Man Utd tiếp Aston Villa vòng Ngoại_hạng"
"00237.txt","kinh-doanh","5","9h30 Việt_Nam giá vàng thế_giới giao giao_dịch quanh 1.748 USD ounce tương_đương 48,7 triệu đồng quy_đổi tỷ_giá ngân_hàng thuế phí chốt phiên tuần ounce vàng đảo chiều USD tương_đương 330.000 đồng giá vàng miếng phiên đà thế_giới chênh_lệch giá vàng thế_giới neo 7,6 triệu đồng Tập_đoàn Vàng_bạc đá_quý DOJI yết_giá mua_bán vàng miếng 55,85 56,25 triệu đồng 250.000 đồng chiều mua 150.000 đồng chiều tuần Chênh_lệch mua_bán thu_hẹp 500.000 đồng Giá vàng miếng Công_ty Vàng_bạc đá_quý SJC 200.000 đồng chiều mua 100.000 đồng chiều 55,9 56,3 triệu đồng giá mua_bán Công_ty Bảo_Tín Minh_Châu yết quanh 55,86 56,25 triệu đồng 110.000 đồng tuần thị_trường ngoại_tệ chỉ_số USD Index xoay quanh mốc 90,8 1,3 Giá USD mua_bán ngân_hàng ổn_định Vietcombank yết_giá quanh 22.900 23.110 đồng giá USD thị_trường tự_do chạm mốc 24.000 đồng giao_dịch 23.850 23.930 đồng vênh đồng giá ngân_hàng Quỳnh_Trang"
"00057.txt","thoi-su","9","Tổng_công_ty Đầu_tư phát_triển đường_cao_tốc Việt_Nam VEC chủ đầu_tư dự_án cao_tốc Bến_Lức Long_Thành thống_kê sơ_bộ sự_cố tàu container lái đâm gãy cẩu thi_công cầu Phước Khánh_bắc sông Tàu nối huyện Nhơn_Trạch Đồng_Nai xảy hôm Sự_cố thương_vong song toàn_bộ cẩu tháp phục_vụ thi_công trụ P16 cầu thân cẩu hệ thanh_giằng móng cọc đổ sập chìm sông Tàu va_chạm xe treo thi_công kết_cấu trụ kết_cấu chống va dầm ngang trụ P16 hư_hại nhẹ Thiệt_hại ban_đầu chủ đầu_tư tính_toán chi_phí mua lắp dựng cẩu tháp bồi_thường khắc_phục VEC trách_nhiệm chủ tàu Phúc Khánh điều_tra giám_định kết_luận thương_thảo chờ khắc_phục thi_công gói_thầu dự_kiến kéo_dài phát_sinh chi_phí Hiện chủ đầu_tư khảo_sát mức_độ hư_hỏng phối_hợp điều_tra khắc_phục chủ đầu_tư trụ tháp cầu dây văng Phước Khánh_thiết_kế lực va_đập tàu tải_trọng 20.000 vận_tốc Tàu container va_chạm tải_trọng 8.000 chết máy tốc_độ sơ_bộ công_trình phát_hiện hư_hỏng kết_cấu VEC tai_nạn hàng_hải nghiêm_trọng sự_cố thứ_trưởng Giao_thông Vận_tải Lê_Anh Tuấn chiều có_mặt hiện_trường kiểm_tra chỉ_đạo điều_tra nguyên_nhân tổng_thể vụ_việc báo Chủ đầu_tư chỉ_đạo tư_vấn nhà_thầu rà_soát chất_lượng hạng_mục sự_cố bảo_đảm an_toàn hàng_hải dự_án thi_công 6h tàu Phúc Khánh chở container đường cảng Bến_Nghé đi Hải_Phòng chết máy trôi đâm gãy cần_cẩu thi_công cầu Phước_Khánh cẩu rơi đè biến_dạng container tàu văng sông Bốn container rơi tàu hàng Cầu_Phước Khánh thi_công cầu dây văng tĩnh gói_thầu J3 gói_thầu xây_lắp dự_án cao_tốc Bến_Lức Long_Thành Tuyến cao_tốc đi Long_An TP HCM Đồng_Nai km tổng_đầu_tư 31.300 tỷ đồng vướng_mắc vốn gói_thầu dự_án thi_công cầm_chừng cầu Phước_Khánh dừng thi_công Hiện cầu hoàn_thành_phần móng cọc trụ tháp cầu dầm xong khối đỉnh trụ K0 hai trụ tháp P15 P16 thiết_bị vận thăng cẩu tháp Gia_Minh"
"00112.txt","suc-khoe","7","tuần điều_trị bệnh_viện địa_phương tiến_triển bệnh_nhân Bệnh_viện Bình_Dân TP HCM. Bác_sĩ Lê_Vũ_Tân Khoa_Nam học Bệnh_viện Bình_Dân da bìu bệnh_nhân viêm hoại_tử Siêu_âm ghi_nhận tổn_thương dập nát tinh_hoàn cực tinh_hoàn trái Bác_sĩ quyết_định mổ cấp_cứu giải_thích bệnh_nhân nguy_cơ cắt tinh_hoàn mổ bác_sĩ bóc tách cắt lọc toàn_bộ mảng huyết khối bám tổn_thương khâu phục_hồi bao tinh_hoàn xử_trí tinh_hoàn da bìu hoại_tử bề_mặt bác_sĩ Tân Bác_sĩ bóc tách tinh_hoàn dập nát toàn_bộ Mô tinh_hoàn hoại_tử bác_sĩ cắt lọc mô hoại_tử huyết khối xen_kẽ lẫn khâu tạo_hình da bìu bác_sĩ Tân bệnh_nhân bình_thường tinh_hoàn trường_hợp theo_dõi nguy_cơ tinh_hoàn trái teo chấn_thương vỡ mào tinh ảnh_hưởng khả_năng sinh_sản bệnh_nhân bệnh_nhân mổ phát_hiện viêm dính khả_năng tinh_hoàn bác_sĩ Tân Phẫu_thuật trễ chấn_thương tỷ_lệ cắt tinh_hoàn Bệnh_viện Bình_Dân_thường trường_hợp vỡ tinh_hoàn tuyến nam khoa Đa_số bệnh_nhân vỡ hiếm vỡ hai chàng trai nguyên_nhân vỡ tinh_hoàn tai_nạn giao_thông chấn_thương thể_thao đá bóng thi_đấu_võ_thuật ... tổn_thương tinh_hoàn vật bắn lao_động lưỡi cưa viên gạch khúc gỗ ... Bệnh_viện tiếp_nhận đàn_ông lợn mẹ tấn_công vỡ tinh_hoàn trái chuồng chăm_sóc lợn đẻ"
"00017.txt","the-thao","8","may lên_tiếng hai đội sân công_bằng Arteta Goal Trận_Tottenham Dinamo Zagreb lượt đi vòng Europa League ban_đầu sắp_xếp đá Croatia UEFA trận_đấu London Tottenham mất_công di_chuyển đá trận trận derby Bắc_London Arsenal hôm đối_thủ tiết_kiệm sức_lực hai trận đấu Arsenal hành_quân Hy Lạp Olympiacos Arteta công_bằng Quyết_định viện một_chút trận đấu lợi_thế lợi Arsenal Arteta UEFA đổi địa_điểm trận_đấu Tottenham phép thành_phố tổ_chức trận Cup châu Âu Tottenham Arsenal đá sân_khách hôm đá lượt London Tottenham đứng tám Ngoại_hạng trận Arsenal đứng kém đối_thủ hai đá trận Tối Pháo_thủ làm_khách sân Burnley Olympiacos Tottenham Fulham Hà_Nội tiếp Crystal_Palace rạng đối_đầu Dinamo Zagreb Lịch thi_đấu Kết_quả Ngoại_hạng Bảng Ngoại_hạng AnhDuy Đoàn Goal"
"00028.txt","khoa-hoc","4","chuyên_gia cỗ xe_ngựa đồng thiếc nguyên_vẹn vết_tích gỗ dấu dây thừng thông_báo hôm Công_viên Khảo_cổ Pompeii phát_hiện phi_thường giúp tăng_cường hiểu_biết thế_giới cổ_đại giám_đốc công_viên Massimo_Osanna Pompeii phương_tiện đi_lại quá_khứ hai cỗ xe_ngựa biệt_thự Arianna mẫu_vật cỗ xe_ngựa Civita_Giuliana Biệt_thự nằm khu Civita_Giuliana bắc Pompeii khu chuồng chứa xác ngựa Cỗ xe_ngựa nằm mái_hiên hai tầng sân chuồng ngựa Sườn xe trang_trí đồng phiến gỗ màu đỏ đen lưng xe giai_thoại chạm_khắc bảng đồng thiếc khảo_cổ phát_hiện cỗ xe_ngựa nhô vật_liệu núi_lửa tuần toàn_bộ cỗ xe_ngựa lộ nguyên_vẹn phòng sụp_đổ đè Công_viên Khảo_cổ Pompeii cỗ xe phòng thí_nghiệm sạch vật_liệu núi_lửa dính phục_dựng nghiên_cứu cỗ xe_ngựa nghi_thức tế_lễ lễ_hội diễu_hành rước xe_ngựa Italy phát_hiện tương_tự Thrace bắc Hy Lạp thành_phố Pompeii chôn vùi mảnh vỡ núi_lửa Mount Vesuvius phun trào bao_phủ khu_vực lớp tro muội than 2.000 chuyên_gia dọn_dẹp mảnh vỡ đời_sống thành_phố thời cổ_đại Mục_tiêu khai_quật bảo_vệ biệt_thự kẻ_trộm mộ An_Khang CNN"
"00028.txt","giai-tri","2","Nghệ_sĩ Ưu_tú Sĩ_Tiến Phó_Giám_đốc Nhà_hát Tuổi_Trẻ Văn_Thành mắc bệnh gout đi_lại ngày_trước tai_biến điều_trị bệnh_viện Gắn_bó Sĩ Tiến nhận_xét đàn_anh hiền_lành tâm_huyết nghề chục trở_lại sức_khỏe nghỉ hưu cạnh Nhà_hát Tuổi_Trẻ thăm trò_chuyện đồng_nghiệp vơi nỗi nghề Lễ viếng nghệ_sĩ 12h tang_lễ Thành_phố Phùng_Hưng Linh_cữu hỏa_táng Đài_hóa_thân Hoàn_Vũ Văn_Điển Diễn_viên Tùng_Dương đàn_anh qua_đời tuần hai trò_chuyện Tùng_Dương phó đạo_diễn phim nghèo cười đoàn phim bối_cảnh đột_ngột đóng vai thanh_niên cắt tóc vỉa_hè hồ Hoàn_Kiếm gấp_gáp gọi điện_thoại Văn_Thành giúp_đỡ phút nghệ_sĩ có_mặt địa_điểm nghệ_sĩ sân_khấu đóng vai đóng vai phụ câu đồng_ý cảm_động công_việc Thành nhiệt_tình tâm_huyết đời hài_hước trêu đùa hai đóng phim phố_phường Nghệ_sĩ Văn_Thành Nguyễn_Tiến_Thành sinh Hàn_Thuyên Hai Trưng Hà_Nội tốt_nghiệp khóa trường Sân_khấu Điện_ảnh Hà_Nội diễn_viên nhà_hát Tuổi_Trẻ đóng vai chủ_nợ Krôgxtat búp_bê Chu Phác_Viên Lôi_vũ ... khán_giả phim Sa_ngã phố_phường Tiếng cồng định_mệnh ... Hiểu_Nhân"
"00073.txt","the-thao","8","McIlroy cầu Woods chóng khoẻ trở_lại đời_sống thường_nhật vui gia_đình DeChambeau mong sự_nghiệp golf đỉnh_cao McIlroy khả_năng Woods trở_lại phủ_nhận minh chứng Ben Hogan hồi xưa hiện_giờ tái_đấu xa_vời Tiger siêu_nhân McIlroy nhận_định Golf Digest hôm DeChambeau ngược_lại hiểu_biết Tiger bình_phục phấn_đấu hết_sức trở_lại con_người kỳ_diệu phi_thường Ben_Hogan Tiger vô_địch major US Open Hogan sinh đấu_thủ vĩ_đại xe_buýt cỡ tông trực_diện Hogan đỉnh phong_độ major nứt xương_đòn vỡ xương_chậu gãy cổ_chân rạn sườn mắt trái sưng nạn Hogan vợ Valerie đường Fort_Worth Texas giải_đấu Phoenix Arizona km đầu định quãng đường tương_tự hai hai xuất_phát trời rét xa_lộ hai chiều km vợ_chồng Hogan sương_mù dày đường phủ lớp băng mỏng Hogan giảm_tốc Cadillac km bốn ánh chớp đèn chiều ngược_lại tài_xế xe_buýt cố xe_tải xe Hogan đâm trực_diện bản_năng nhoài che_chắn vợ thoát chết hành_động tích_tắc va_chạm trục vô_lăng cắm thẳng ghế lái yên_vị Hogan xong_đời Hogan vợ kẹt bảng điều_khiển bẹp dúm Hogan bất_tỉnh Valerie bị_thương nhẹ hạ_kính kêu cứu tài_xế giúp kéo Hogan phút xe cứu_thương giai_thoại băng_ca Hogan hỏi_vợ gậy Valerie đáp an_toàn Hogan nạn golfer giỏi thế_giới thắng US Open PGA Championship bìa Tạp_chí Time tuần tai_nạn viết trích câu Hogan Đời hẳn golf thuần_tuý chuyến chu du khắp chết già giã_biệt cõi_đời trẻ Nhập_viện bác_sĩ xương Hogan lành_lặn cũ tuần cục máu đông phổi Bác_sĩ mổ cấp_cứu bàn tái_đấu lo sinh_tồn Hogan Hogan bình_thường 1,74 mét kg giường_bệnh xuất_viện kg Hogan Hè thể vung gậy yếu sức Trước_giới truyền_thông Hogan cố đấu golf trở_lại khả_thi Đừng Ben Valerie trấn_an Hogan trở_lại tai_nạn tranh Los Angeles_Open tiền_thân Genesis_Invitational Tiger Woods chủ_trì hồi tuần Hogan ngang Sam Snead hố quy_chuẩn Đấu playoff hố Snead thắng Hogan lịch_sử PGA Tour Snead Woods kỷ_lục danh_hiệu Danh_thủ Lee_Trevino sét đứng fairway chỉ_thiên gậy sắt trời đánh gậy Hogan gậy sắt tung cú huyền_thoại golf hố vòng US Open green hai putt par play off hố Lloyd_Mangrum George_Fazio Hogan thắng màn play off tay_ba Giới golf gọi kì_diệu sân Merion xuất_viện Hogan đoạt sáu major chức vô_địch PGA Tour mùa thắng sáu tranh giải major cách_biệt áp_đảo bốn gậy The_Open Championship sáu gậy US Open lẫn Masters sự_nghiệp đấu_trường golf Mỹ Hogan ẵm chín major chức vô_địch Hogan Woods PGA Tour Masters Woods giới truyền_thông Ben_Hogan trỗi dậy vĩ_đại thể_thao xe_buýt đâm chịu_đựng bao đau_đớn tái_xuất thắng major Thể_thao thế_giới Woods thắng major Masters trở_lại vĩ_đại hâm_mộ mong bình an Tai_nạn xe_hơi Los Angeles Woods gãy xương ống xương mác chân tổn_thương nghiêm_trọng chi tổn_thương phức_tạp ca phẫu_thuật cấp_cứu bác_sĩ nẹp xương cẳng_chân đinh_vít cố_định xương bàn_chân cổ_chân lớp màng bọc hiện_tượng sưng tấy áp_lực thao_tác cứu chân Woods phục_hồi chức_năng Woods Cedars Sinai Medical_Center Los_Angeles điều_trị Quốc_Huy tổng_hợp"
"00123.txt","giai-tri","2","Irina_Shayk hợp_tác chuyên_gia thẩm_mỹ nổi_tiếng Mimi_Luzon sản_phẩm chăm_sóc môi vàng carat sáp_ong bơ hạt mỡ mặt_nạ môi vàng rao giá USD. Vogue siêu_mẫu dưỡng ẩm môi vàng bí_quyết làm_đẹp nổi_tiếng nữ_hoàng Cleopatra Phương_pháp giúp kích_thích tái_tạo tế_bào khô nếp nhăn làn da tươi_trẻ Mimi Luzon chuyên_gia làm_đẹp nổi_tiếng chăm_sóc da mặt_bằng vàng ngôi_sao yêu Naomi_Campbell Gigi Bella_Hadid Dòng sản_phẩm 24K Pure_Gold sản_phẩm trị_liệu da mặt USD điều_trị mắt USD huyết_thanh hyaluronic USD bột vàng USD trộn kem dưỡng ẩm Irina_Shayk siêu_mẫu Nga trang Models trao danh_hiệu Biểu_tượng làng mẫu làm_việc hãng thời_trang hàng_đầu Victoria Secret Armani Versace ... Irina nổi_tiếng hẹn_hò cầu_thủ bóng_đá Cristiano_Ronaldo nhạc_công Rob_Bourdon ... con_gái trai tài_tử Bradley_Cooper Hai chia_tay Bradley phim A_Star Is_Born bỏ_bê gia_đình hai hiện quan_hệ bạn_bè chăm_sóc Họa_Mi Vogue"
"00031.txt","du-lich","1","rong_ruổi dọc miền tổ_quốc Hà_Hiển sinh_sống TP HCM ghi hình_ảnh đẹp thiên_nhiên con_người vùng_đất sưu_tập ảnh chàng trai sinh ảnh rực sắc_màu mùa hoa khắp miền rong_ruổi dọc miền tổ_quốc Hà_Hiển sinh_sống TP HCM ghi hình_ảnh đẹp thiên_nhiên con_người vùng_đất sưu_tập ảnh chàng trai sinh ảnh rực sắc_màu mùa hoa khắp miền Hiển người_yêu đẹp thơ_mộng loài hoa đẹp vùng_đất mọc hoang_dại trồng chăm_sóc cuốn_hút Hiển người_yêu đẹp thơ_mộng loài hoa đẹp vùng_đất mọc hoang_dại trồng chăm_sóc cuốn_hút niềm hạnh_phúc đi ruộng hoa tam_giác mạch rộng_lớn Mù_Cang_Chải Yên_Bái hòa cánh đồng cải nở trắng góc trời Mộc_Châu Sơn_La niềm hạnh_phúc đi ruộng hoa tam_giác mạch rộng_lớn Mù_Cang_Chải Yên_Bái hòa cánh đồng cải nở trắng góc trời Mộc_Châu Sơn_La yêu hoa đào hoa gạo tam_giác mạch sống thời_tiết giá_lạnh khắc_nghiệt nở_rộ đem vẻ đẹp thanh_bình vùng_đất yêu hoa đào hoa gạo tam_giác mạch sống thời_tiết giá_lạnh khắc_nghiệt nở_rộ đem vẻ đẹp thanh_bình vùng_đất lựa_chọn loài hoa thể_hiện hoa dã quỳ Đà_Lạt nét hoang_dại chinh_phục rực_rỡ sắc vàng tươi niềm vui chan hòa lựa_chọn loài hoa thể_hiện hoa dã quỳ Đà_Lạt nét hoang_dại chinh_phục rực_rỡ sắc vàng tươi niềm vui chan hòa ảnh đẹp mùa hoa dọc đất_nước hoa nở ghi_chú Hoa_mận nở Mộc_Châu Hoa gạo hoa đào nở đầu Hà_Giang Hoa dã quỳ nở TP Đà_Lạt Hoa_cúc_họa mi nở Hà_Nội ảnh đẹp mùa hoa dọc đất_nước hoa nở ghi_chú Hoa_mận nở Mộc_Châu Hoa gạo hoa đào nở đầu Hà_Giang Hoa dã quỳ nở TP Đà_Lạt Hoa_cúc_họa mi nở Hà_Nội TP HCM năm_ngoái cầu Calmette chụp ảnh mùa hoa kèn hồng mùa kèn hồng đẹp mùa hoa thành_phố Đường Võ_Văn_Kiệt Điện_Biên_Phủ hàng hoa kèn hồng ấn_tượng cành hoa kèn hồng nở lác_đác cạnh cầu Calmette dự_kiến hoa nở_rộ TP HCM năm_ngoái cầu Calmette chụp ảnh mùa hoa kèn hồng mùa kèn hồng đẹp mùa hoa thành_phố Đường Võ_Văn_Kiệt Điện_Biên_Phủ hàng hoa kèn hồng ấn_tượng cành hoa kèn hồng nở lác_đác cạnh cầu Calmette dự_kiến hoa nở_rộ cạnh trải nghiệm thú_vị Hiển buồn trách_nhiệm du_lịch lành_mạnh hái giẫm_đạp hoa hy_vọng người_yêu du_lịch chụp ảnh hoa ý_thức du_khách ngắm vẻ đẹp cạnh trải nghiệm thú_vị Hiển buồn trách_nhiệm du_lịch lành_mạnh hái giẫm_đạp hoa hy_vọng người_yêu du_lịch chụp ảnh hoa ý_thức du_khách ngắm vẻ đẹp Chuyến đi Hà_Giang Hiển hồi Video Hà_Hiển D. O._Y"
"00022.txt","giai-tri","2","Ngô_Mạnh qua_đời Weibo fan đoạn phim Châu_Tinh_Trì Vua phá_hoại Châu_Tinh_Trì bắt_tay Ngô_Mạnh_Đạt hợp_tác khán_giả nuối_tiếc cặp bài_trùng tái_hợp phim Đội bóng Thiếu_Lâm Hai diễn_viên quen làm_việc đài TVB thập_niên Ban_đầu hai trọng_dụng diễn vai vô_danh phim truyền_hình đánh_dấu bước_ngoặt Châu_Tinh_Trì Ngô_Mạnh đóng phim hào_hiệp khen_ngợi diễn_xuất HK01 câu cửa_miệng Châu_Tinh_Trì phim câu cửa_miệng Hong_Kong Châu_Tinh_Trì Ngô_Mạnh_Đạt đối_diện hai trường_quay Bjnews Mạnh_Đạt tài_tử kém hẹn uống cà_phê trao_đổi dự_định mơ_ước Ngô_Mạnh_Đạt Châu_Tinh_Trì đôi tình_nhân hẹn_hò nghe_lỏm Mạnh_Đạt hai trái_ngược trò_chuyện hợp gu vui_vẻ Đạo_diễn Lưu_Trấn Vỹ phát_hiện tiềm_năng Ngô_Mạnh_Đạt Châu_Tinh_Trì mời đóng Thánh_Bài sản_xuất Châu_Tinh_Trì Lưu_Trấn Vỹ diễn_viên song đạo_diễn kiên_trì thuyết_phục xong cảnh Ngô_Mạnh_Đạt Châu_Tinh_Trì mua hộp bào_ngư giá HKD nghìn đồng hộp hai to_con Ngô_Mạnh_Đạt nhường to Châu_Tinh_Trì Quãng kéo_dài kỷ_niệm quên Ngô_Mạnh_Đạt phim hoàn_thành đầu_tư Ngô_Tư Viễn Châu_Tinh_Trì Phim ra_mắt tiểu_sinh nổi_tiếng Hong_Kong Tác_phẩm công_chiếu Tinh_Trì Mạnh_Đạt rạp phản_ứng khán_giả ôm bụng cười hai bụm miệng Phim doanh_thu triệu HKD tỷ đồng phá kỷ_lục doanh_thu phòng vé Hong_Kong hai thành diễn_viên đắt show chia bào_ngư thành_công Thánh_Bài hai diễn_viên kết_hợp phim điện_ảnh đôi kinh_điển làng điện_ảnh Ngô_Mạnh_Đạt phim Châu_Tinh_Trì đóng yêu hoàn_cảnh gia_đình hai Châu_Tinh_Trì gia_đình đơn_thân hồi sống đòn roi bố phạt quỳ tối Hai diễn_viên gần_gũi phim phá vỡ quan_niệm trưởng bối hậu_bối truyền_thống diễn cháu xây_dựng quan_hệ bình_đẳng Châu_Tinh_Trì Ngô_Mạnh hợp_tác phim Zhejiang TV Ngô_Mạnh cảm_giác chết chẳng tin_đồn Ngô_Mạnh_Đạt Châu_Tinh_Trì ghét song Mạnh_Đạt Châu_Tinh_Trì mời đóng Tuyệt_đỉnh kungfu dịch SARS phim hoãn bấm máy Ngô_Mạnh vướng lịch_trình tham_gia Châu_Tinh_Trì sửa kịch_bản Châu_Tinh_Trì mời Ngô_Mạnh đóng Mỹ_nhân ngư sức_khỏe yếu nhận_lời hai liên_lạc Ngô_Mạnh_Đạt suy_nghĩ tình mai_một thành xa_lạ môi_trường sống khác_biệt mục_đích khát_vọng đời Ngô_Mạnh đau_đáu tái_hợp Châu_Tinh_Trì hàn_huyên cũ hiện đẳng_cấp Châu_Tinh_Trì giàu_có tư_tưởng tương_đồng ngày_trước nghệ_sĩ chương_trình truyền_hình Mạnh_Đạt tham_gia phát Zhejiang TV hồi chết Châu_Tinh_Trì nghỉ hưu tái_hợp Điền Khải_Văn trưởng hội phim Hong_Kong Ngô_Mạnh đổ_bệnh Châu_Tinh_Trì gọi hỏi_han tình_hình đề_nghị giúp_đỡ Mạnh_Đạt Châu_Tinh_Trì bệnh_viện thăm Ngô_Mạnh_Đạt đồng_nghiệp qua_đời Châu_Tinh_Trì theo_dõi bệnh_tình Ngô_Mạnh_Đạt tâm_lý đau_lòng nuối_tiếc đổ_bệnh đi vội_vã cộng_sự bao thể chấp_nhận Nghinh_Xuân"
"00088.txt","giao-duc","3","Evelyn_Le Lê_Ngọc_Ly sinh Hà_Nội học chuyên trường THPT Chuyên Hà_Nội Amsterdam học_bổng toàn_phần chương_trình đại_học cao_học Mỹ duy_trì công_việc toàn nuôi hai nghề lập_trình thành_công học hai Evelyn Le học lập_trình hai đầu bốn trang_web kinh_nghiệm bí_quyết học sự_nghiệp chuyên_gia nghiên_cứu thị_trường kỹ_sư phần_mềm Evelyn Le công_việc lĩnh_vực phát_triển quốc_tế ý_nghĩa tích_cực thử_thách khác_biệt đại_học Kinh_tế thạc_sĩ Chính_sách công am_hiểu thống_kê công_việc Evelyn Le kỹ_năng tận_dụng suy_tính phân_tích kinh_doanh Business_Analyst"
"00108.txt","doi-song","0","sản_phẩm Shop VnExpress sản_phẩm nội_thất văn_phòng giá ưu_đãi Tham_khảo Diệp_Chi"
"00246.txt","kinh-doanh","5","9h Việt_Nam giá vàng thế_giới giao giao_dịch quanh 1.813 USD ounce USD quy_đổi tỷ_giá ngân_hàng thuế phí giá vàng thế_giới tương_đương 50,5 triệu đồng triệu đồng giá Kéo_theo giá vàng đảo chiều chiều_tối hôm_qua nhẹ vàng nửa triệu đồng Giá vàng miếng Công_ty Vàng_bạc đá_quý SJC 500.000 đồng 56,05 56,55 triệu đồng Tập_đoàn Vàng_bạc đá_quý DOJI giá vàng chiều mua 500.000 đồng chiều 300.000 đồng giao_dịch quanh 56,05 56,55 triệu đồng Biên_độ chênh_lệch mua_bán thu_hẹp 700.000 đồng 500.000 đồng chỉ_số USD Index hôm_qua 0,4 vàng hấp_dẫn nắm tiền_tệ Thị_trường kỳ_vọng gói 1.900 tỷ USD Mỹ thông_qua tuần Phiên điều_trần Chủ_tịch Fed Jerome Powell Quốc_hội Mỹ diễn hôm_nay giá USD thị_trường ngân_hàng đồng hôm_qua đồng tuần Giá USD mua_bán Vietcombank yết 22.910 23.120 đồng Giá USD thị_trường tự_do tuần biến_động đồng USD chênh_lệch giá vàng đẩy giá USD đi ngang 23.750 23.830 đồng chênh_lệch đồng giá giao_dịch ngân_hàng Quỳnh_Trang"
"00023.txt","phap-luat","6","Đêm thi_thể vô_danh cảnh_sát phát_hiện tuần_tra lối đường_mòn Appalachian hạt Loudoun bang Virginia đêm_tối cảnh_tượng rương vứt bãi rác lập_tức thu_hút chú_ý cảnh_sát rương khóa miệng bịt kín băng_dính rương hai túi dạng ống nhét đồ chật_cứng sức người_lớn nhấc túi quần_áo túi hai thi_thể đàn_ông lớn_tuổi phân_hủy Thân chết mặc áo pyjama đầu trùm hai vỏ gối kết_quả giải_phẫu tử_thi nạn_nhân chết ngạt thở ngày_trước Thi_thể vết_thương đầu đầu_gối cổ vết_thương cổ đế giày máu thuốc_ngủ liều_lượng độc_hại cơ_thể xác_định_danh_tính thi_thể nạn_nhân giấy_tờ tùy_thân Dấu vân kho dữ_liệu cảnh_sát chết đặc_điểm nhận_dạng trùng khớp báo mất_tích Manh_mối duy_nhất cảnh_sát thu rương tình_tiết rương dấu sơn móng dấu_hiệu chủ_nhân khả_năng nữ_giới FBI vào_cuộc cảnh_sát địa_phương manh_mối vụ án tiến_triển FBI tiếp_cận kho dữ_liệu vân nội_bộ Quốc_phòng Mỹ danh_tính thi_thể xác_định Jack Watkins cựu_binh tham_gia Thế_chiến II. Watkins sinh nguyên_quán phố Richmond bang Virginia Xuất_ngũ quê lập gia_đình vợ Watkins sống một_mình nghỉ hưu nghỉ hưu sống Reistertown bang Maryland lương hưu 1.200 USD Lịch_sử tài_chính Watkins bất_thường chi_tiêu Watkins tương_đối dè_sẻn vay tiền mua xe BMW trị_giá 44.000 USD. lãi 3.800 USD mua Watkins chết suốt chi phiếu tiền trợ_cấp xã_hội hàng đều_đặn gửi hộp_thư bưu_điện bang Maryland đổi chi phiếu trợ_cấp xã_hội Watkins thành tiền_mặt Nancy_Siegel sinh thành_phố Baltimore bang Maryland Watkins chết Siegel gửi 89.000 USD tiền trợ_cấp xã_hội 10.000 USD tiền hưu_trí cụ tài_khoản nhân_chứng đầu thập_niên Siegel nghiện cờ_bạc tiền đánh_bạc Siegel giấu chồng tài_khoản tín_dụng đứng_tên hai ta phát_hiện chồng tích_lũy khoản nợ 100.000 USD tuyên_bố phá_sản Vợ_chồng Siegel ly_hôn đời chồng hai Siegel thói đào_mỏ phát_hiện dọa báo cảnh_sát ta đánh_đập đối_phương trốn tủ quần_áo Siegel ly_hôn Siegel ăn_cắp vặt tiền sống nuôi nghiện bài_bạc ta bắt cáo_trạng khởi_xướng địa_phương Siegel trốn_tránh cảnh_sát tù hai tuần gõ_cửa mời mua đất chôn_cất Siegel Watkins Watkins lập_tức thu_hút phụ_nữ trẻ tuần Watkins khoe gia_đình hàng_xóm Siegel hẹn_hò đính_hôn quen Siegel Watkins dần xa_lánh bạn_bè gia_đình cắt đứt liên_lạc lý_giải Watkins chết báo cụ mất_tích thu_thập chứng_cứ chức_trách theo_dõi hộp_thư chuyên séc trợ_cấp xã_hội Siegel Làm_việc cảnh_sát Siegel sống Watkins Watkins bang Pennsylvania phụ_nữ cụ sống ta Watkins lãnh hộ chi phiếu tiền trợ_cấp xã_hội cụ tài_chính lập tài_khoản ngân_hàng ảnh rương đựng thi_thể Watkins Siegel gục khóc phủ_nhận giết xảy Siegel Siegel Watkins đời khổ_sở căn_bệnh mất_trí già biểu_hiện trầm_cảm Siegel phát_hiện Watkins chết sợi dây quanh cổ Siegel liền thi_thể Watkins rương lối đường_mòn Appalachian tiếng chạy xe Câu_chuyện Siegel thuyết_phục điều_tra_viên chứng_cứ thu_thập công_tố_viên khởi_tố Siegel tội Giết Cáo_trạng xác_định Siegel lừa tình tiền Watkins Siegel vòi cụ vay tiền ngân_hàng mua xe thuyết_phục nạn_nhân tiền ta đi đánh_bạc công_tố_viên Watkins chết Siegel hẹn_hò Sợ phá quan_hệ Siegel cụ uống thuốc_mê_hoặc chuốc rượu say cố đẩy viện dưỡng_lão Siegel Watkins phòng cấp_cứu uống rượu cụ Siegel vợ chưa_cưới ta chăm_sóc Siegel cụ chẩn_đoán mắc chứng mất_trí già minh_mẫn cơ_sở chăm_sóc Watkins Siegel bị_cáo_buộc nhẫn_tâm Watkins ta liều thuốc_ngủ đói cô_lập nạn_nhân gia_đình bạn_bè Watkins sức tự_vệ Siegel giết_hại tài_sản Watkins mồi Thói_lọc lừa Siegel chứng_minh khai quen ta số_lượng tiền_án tích_lũy Nancy_Siegel xét_xử tội_danh Giết Lừa_đảo ngân_hàng Lừa_đảo đánh_cắp danh_tính ... ta bồi_thẩm đoàn tuyên phạm_tội Giết cấp_độ II tội_danh bị_cáo_buộc Bản_án Nancy Siegel tù nhà_tù liên_bang Dự_kiến Siegel tự_do Quốc_Đạt Baltimore_Sun Washington_Post"
"00041.txt","phap-luat","6","Luật_sư tư vấnPháp luật hiện_hành quy_định bắt_buộc mua đồng_ý vợ chồng thủ_tục công_chứng hợp_đồng mua_bán sang_tên sổ_đỏ đứng_tên chồng nguyên_tắc sổ_đỏ đứng_tên coi tài_sản hình_thành thời_kỳ hôn_nhân trường_hợp vợ mua tài_sản đồng_ý chồng khoản Luật hôn_nhân Gia_đình trường_hợp vợ chồng đứng_tên sổ_đỏ tiền mua xuất_phát tài_sản tài_sản chứng_minh tiền mua tài_sản đa_phần tài_sản xác_định vợ_chồng Luật_sư Phạm_Thanh HữuĐoàn luật_sư TP_HCM"
"00045.txt","the-thao","8","Thua bốn Novak Djokovic dè_chừng Daniil_Medvedev trận chung_kết đơn nam Australia Mở_rộng tay_vợt thế_giới quyền tự_tin thập_kỷ gây_dựng đế_chế Melbourne thoải_mái sân_đấu chủ_nhân Grand Slam ATP Australia Mở_rộng mở_màn thắng tự_tin thoải_mái cảm_giác Melbourne con_số thống_kê thoải_mái Djokovic Bất_chấp rắc_rối sân ngôi_sao tiến chung_kết thuyết_phục chín Djokovic có_mặt trận Australia Mở_rộng thắng tám trận chung_kết chặn đà chiến_thắng đàn_anh Australia Mở_rộng Medvedev chú_trọng đầu trận Djokovic thói_quen nhập_cuộc Nole thắng set mở_màn trận chung_kết Grand Slam thua set Djokovic sợ tám trận chung_kết Australia Mở_rộng Djokovic thua set đầu trận vô_địch Thành_tích Djokovic Grand Slam đầu Roger_Federer Pete_Sampras Wimbledon kém Rafael_Nadal Roland_Garros Djokovic thắng trận Australia Mở_rộng tỷ_lệ Federer tỷ_lệ thắng trận Wimbledon Sampras Nadal thắng trận Roland_Garros tỷ_lệ thắng chung_kết Australia Mở_rộng Djokovic hai tám trận phân thắng_bại set trận chung_kết lịch_sử Rafael Nadal trận chung_kết vũ_khí lợi_hại Medvedev giao_bóng Djokovic chuyên_gia đỡ bóng bốn chung_kết Australia Mở_rộng Djokovic thắng game đỡ bóng trận Tỷ_lệ tận_dụng thành_công break point tám trận chung_kết Djokovic tỷ_lệ đôi_chút Giao_bóng Djokovic Australia Mở_rộng Tay_vợt Serbia cú ace sáu trận trận tứ_kết Alexander_Zverev Djokovic cú ace Frances Tiafoe vòng hai thống_kê giao_bóng Nole Grand_Slam trận thắng Djokovic Melbourne tay_vợt top Tỷ_lệ thắng 81,5 đối_thủ tương_đương tỷ_lệ thắng sự_nghiệp Nole 83,1 đối_thủ thắng Djokovic suy_giảm Nhân_Đạt"
"00238.txt","kinh-doanh","5","chuyên_gia phân_tích tuần chú_ý thị_trường đổ_dồn diễn_biến lợi_suất trái_phiếu kỳ_hạn đồng USD. Đồng đôla Mỹ kẻ_thù vàng dường_như phục_hồi đầu_tư chú_ý diễn_biến lợi_suất trái_phiếu kho_bạc Mỹ Colin_Cieszynski chiến_lược gia_trưởng thị_trường SIA Wealth_Management khảo_sát hàng tuần Kitco chuyên_gia tương_đương 61,5 dự_báo_giá vàng tuần chuyên_gia khuyến_nghị khả_quan hai dự_báo thị_trường đi ngang đầu_tư ý_kiến 52,5 dự_báo_giá vàng 33,3 dự_báo_giá dự_báo thị_trường đi ngang Kitco đầu_tư tham_gia khảo_sát tuần Giá vàng kết_thúc tuần 1.722 USD ounce 3,3 tuần chuyên_gia vàng ngưỡng 1.700 USD. diễn_biến phụ_thuộc kim_loại quý ngưỡng nghi_ngờ ngưỡng 1.690 USD trung_hạn Marc_Chandler Giám_đốc điều_hành Bannockburn Global Forex ý_kiến tiêu_cực khảo_sát tuần Mark_Leibovit biên_tập_viên VR Metals Resource_Letter Chuyên_gia câu liệu thị_trường giá 1.500 USD ounce vàng tín_hiệu cảnh_báo khả_năng vàng chỉ_số kỹ_thuật trung_tính Leibovit viết ý_kiến lạc_quan xu_hướng giá Giám_đốc điều_hành Adrian Day Asset_Management Adrian Day tuần đợt vàng cơ_bản tích_cực khoản dư_thừa khắp thế_giới Đồng đôla bật bạc xanh diễn bầu_cử Tổng_thống Mỹ Trên_hết thị_trường điều_chỉnh tâm_lý Adrian Day Minh_Sơn Kitco"
"00045.txt","khoa-hoc","4","Phương_tiện tự_hành Kar go thiết_kế giải_quyết giao hàng chặng trung_tâm phân_phối kho lưu_trữ giao hàng giai_đoạn chiếm chi_phí vận_chuyển hàng_hóa cơ_bản rút ngắn giảm_thiểu chi_phí vận_chuyển robot khả_năng làm_việc lẫn đêm tiền điện phí giao hàng William_Sachiti sáng_lập Học_viện Robotics hãng phát_triển Kar go xe robot chạy điện chở kiện hàng tự_hành làn_đường đô_thị nông_thôn tín_hiệu GPS. Thay trí_tuệ nhân_tạo tuyến đường phân_loại gói hàng di_chuyển Kar go giao bưu_kiện kích_thước tương_đương hộp đựng giày Robot tốc_độ di_chuyển tối_đa km sạc sạc Học_viện Robotics phương_tiện hứa_hẹn giúp tiết_kiệm chi_phí giao hàng chặng tác_động ô_nhiễm môi_trường Sachiti thử_nghiệm phân_phối thuốc viện dưỡng_lão triển_khai kế_hoạch Covid đại_dịch bùng_phát dự_án lập_tức tác_động tích_cực cộng_đồng Đoàn_Dương Reuters"
"00053.txt","giao-duc","3","Fun FunnyMột sai_lầm phổ_biến học tiếng fun funny hai có_nghĩa tương_tự Fun danh mô_tả thú_vị vui_nhộn Ví_dụ The_party last night was fun danced lot and made new friends Bữa tiệc tối vui nhảy love biking think it fun sport đạp xe môn thể_thao thú_vị fun danh động to have Ví_dụ had fun at the party last night vui bữa tiệc đêm Funny mô_tả hài_hước cười Ví_dụ My brother is very funny He tells the best jokes vui_tính câu_chuyện cười The_movie was funny laughed much phim hài_hước cười Tất_nhiên đôi_khi con_người funny fun Ví_dụ My best friend is fun and funny She fun because we always activities we both love and enjoy She funny because she makes me laugh when we spend time together thân vui_vẻ hài_hước vui_vẻ hoạt_động hai yêu hứng_thú hài_hước cười Bored Boring Bored mô_tả mệt_mỏi vui Ví_dụ Mary is always bored in math class She thinks the subject isn interesting Mary buồn chán lớp Toán môn_học thú_vị play English learning games on my phone when bored trò_chơi học tiếng điện_thoại buồn chán Boring đối_lập interesting mô_tả buồn chán thú_vị Ví_dụ Mary thinks math is boring She thinks the subject isn interesting Mary môn Toán nhàm_chán môn_học thú_vị Waiting for the train is boring sometimes play games on my phone to pass the time Chờ tàu chán game điện_thoại giết cơ_bản boring người_ta bored Tired Tiring Tired mô_tả cảm_giác buồn_ngủ mệt_mỏi Ví_dụ It in the_morning tired and want to sleep 2h mệt đi ngủ just finished running five miles really tired now hoàn_thành đường chạy dặm mệt Tiring danh động Ving mô_tả hoạt_động mệt_mỏi kiệt_sức Ví_dụ Running for five miles is tiring need to drink water and rest after I_run Đường chạy dặm mệt uống nghỉ_ngơi chạy find studying for too long tiring try to study for little bit every day học mệt cố_gắng học một_chút Alone Lonely Alone trạng nghĩa_là Ví_dụ don have any roommates live alone phòng sống một_mình can learn English alone without teacher or class học tiếng một_mình giáo_viên lớp_học Lonely nghĩa_là cô_đơn cảm_giác vui buồn Ví_dụ When_my boyfriend travels and stay at home feel lonely trai đi du_lịch cô_đơn My grandma was very lonely after my grandpa died cô_đơn Scared Scary Scared mô_tả cảm_giác làm_bạn sợ_hãi lo_lắng Ví_dụ don want to go swimming because am scared The_waves are really big đi bơi sợ_hãi Sóng My mom is scared of snakes She screams every time she sees one Mẹ sợ rắn hét Lưu_ý Scared quá_khứ động to scare sợ_hãi Scary scary mô_tả cảm_giác Thay scary mô_tả nỗi sợ_hãi kinh_hoàng sợ_hãi Ví_dụ The_waves in the ocean are big and scary don want to go swimming today Sóng đại_dương sợ đi bơi hôm_nay My mom thinks snakes are scary because they bite people Mẹ rắn sợ cắn Dương_Tâm FluentU"
"00092.txt","giai-tri","2","Vân_An ảnh Instagram"
"00062.txt","giao-duc","3","đầu thập_niên Việt_Nam dòng thơ_ca khuynh_hướng lãng_mạn Thơ gọi thơ lãng_mạn cách_mạng thơ_ca tiến_trình lịch_sử văn_học dân_tộc thu_hút chú_ý đông_đảo bạn_đọc Câu câu_thơ tác_giả Hôm_nay đi chùa Hương Hoa cỏ mờ hơi sương thầy me dậy vấn đầu soi gương Nguyễn Nhược_Phápb Lưu_Trọng Lưc Thế_Lữ"
"00058.txt","suc-khoe","7","Bác_sĩ Lê_Quốc Thiên_Quyền khoa Nội tim_mạch Lão học Bệnh_viện Thủ_Đức tụt huyết_áp mức_độ nghiêm_trọng sốc cấp_cứu kịp_thời mất_mạng xử_trí tụt huyết_áp giúp người_bệnh phục_hồi nhanh_chóng hạn_chế tai_nạn chấn_thương dấu_hiệu tụt huyết_áp người_bệnh cứu đơn_giản nằm_xuống bằng_phẳng nằm ghế_dài giường nâng hai chân người_thân giúp_đỡ uống cốc vị mặn Trường_hợp uống hai cốc Người_bệnh day hai huyệt thái_dương cơ_thể hồi_phục trở_lại Mặc_dù bình_thường đứng người_bệnh chậm_rãi thao_tác huyết_áp ổn_định tụt trở_lại Trường_hợp người_bệnh kèm triệu_chứng sốt kém lú_lẫn cảm khỏe nghỉ_ngơi ... bệnh_viện chẩn_đoán điều_trị kịp_thời tụt huyết_áp làm_việc lái_xe phi_công ... bệnh_viện tầm soát kỹ nguyên_nhân Tụt huyết_áp hay_hạ huyết_áp xảy áp_lực máu thành động_mạch đột_ngột bình_thường cơ_quan não máu Căn_bệnh nguyên_nhân phổ_biến chấn_thương té ngã độ triệu_chứng bệnh người_bệnh tư_thế đột_ngột đứng trời nóng làm_việc đổ mồ_hôi bác_sĩ Quyền Dấu_hiệu đặc_trưng tụt huyết_áp chóng_mặt đầu_óc quay_cuồng thị_lực da tái_nhợt buồn_nôn khát tim đập lạnh tay_chân ngất_xỉu Thư_Anh"
"00119.txt","giai-tri","2","Phương_Khánh_sinh Bến_Tre 1,71 kg chung_kết Miss Earth thí_sinh đăng_quang thi chuyên_trang sắc_đẹp lọt top Timeless beauty Missosology bình_chọn Hen_Niê đứng đầu Hiện hoạt_động showbiz video lối sống khỏe_mạnh hướng tự_nhiên ... Vân_An"
"00170.txt","the-thao","8","Djokovic đáng_ra tiết_kiệm sức_lực trận chung_kết Nadal cú trái dọc dây match point set trận Tsitsipas đi Pha hỏng ai_ngờ Djokovic trả_giá trận bán_kết diễn_biến lường lỡ match point Djokovic thua liền hai game giao_bóng chỗ tay_vợt thế_giới thua set Nole set bốn tâm_lý nặng_nề thể_lực đi Tsitsipas hưng_phấn trở_lại Djokovic break point rải khắp game giao đối_thủ Hy Lạp set bốn tận_dụng Tsitsipas hai break point set thắng hai game đỡ bóng kéo trận_đấu set nguy_cơ thất_bại hiển_hiện trước_mắt bản_lĩnh Djokovic thể_hiện Tay_vợt thế_giới hình_ảnh bạc_nhược hai set bung sức set Tsitsipas trẻ Djokovic thể_lực set quyết_định bung sức hai set kế Chấn_thương đùi tay_vợt di_chuyển Tsitsipas kịp pha dứt_điểm sân đàn_anh set chấp_nhận thất_bại set Thế_trận đảo chiều hai bốn thi_đấu hai set đầu Tsitsipas tồi Djokovic quái bóng đa_dạng Tay_vợt Serbia cứu bảy break point hai set tận_dụng bốn break point thắng cục_diện Tsitsipas cứu match point thắng game đỡ bóng tay_vợt Hy Lạp thắng game đỡ bóng hề sợ_hãi cứu break point set bốn Djokovic Tsitsipas lạnh_lùng cứu break point đa_số winner game quyết_định sức_ép tâm_lý Djokovic trao set thắng đàn_em giao_bóng gỡ hòa Djokovic đối_mặt nguy_cơ hai sự_nghiệp thất_bại hai set Roland_Garros tay_vợt Serbia thua Jurgen Melzer thắng hai set đầu set Tưởng Tsitsipas tiếp đà hưng_phấn màn ngược dòng set trận vòng Jaume_Munar tay_vợt Hy Lạp dính chấn_thương đùi thấm mệt set hai set game Tsitsipas cứu break point set bốn sụp_đổ dễ_dàng set quyết_định Djokovic thắng game đỡ bóng set khép trận_đấu tỷ_số bốn thi_đấu Djokovic thắng trận bán_kết Grand_Slam chung_kết Roland_Garros Djokovic đối_thủ quen_thuộc Rafael_Nadal thắng sáu bảy đối_đầu Grand Slam đất nện Djokovic_thắng thua trận đối_đầu Nadal hai đánh_bại Vua đất nện Roland_Garros cạnh Robin_Soderling Nhân Quang_Dũng"
"00095.txt","kinh-doanh","5","vốn chiếm phân_nửa tổng công_ty đầu_tư dự_án lĩnh_vực đầu Đức_Giang thành_lập công_ty bất_động_sản vốn điều_lệ tỷ đồng giao doanh_nghiệp thủ_tục mục_đích 5,4 hecta đất Long_Biên Hà_Nội Ban lãnh_đạo Đức_Giang cam_kết thu_xếp vốn đứng bảo_lãnh vay vốn ngân_hàng tài_chính công_ty_con dự_án báo_chí niêm_yết sàn chứng_khoán TP HCM Đào_Hữu_Huyền Chủ_tịch Đức_Giang dự_án tổng đầu_tư 1.410 tỷ đồng Dự_án lô liền kề block tầng căn_hộ Công_ty dự_kiến khởi_công bàn_giao hai Năm_ngoái công_ty giải_ngân 1,7 tỷ đồng dự_án UBND TP Hà_Nội phê_duyệt quy_hoạch Lợi_nhuận dự_kiến tỷ đồng Con_số vất_vả có_lẽ dự_án bất_động_sản duy_nhất đầu_tư nhà_máy sản_xuất Huyền Hóa_chất Đức_Giang tiền_thân doanh_nghiệp Nhà_nước trực_thuộc Tổng_cục hóa_chất Việt_Nam thành_lập sản_phẩm bột_giặt Đức_Giang Công_ty mở_rộng lĩnh_vực sản_xuất_hóa_chất kỹ_thuật hóa_chất công_nghiệp phân_bón Công_ty doanh_nghiệp duy_nhất Việt_Nam sản_xuất cloramin công_tác khử khuẩn phòng_dịch Covid quy_mô công_nghiệp công_suất 1.000 Công_ty mục_tiêu doanh_thu 7.550 tỷ đồng lợi_nhuận thuế 1.100 tỷ đồng lần_lượt thu sản_phẩm chủ_lực phốt_pho vàng axit photphoric thực_phẩm phân_bón Phương_Đông"
"00034.txt","suc-khoe","7","Y_tế phòng_ngừa nCoV lây_lan cộng_đồng mua hàng hàng ban quản_lý chợ tuân_thủ nghiêm_ngặt biện_pháp chống dịch đi chợ giai_đoạn cách_ly biểu_hiện sốt ho thở đi chợ đeo khẩu_trang chợ tối_thiểu mét xếp_hàng lối thanh_toán trao_đổi hàng ... Rửa dung_dịch sát_khuẩn chợ khạc nhổ vứt rác khẩu_trang bừa_bãi Che miệng mũi ho hắt_hơi hàng lao_động chợ đi buôn_bán giai_đoạn cách_ly biểu_hiện sốt ho thở đeo khẩu_trang suốt hàng làm_việc chợ Thường_xuyên rửa xà_phòng vệ_sinh dung_dịch sát_khuẩn chợ bắt_tay tối_thiểu mét tiếp_xúc khách_hàng cài_đặt bật ứng_dụng truy vết ứng_dụng khai_báo y_tế suốt chợ thiết_bị di_động thông_minh Thông_báo kịp_thời ban quản_lý chợ cơ_sở y_tế phát_hiện_trường_hợp biểu_hiện sốt ho thở Ban quản_lý chợ khuyến_khích hàng đo thân_nhiệt khách_hàng Bố_trí hàng quầy hàng giãn khuyến_khích lắp_đặt vách ngăn quầy hàng kẻ vạch xác_định đứng hàng mua hàng ... Hải_Dương ghi_nhận bệnh_nhân Covid buôn_bán kinh_doanh chợ giao hàng vận_chuyển hàng chợ tổ_chức truy vết dịch_tễ cơ_quan_chức_năng Hải_Dương phát thông_báo khẩn quầy hàng chợ nhiễm nCoV Lê_Cầm"
"00103.txt","the-thao","8","Lẽ_ra ta đánh gậy đấu_thủ nam đội bục đăng_quang sởn gai_ốc cảnh ta tươi_cười khen_ngợi mặt bàn quần_lót lưng Wie viết Twitter hôm Giuliani làm_khách mời chương_trình podcast War_Room cao_hứng nhắc Wie sự_kiện golf từ_thiện bảy bảo paparazzi háo_hức Wie chốt hố Michelle_Wie hấp_dẫn 1,8 mét tư_thế gạt bóng lạ cúi lộ quần_lót Mấy săn ảnh phát rồ Giuliani Hãng Nike sản_xuất váy quần ngắn nhạy_cảm giúp golfer nữ thoải_mái tự_tin thi_đấu thảo_luận golf nữ đỉnh_cao mặc vóc_dáng tư_thế putt hồi cải_thiện hiệu_quả chốt hố thắng US Women Open váy Wie phê_phán hành_vi chuẩn_mực Giuliani đội luật_sư giúp Donald_Trump phản_đối kết_quả bầu_cử Tổng_thống Mỹ hồi năm_ngoái Wie sinh đấu golf chuyên_nghiệp thắng major US Women Open chức vô_địch LPGA Tour hiện chồng kết_hôn Jonnie_West Giám_đốc đội bóng_rổ Golden State_Warriors Wie tạm gác gậy đầu lo gia_đình Sáu sinh bé gái đầu_lòng Makenna Kamalei Yoona_West Wie nghỉ thai_sản Quốc_Huy tổng_hợp"
"00009.txt","kinh-doanh","5","Tạp_chí Hurun Trung_Quốc công_bố danh_sách thường_niên giàu thế_giới đồng sáng_lập Alibaba Jack Ma đứng Trung_Quốc Zhong_Shanshan chủ hãng đóng_chai Nongfu_Spring Pony_Ma Tencent_Holdings Collin_Huang Pinduoduo Jack Ma liên_tiếp giàu Trung_Quốc Báo_cáo Hurun Jack Ma_rơi bậc giới_chức Trung_Quốc siết kiểm_soát Ant_Group Alibaba Những_phát_ngôn chỉ_trích hệ_thống tài_chính Trung_Quốc Jack Ma năm_ngoái giới_chức ra_lệnh hoãn IPO Ant_Group Alibaba điều_tra cáo_buộc độc_quyền Ant hiện cải_tổ mảng kinh_doanh Jack Ma ẩn tái_xuất hồi video ngắn gửi hội_nghị trực_tuyến Zhong hiện giàu Trung_Quốc khối tài_sản tỷ nhân_dân_tệ tỷ đôla Mỹ chủ_yếu cổ_phiếu hãng đóng_chai Nongfu_Spring hãng sản_xuất vaccine Beijing Wantai Biological Pharmacy_Enterprise kiểm_soát Tài_sản Pony_Ma năm_ngoái tỷ nhân_dân_tệ tài_sản Huang tỷ nhân_dân_tệ ghi_nhận tài_sản tỷ nhân_dân_tệ Jack Ma xếp Zhang_Yiming sáng_lập ByteDance công_ty_mẹ TikTok đầu lọt top giàu danh_sách Hurun Tài_sản hiện tỷ USD. Hà_Thu Reuters"
"00087.txt","kinh-doanh","5","đầu_tư cổ_phiếu HoSE tỷ_lệ lãi bình_quân 22,14 gấp 3,7 gửi tiết_kiệm đầu_tư đáy thị_trường lãi ... đầu_tư khôn_ngoan cổ_phiếu khả_năng sinh_lợi kỳ đầu_tư Cổ_phiếu đầu_tư cổ_phiếu thị_trường định_giá thực nội_tại cổ_phiếu định_giá giá phản_ánh cơ_bản thông_tin sẵn thị_trường thời_kỳ điều_chỉnh giá cổ_phiếu tăng_trưởng Growth_Stocks GS GS cổ_phiếu tỷ_lệ lãi cổ_phiếu thị_trường đặc_tính rủi_ro GS tương_lai cổ_phiếu thị_trường định_giá cổ_phiếu tăng_trưởng trung dài_hạn Giá cổ_phiếu biến_động giây cung_cầu tâm_lý đầu_tư cơ_bản dài_hạn xoay quanh nội_tại thử bài_toán so_sánh chỉ_số Việt_Nam thị_trường khu_vực Mỹ thế_giới âm_lịch Bloomberg Việt_Nam 17,15 Indonesia 30,4 Philipine 28,13 Thái_lan 26,75 Đài_loan 22,87 Singapore 22,41 Hàn_Quốc 30,78 Nhật_Bản 33,17 Mỹ 34,31 thị_trường Việt_Nam hấp_dẫn so_sánh phân_tích hàng trăm cổ_phiếu sàn chứng_khoán cổ_phiếu tăng_trưởng Việt_Nam kết_thúc GS nằm danh_sách công_ty niêm_yết tạp_chí tài_chính Forbes Biểu_đồ so_sánh CAGR tốc_độ tăng_trưởng hằng kép giá GS VN Index tiền gửi tiết_kiệm EPS cổ_phiếu điều_chỉnh IFRS chuẩn_mực báo_cáo tài_chính_quốc_tế phản_ánh bản_chất giúp đầu_tư quyết_định điều_chỉnh EPS phát_hành ESOP phát_hành cổ_phiếu nhân_viên phát_hành cổ_phiếu thưởng cổ_tức cổ_phiếu trừ quỹ khen_thưởng phúc_lợi ước_tính báo_cáo bảng so_sánh CAGR EPS cổ_phiếu tăng_trưởng giai_đoạn trung_bình EPS CAGR giá 1,29 GS tăng_trưởng Nguyên_nhân TV2 tăng_trưởng nhấtTrong cổ_phiếu nêu TV2 tăng_trưởng 59,4 CAGR 50,5 Nguyên_nhân tình_hình tài_chính TV2 lành_mạnh thể_hiện chỉ_số tỷ_suất thanh_toán hiện_hành 1,8 nợ vay vốn chủ sở_hữu chiến_lược TV2 tổng_thầu dự_án điện doanh_thu TV2 7,1 tỷ đồng 3.346 tỷ đồng ROE TV2 bình_quân 42,9 Vốn chủ sở_hữu tăng_trưởng kép tỷ 1.167 tỷ ... nhu_cầu điện bình_quân 10,5 giai_đoạn GDP Sản_lượng điện tiêu_thụ dự_kiến tăng_trưởng Quy_hoạch VII điều_chỉnh vốn đầu_tư bình_quân ngành điện 177.000 tỷ đồng cạnh TV2 lợi_thế cạnh_tranh công_ty đầu ngành tư_vấn xây_dựng điện TV2 nhà_máy cơ_khí sản_xuất cấu_kiện tiết_kiệm dự_án giảm_giá_thành tham_gia đầu_vào khảo_sát lập dự_án đầu_tư dự_án điện TV2 đầu_tư dự_án báo_cáo tài_chính dự phóng giả_định thận_trọng doanh_thu CAGR tăng_trưởng Tỷ_lệ 2,4 CAGR doanh_thu lãi TV2 kế_hoạch công_bố tương_ứng tỷ_lệ chiết_khấu dòng tiền tự_do vốn chủ sở_hữu nội_tại TV2 272.000 đồng thông_tin công_bố giả_định phổ_biến GS nội_tại chỉ_số GS bảng Bảng so_sánh nội_tại PEG GS 1.000 đồng CNBC đầu_tư 1.000 USD cổ_phiếu Microsoft IPO 100.000 USD 1,6 triệu USD 1.600 mức_độ khủng_khiếp giá Microfoft tỷ_lệ tăng_trưởng kép CAGR thị_trường chứng_khoán Việt_Nam đầu_tư triệu đồng TV2 5,94 tỷ đồng 59,4 CAGR giá 50,5 gấp 1,94 Microsoft tăng_trưởng rủi_ro đầu_tư cổ_phiếu TV2 hiện_hữu dự_án điện mặt_trời phát_triển ảnh_hưởng tốc_độ tăng_trưởng dự_án nhiệt_điện vốn TV2 EVN nắm chính_sách tập_đoàn ảnh_hưởng TV2 TS Trần_Xuân NamCEO Công_ty cổ_phần Tư_Vấn Sao_Nam"
"00161.txt","kinh-doanh","5","Mô_tả buôn_bán tâm dịch Covid Đỗ_Thị_Dung chủ trang_trại trứng Cẩm_Giàng ngắn_gọn Đầu trứng tràn trại Trại gà Dung 18.000 13.000 thời_kỳ sinh_sản cung_cấp 10.000 trứng So_sánh năm_ngoái mùng xe đỗ cửa hàng vận_chuyển tỉnh than_thở Cẩm_Giàng tâm dịch Covid Hải_Dương Dự_tính mùng mở_hàng Dung coi Mãi hôm_qua trứng trang_trại trứng quyết_định ủng_hộ tỉnh 30.000 ưu_tiên 20.000 trứng hàng_xóm thương tai_nạn nằm Trứng ủng_hộ giá đồng đồng giá nửa chi_phí sản_xuất 1.400 đồng Chăn_nuôi lỗ_lãi mong dịch hàng năm_ba dịch làm_ăn đàn_bà trung_niên so_sánh công_chức lương kinh_doanh lỗ triệu đồng trứng nông_hộ doanh_nghiệp kinh_doanh gà địa_bàn Hải_Dương Lục Văn Nhàn Chủ_tịch Hiệp_hội gà đồi Chí_Linh địa_bàn thành_phố triệu gà tồn_đọng Giá thịt gà 10.000 đồng kg tiêu_thụ chậm Dân Chí_Linh nuôi gà Tết dính dịch tiêu_thụ giải_thích đi_lại khu công_nghiệp chợ đò hoạt_động gà gà nuôi chăm lỗ tính_toán gà xuất_xưởng tiêu tốn 140.000 150.000 đồng kéo_dài chi_phí chăm_sóc gà nguyên vận_chuyển đi_lại doanh_nghiệp hộ chăn_nuôi trở_nên thận_trọng Trần Văn_Thiện hộ nuôi cá Nam_Tân Nam_Sách dịch xe khu Nam_Tân hàng vận_chuyển lác_đác xe Mấy chục lồng nuôi cá diêu hồng cá_lăng gia_đình làng cạnh km đi cá vận_chuyển cá Thiện Thiện xe hàng đi chốt kiểm_dịch tỉnh xe đáp_ứng giấy_phép kiểm_định nghiêm_ngặt phép di_chuyển tỉnh giáp_ranh thông_tin hàng thuỷ_sản Hải_Dương Cá xe tắc đổ Hàng_hoá cửa đầu cá cá lồng diêu hồng cá_lăng trông_chờ tiêu_thụ tỉnh hàng đắt tiền vốn đặc_sản Tạ Văn_Hưng Giám_đốc Hợp_tác_xã thuỷ_sản Thăng_Long Kinh_Môn Hải_Dương cá buồn bắt xe thông_thương bà_con chấp_nhận lỗ nuôi cá Lỗ tuỳ_thuộc hàng_hoá tồn_đọng chi_phí chăn_nuôi bớt nguyên_liệu vận_chuyển hàng_hoá thuận_lợi may_mắn đôi_chút Nguyễn_Mạnh Hùng Giám_đốc Công_ty Cổ_phần cây_trồng nông_sản_xuất_khẩu Kiên_Giang Cẩm_Giàng hiện nhúc_nhắc đi_lại hạn_chế Doanh_nghiệp cung_ứng hệ_thống siêu_thị miền Bắc tạm_thời ổn xét_nghiệm thủ_tục vận_tải hơi lằng_nhằng rau củ địa_bàn tồn_đọng giá rẻ bảo_quản dễ_dàng thông_thương kho sớm_muộn bà_con trụ kinh_doanh nông_hộ doanh_nghiệp chấp_nhận xã_hội đồng_tình thắt chặt địa_phương lân_cận dịch khống_chế buôn_bán yên_ổn trở_lại Hải_Phòng triệt_để Covid bà_con sống bình_thường Hùng Phương_Ánh"
"00130.txt","the-thao","8","khởi_động Xuân_Trường phát_hiện quên mặc áo tập công_nghệ_cao thiết_bị mặc áo đấu giúp ban huấn_luyện theo_dõi chỉ_số cầu_thủ thi_đấu tập_luyện khởi_động Xuân_Trường phát_hiện quên mặc áo tập công_nghệ_cao thiết_bị mặc áo đấu giúp ban huấn_luyện theo_dõi chỉ_số cầu_thủ thi_đấu tập_luyện Tiền_vệ biên_chế HAGL cười chữa_thẹn trợ_lý ban huấn_luyện trợ_giúp Tiền_vệ biên_chế HAGL cười chữa_thẹn trợ_lý ban huấn_luyện trợ_giúp cầu_thủ nóng bật chạy chạy đổi hướng dãn chia cặp tập chuyền bóng chạm chạm cầu_thủ nóng bật chạy chạy đổi hướng dãn chia cặp tập chuyền bóng chạm chạm ban huấn_luyện HLV Park_Hang seo hô dáng xấu tư_thế chuyền bóng chuẩn ban huấn_luyện HLV Park_Hang seo hô dáng xấu tư_thế chuyền bóng chuẩn tập đội_tuyển Việt_Nam cầu_thủ Quế_Ngọc_Hải Hồ_Tuấn_Tài Vũ_Xuân_Cường dính chấn_thương đội Phú_Thọ tập đội_tuyển Việt_Nam cầu_thủ Quế_Ngọc_Hải Hồ_Tuấn_Tài Vũ_Xuân_Cường dính chấn_thương đội Phú_Thọ tập duy_nhất đội_tuyển sân vận_động Việt_Trì mục_đích làm_quen sân bãi trận U22 Việt_Nam Đội U22 tập_luyện chỉ_đạo trợ_lý HLV Kim_Han yoon 15h30 tập duy_nhất đội_tuyển sân vận_động Việt_Trì mục_đích làm_quen sân bãi trận U22 Việt_Nam Đội U22 tập_luyện chỉ_đạo trợ_lý HLV Kim_Han yoon 15h30 sân Cẩm_Phả HLV Park cẩn_thận kiểm_tra mét_vuông mặt cỏ giẫm bẹp mô đất nhô nhặt dị_vật sân sân Cẩm_Phả HLV Park cẩn_thận kiểm_tra mét_vuông mặt cỏ giẫm bẹp mô đất nhô nhặt dị_vật sân Trận_đấu đội_tuyển Việt_Nam U22 Việt_Nam diễn 17h Chủ_nhật Trận_đấu đội_tuyển Việt_Nam U22 Việt_Nam diễn 17h Chủ_nhật chia đôi tập chiến_thuật hâm_mộ phóng_viên rời sân nán cửa ngóng theo_dõi thầy trò Park chia đôi tập chiến_thuật hâm_mộ phóng_viên rời sân nán cửa ngóng theo_dõi thầy trò Park"
"00126.txt","the-thao","8","Tân_binh Washington_Brandao có_mặt hạn cách_ly Tiền_đạo Brazil sinh đấu Indonesia Malaysia Tân_binh Washington_Brandao có_mặt hạn cách_ly Tiền_đạo Brazil sinh đấu Indonesia Malaysia Trung_vệ Kim_Dongsu ngoại binh HAGL. trưởng_thành bóng_đá học_đường Hàn_Quốc Hamburger Đức rèn_luyện đội trẻ CLB Đức giai_đoạn League đội Omiya_Ardija đầu trung_vệ Hàn_Quốc trở_lại Đức thi_đấu CLB Vfb_Lubeck sáu chuyến CLB League FC Anyang cập bến HAGL. Trung_vệ Kim_Dongsu ngoại binh HAGL. trưởng_thành bóng_đá học_đường Hàn_Quốc Hamburger Đức rèn_luyện đội trẻ CLB Đức giai_đoạn League đội Omiya_Ardija đầu trung_vệ Hàn_Quốc trở_lại Đức thi_đấu CLB Vfb_Lubeck sáu chuyến CLB League FC Anyang cập bến HAGL. mùa giải chứng_tỏ khả_năng trung_vệ Memovic Damir bầu Đức đội bóng phố núi tăng_cường trung_vệ Nguyễn_Hữu_Tuấn Nguyễn_Văn Việt Kim_Dongsu mùa giải chứng_tỏ khả_năng trung_vệ Memovic Damir bầu Đức đội bóng phố núi tăng_cường trung_vệ Nguyễn_Hữu_Tuấn Nguyễn_Văn Việt Kim_Dongsu"
"00019.txt","doi-song","0","bé Kun kết_thúc giới_thiệu thành_viên gia_đình cô_giáo nhắc mẹ thằng bé trả_lời ráo_hoảnh mẹ xong câu Kun cô_giáo nói_chuyện bố bé Minh Hùng Nghĩa_Hưng Nam_Định nói_chuyện bố đơn_thân Tối bố trẻ ôm vỗ_về xoa khắp dịu tổn_thương chẳng_thể chạm Lỗi chăm_chút người_ta đi thương khổ chàng trai vợ Minh Hùng học dở Đại_học Hàng_hải gia_đình bố mẹ thu_nhập nuôi anh_em Hùng trở quê học nghề xưởng nhôm kính thu_nhập yêu gái làng kém hai kết_hôn hôn_nhân tan_vỡ bốn Vợ Hùng nhường quyền nuôi con_trai rưỡi chồng đi biệt_xứ Đêm đầu mẹ cu Kun khóc mãi Chẳng dỗ_dành nín Hùng ôm khóc Suốt_nửa đầu ly_hôn Hùng mạng xã_hội giao_tiếp trừ công_việc bắt_buộc suy_sụp an_ủi bảo vợ chàng trai thành_thật vợ đi Hùng đối_mặt chăm vợ công_nhân đưa_đón đi học bố trẻ lo công_việc Hùng nhập hộ_khẩu chủ xưởng nhôm kính đi học tiện đưa_đón tan học bố Hùng chủ đón giúp chủ_nhật người_ta trông trẻ May chủ tốt_bụng nghịch không_trách ngại bộc_bạch thiệt_thòi mẹ mạng hát_ru tập hát Tối đòi đọc cổ_tích Ban_đầu điện_thoại thuộc_lòng Đi mệt bố lăn ngủ nấu_nướng tắm_giặt đêm thằng khóc òa Mơ_ngủ cáu Thằng bé mếu_máo đau bụng đùn quần bố dậy lọ_mọ thay bỉm xoa dầu ngủ Bối_rối lập_cập mãi thành quen Khổ mùa đông đánh_vật mãi cu dậy cười thằng bé khóc Hùng nửa cân_bằng cuộc_sống thu_nhập vợ_chồng Hùng tương_đương trung_bình triệu đồng thu_vén ly_hôn một_mình Hùng chăm lo kiếm tiền đau_ốm toàn vay chủ xưởng cộng dồn chục triệu nợ_nần buồn đi khám bác_sĩ y_tá mẹ cháu bố trẻ giãi_bày Anh_Vũ_Trường quản_trị viên diễn_đàn mạng xã_hội bố mẹ đơn_thân tổn_thương vất_vả chăm đàn_ông mạng đời tư Phụ_nữ đơn_thân hội tổ_chức giới tư_vấn tâm_lý việc_làm ... đàn_ông đi uống bia tự_động_viên Trường 20.000 bố mẹ đơn_thân thành_viên nam_giới Chuyên_gia_giáo_dục diễn giả Hoàng_Anh Tú khảo_sát bố đơn_thân Việt_Nam đàn_ông bố đơn_thân xã_hội Tú nhận_định Thạc_sĩ tâm_lý Nguyễn_Thị_Tâm Giám_đốc trung_tâm ứng_dụng tâm_lý Hồn_Việt TP HCM nhận_định đàn_ông đơn_thân nuôi dạy vất_vả phụ_nữ Đứa trẻ mẹ gắn_bó bào_thai liên_kết cảm_xúc đứa trẻ thể diễn_tả mẹ cảm_nhận giúp Chăm vốn bản_năng phụ_nữ đàn_ông tỉ_mỉ kiên_nhẫn khéo_léo chăm đứa trẻ gái Tâm Cảnh gà trống nuôi Nguyễn_Tiến_Thành Hai Trưng Hà_Nội suốt ví_dụ Thành vợ hai gái trai ly_thân nuôi con_gái sợ con_gái mẹ hại Thành cấm mẹ dặn đi lảng đi chẳng trả_lời con_gái bố kỳ lưng nhà_tắm bé đột_ngột đổi đuổi bố bố đứng ngượng_ngùng cửa đàn_ông lẳng_lặng đi Tám Mít tô son kẻ lông_mày Thành cấm bé giận_dỗi quát_mắng sợ tủi_thân mẹ chẳng hạn_chế điện_thoại phút mạng xã_hội học người_lớn Thành lo Mít trở_nên ích_kỷ bé sẵn_sàng mượn đồ_chơi sờ đồ Mít vứt đi chỗ mẹ bảo mẹ mua bé quát bố Dạo Thành đọc sách mạng tâm sinh_lý con_gái hội tâm_sự học thắt chặt kỷ_luật vỗ_về hai bố thủ_thỉ nguyên_nhân giải_pháp chủ_động liên_lạc mẹ cháu giải_quyết đàn_ông tiện Thành Hùng bố bé Kun mẹ đề_nghị xung_quanh nhắc vợ cũ Hùng sợ đứa trẻ mẹ phản_bội bỏ_rơi chẳng động_lực sống tiếp Hàng Thành vui gần_gũi bé đi cố_gắng làm_việc hai buộc sống dư_dả đi Chuyên_gia_giáo_dục Hoàng_Anh Tú khuyên bố đơn_thân mẹ Nuôi đứa trẻ lớn_khôn sữa cơm gạo đi học trường lớp tâm_lý cảm_xúc giúp trưởng_thành tích_cực Thạc_sĩ Nguyễn_Thị_Tâm đứa trẻ mẹ đứa trẻ khiếm_khuyết mặt cảm_xúc lợi_ích trẻ hàng_đầu cố_gắng tình_yêu_thương cha_mẹ Ngăn_cản mẹ trả_thù cũ sợ rời suy_nghĩ ích_kỷ Tâm chuyên_gia khuyên bố đơn_thân đừng phó_thác đứa trẻ ông_bà gánh thừa yêu_thương đứa trẻ yêu_thương yêu_thương nhân_vật thay đổiPhạm Nga"
"00154.txt","the-thao","8","Bàn_thắng Văn_Quyết Xuân_Trường pen Đức Chinh Văn Hữu_Thắng pen 52Hai bàn tuyển Việt_Nam phút gỡ hòa phút tiền_đạo Hà_Đức Chinh_tỏa cú xoay sút ấn_định tỷ_số tuyển Việt_Nam pha kiến_tạo đẹp_mắt Phạm_Xuân_Mạnh Thủ_môn Nguyễn_Văn Toản bàn thua Tuyển Việt_Nam U22 nước_ngoài tập_huấn mời đối_thủ giao_hữu Covid rà_soát lực_lượng kiểm_nghiệm đội_hình HLV Park_Hang seo hai đội giao_hữu hai trận Trận đầu diễn Cẩm_Phả Quảng_Ninh trận đá bốn Việt_Trì Phú_Thọ Đội_tuyển Việt_Nam sơ_đồ cặp tiền_đạo Tuấn_Tài Văn_Quyết Phan_Văn_Long Giang Trần_Quách Tân_chơi hộ công Đội áo đỏ đối_mặt Tuấn Tài chấn_thương rời sân nhường chỗ Hà_Đức_Chinh vận_hành U22 Việt_Nam hiệp một_hơi đội_tuyển tuyến đá hậu_vệ hai tiền_vệ trụ Huỳnh_Công Nguyễn_Hữu_Thắng Hai cầu_thủ nhỏ_con tự_do di_chuyển thể_hiện khả_năng sáng_tạo thế_trận giằng_co U22 Việt_Nam tỷ_số pha rê bóng biên trái Công Cao_Văn_Triền tiền_vệ trụ duy_nhất tuyển Việt_Nam Tận_dụng trống Văn_Triền Hữu Thắng dâng đón đường chuyền Công Hữu_Thắng chọc khe chạm tầm Văn lao đối_mặt thủ_môn Tấn_Trường Văn sút_chân trái tầm thủ_môn tuyển Việt_Nam đàn_em qua_mặt tuyển Việt_Nam phút gỡ hòa pha bóng lập_bập Hậu_vệ trái Vũ_Xuân_Cường sút biên trái tưởng nguy_hiểm bóng chân Đức_Chinh cột hai Đức Chinh sút lập_bập bóng nảy Văn_Quyết lao Đội_trưởng tuyển Việt_Nam dễ_dàng đệm lưới trống gỡ Văn_Quyết dấu_ấn tạt Đức Chinh đỡ ngực vô lê hiểm_hóc Bóng đi góc Văn_Toản đổ cỡ đẩy cầu_thủ quen_thuộc lần_lượt sân hiệp hai tuyển Việt_Nam kiểm_soát thế_trận bàn pha thô trung_vệ Văn_Việt phạt_đền đẩy Hữu_Thắng cấm_địa tiền_vệ U22 bóng sát biên ngang Chính_Hữu_Thắng đá phạt_đền đánh lạc hướng thủ_môn Tấn_Trường Tuyển Việt_Nam gỡ hòa phạt_đền tranh_cãi Xuân_Cường rê bóng thủ_môn Văn_Toản ngã chới_với Trọng_tài Văn_Toản ngáng chân Xuân_Cường thổi phạt_đền Lương_Xuân_Trường đá 11m góc trái Văn Toản bay hướng cứu bàn thua Sức_ép tuyển Việt_Nam thành bàn phút Xuân_Mạnh bóng cánh ngoặt chân trái chọc khe Đức_Chinh Tiền_đạo Đà_Nẵng xoay sút chìm Văn_Toản phút hậu_vệ Trần_Văn Kiên đệm_bóng cận_thành từ_đường căng ngang Hoàng_Đức bóng chệch cột_dọc Hai đội nghỉ bốn ngày_trước đá Việt_Trì Phú_Thọ Danh_sách thi đấuTuyển Việt_Nam Tấn_Trường Ngọc_Đức Văn_Kiên Thanh_Hào Văn Việt Tấn_Tài Minh_Tùng Xuân_Cường Trọng Hoàng Văn_Long Xuân_Mạnh Văn_Triền Xuân_Trường Quách Tân Văn_Toàn Tuấn_Tài Đức Chinh Văn_Quyết Hoàng_Đức U22 Việt_Nam Văn_Toản Văn_Minh Thanh_Bình Bá Hoàng_Hùng Duy_Kiên Sỹ_Hoàng Quang_Nho Công Văn_Việt Hữu_Thắng Văn Hiếu Văn_Đạt Minh_Bình Việt_Cường Xuân_Quyết Xuân_Tú Thanh_Minh Quang_Dũng Xuân_Bình"
"00040.txt","giao-duc","3","IELTS International_English Language Testing_System kiểm_tra trình_độ năng_lực tiếng bốn kỹ_năng đọc viết luyện sở_hữu chứng_chỉ IELTS lợi_ích cơ_bản"
"00081.txt","khoa-hoc","4","Video WEF"
"00084.txt","the-thao","8","VĐV thành_tích quốc_tế giành vé dự Olympic_Tokyo nhì bầu_chọn VĐV tiêu_biểu Việt_Nam đón Tết Covid bớt rời Trung_tâm Huấn_luyện Thể_thao Quốc_gia TP HCM hôm Bắc_Giang kèm ban huấn_luyện hạn_chế đi_lại khuyến_cáo_chung VĐV quanh_quẩn_ăn tập trở_lại hội quân tối thủ_tục y_tế bắt_tay tập_luyện tập chay thượng_đài Tức_là kế_hoạch thi_đấu cụ_thể_nào lý_thuyết Olympic tổ_chức thú_thực tinh_thần Giáo_án tập_luyện ban huấn_luyện điều_chỉnh mục_tiêu nhắm giải quốc_tế Cúp CLB toàn_quốc Vô_địch Quốc_gia tình_hình Covid tổ_chức võ_sĩ tập_luyện đài đấm stress lắm Covid quả_thực tai_hại tròn hạ Chatchai Decha Butdee tứ_kết hạng hạng 57kg món nợ chung_kết SEA_Games võ_sĩ boxing Việt_Nam thập_kỷ dự Olympic thời đàn_anh Đặng Hiếu Hiền Olympic Seoul Trở_về Jordan hồi phấn_chấn vô_cùng mong_ngóng thượng_đài vận_hội Olympic hoãn hẫng_hụt vô_cùng võ_sĩ thần_kinh thép giai_đoạn tinh_thần kinh_khủng Cảm_giác diễn_tả Văn_Đương diễn tập_luyện võ_sĩ đội_tuyển TP HCM. 5h30 bài_tập_thể_lực chạy kilomet kilomet chạy ngắn tốc_độ mét mét đấm bao sáu tám hiệp hiệp kéo_dài phút kết_thúc 8h đấm gió tập bổ_trợ bụng chống đẩy chiều tập 15h 18h thiên kỹ chiến_thuật đấm gió đấm đôi đấm đôi kỹ_thuật đấm đôi tự_do đấm bao tập bổ_trợ tập môn đối_kháng mệt_mỏi Bình_thường tập uống cafe trò_chuyện xả stress Covid quanh_quẩn mấy Trung_tâm buồn_bực tập_luyện thi_đấu bí_bách môn đối_kháng như_boxing võ_sĩ sàn trận chiến giúp cải_thiện phong_độ giải_tỏa tinh_thần thu_nhập thu_nhập Văn Đương vòng đấu_loại Olympic nằm hệ_thống thưởng Tổng_cục TDTT địa_phương cơ_bản Năm_ngoái tranh tài hai giải hệ_thống thưởng địa_phương kiếm triệu đồng triệu HC vàng Vô_địch Quốc_gia sáu triệu HC vàng Cup Quốc_gia may_mắn lương địa_phương đội_tuyển thú_thực VĐV thi_đấu thành_tích thu_nhập May_mà lập gia_đình lo vợ_con túng_thiếu Lâm_Thỏa_"
"00015.txt","giao-duc","3","Phùng Duy_Hưng sinh Hưng xác_định đi du_học nam sinh đầu_tư luyện thi SAT Khởi_điểm Hưng bằng_lòng chăm_chỉ luyện_tập giành trên1600 đợt thi Tự_tin khả_năng học_thuật Hưng đăng_ký thi môn SAT II Toán Lý Hoá tuyệt_đối hoàn_thiện hồ_sơ Duy_Hưng đăng_ký Đại_học Cornell khối Ivy_League top trường đại_học đào_tạo hàng_đầu Mỹ trường hướng_dẫn trung_tâm American Study Hưng ngưỡng_mộ giáo_dục Cornell hướng Trường học_viên tầng_lớp quốc_gia khám_phá ngành học yêu Ban_đầu băn_khoăn Đại_học Cornell tỉ_lệ chấp_thuận ứng_viên xuất_sắc nộp hồ_sơ hừa hưởng phóng_khoáng bố quyết_đoán lựa_chọn ủng_hộ gia_đình tư_vấn viên American Study nỗ_lực đỗ trường Hưng hồ_sơ ứng_tuyển Hưng tự_hào luận giải_thưởng cờ_tướng luận Hưng thi_đấu cờ_tướng giải thành_phố giành huy_chương bạc vàng quốc_gia cờ giúp rèn_luyện trí_óc kỹ_năng tính_toán phân_tích kiên_trì luận Hưng truyền_cảm_hứng bố doanh_nhân ngành_hàng trải nghiệm thú_vị ngành chăm_sóc khách_hàng Nam_sinh trình_bày hành_trình ước_mơ thành_lập doanh_nghiệp xã_hội dự_án từ_thiện Hưng theo_đuổi hai Hưng giới_thiệu mô_hình doanh_nghiệp xã_hội giải_quyết kinh_tế phát_triển luận nam sinh thuyết_phục ban tuyển_sinh Cornell vé khoa Kinh_tế Ứng_dụng Quản_lý Kinh_doanh Hành_trình hướng ước_mơ thành_lập doanh_nghiệp xã_hội tôisẽ dừng thư trúng_tuyển du_học kết_nối sinh_viên học đại_học Cornell nghiên_cứu môn đại_học sẵn_sàng hành_trang trường đại_học mục_tiêu theo_đuổi yêu học thất_bại hoàn_thiện ước_mơ Hưng American Study American Study chuyên luyện thi SAT ACT IELTS TOEFL tư_vấn du_học Mỹ giáo_viên Mỹ tốt_nghiệp trường đại_học top Mỹ kinh_nghiệm luyện thi hướng_dẫn viết luận học_bổng nộp trường đại_học hàng_đầu Mỹ Liên_hệ tư_vấn Website Trụ_sở Hà_Nội Tòa Yên_Hòa_Sunshine Vũ Phạm_Hàm Cầu Giấy Trụ_sở TP HCM Tòa Viettel_Tower Cách_mạng phường"
"00252.txt","kinh-doanh","5","Đọc thông_tin facebook Chủ_nhật Dung chồng giải_cứu nông_sản bà_con Hải_Dương Giải_Phóng Hà_Nội chồng chằng dây buộc sọt cà_chua xe Dung nhắn_tin mấy bảo chia Chiều chồng loay_hoay buộc sọt cà_chua xe thừa_nhận gia_đình không_thể_nào tiêu_thụ kg bà_con Giải_cứu mua chia biển màu đỏ ghi giải_cứu nông_sản sọt cà_chua đầy_ắp nằm vỉa_hè thu_hút mua mua túi kg sọt kg Hiện cà_chua niêm_yết 20.000 đồng túi 5kg mua sọt 80.000 đồng Hôm_nay bọn rau củ Tầm 10h xe chở su_hào súp_lơ xanh Tối muộn chuyến Thuỷ đứng nông_sản bà_con Hải_Dương vận_chuyển hàng xe hàng xe đấy Bắp_cải ghi 7.000 đồng su_hào giá 10.000 đồng củ súp_lơ xanh 5.000 đồng cà_rốt 30.000 đồng túi kg Thuỷ nông_sản dư_thừa Hải_Dương thiện nguyện liên_kết mạng địa_phương kết_nối Hợp_tác_xã Chí_Linh giúp bà_con nông_sản gửi Hà_Nội Nông_sản phương_tiện vận_tải phun khử khuẩn địa_bàn Hải_Dương bao_gồm hợp_tác_xã chốt kiểm_dịch xe chốt kiểm_dịch Quế_Võ Bắc_Ninh Hà_Nội cắt_cử xe Thủ_đô đấu nối vận_chuyển hàng đi Hàng_hoá xe khử khuẩn tiếng quãng đường km nông_sản Hà_Nội thông_tin mạng chiến_dịch ủng_hộ Thuỷ Hôm_qua hàng cà_chua su_hào súp_lơ xanh cà_rốt ... vòng chiều sọt hàng trống_không phút xe_máy tấp mua nông_sản buộc viết bảng thông_báo hàng mời dân mua hôm tiền hàng thu triệu đồng trừ chi_phí bao_bì Xăng xe thiện nguyện ủng_hộ Thuỷ toàn_bộ tiền tận_tay bà_con nông_dân Hải_Dương Dù_vậy Thuỷ nông_sản vỉa_hè ủng_hộ chính_quyền đánh_liều Chiều giải_cứu nông_sản Trần_Đăng_Ninh Cầu Giấy triển_khai chờ mua nông_sản nghi_ngại đông online giải_cứu khả_dĩ hàng nhân_lực đáp_ứng chốt đơn gửi hàng Thuỷ huy_động người_nhà nhân_viên hàng_xóm phụ_nữ giúp_đỡ chính_quyền hàng_hoá cứu_trợ Bọn lắm 4.000 giải_quyết gửi đi tỉnh nhấn_mạnh thời_tiết nắng_nóng ảnh_hưởng xấu tình_hình rau củ ... Sở Công_Thương Hải_Dương sở Công_Thương kết_nối giúp nông_sản tiêu_thụ siêu thụ Central_Retail Go_Big MM Mega_Market ... thống_nhất tỉnh vận_chuyển hàng_hoá chốt trạm kiểm_soát dịch_bệnh Covid cửa_ngõ tỉnh thành_phố lân_cận hạn_chế xe hàng Hải_Dương xe hàng chở siêu_thị tắc chốt kiểm_dịch Công_Thương gọi điện gỡ thống_kê Hải_Dương hiện hàng_hoá tồn_đọng địa_bàn nông_sản tỉnh 4.080 ha rau vụ đông kỳ thu_hoạch 3.205 ha hành ha cà_rốt ha cải_bắp su_hào súp_lơ rau lá Sản_lượng ước_tính 90.760 cà_rốt rau bắp_cải su_hào su lơ rau lá tỉnh xuất_khẩu tiêu_thụ nội_địa Đức_Minh"
"00038.txt","du-lich","1","Đầu blogger ẩm_thực 2,7 triệu lượt theo_dõi Tieghan_Gerard công_thức nấu phở gà blog Half Baked_Harvest giới_thiệu hoàn_thành món nguyên_liệu gà kho_tàu sốt mè cay thơm đăng nhanh_chóng vấp phản_ứng trái chiều hâm_mộ châu Việt_Nam phở món biểu_tượng dải_đất hình chữ nấu tiếng blogger ẩm_thực Mỹ giới_thiệu Món biến_tấu phở truyền_thống thịt bò bánh_phở nước_dùng một_số_thành_phần trang_trí hâm_mộ phản_đối Tieghan Gerard gọi món phở yêu công_thức nấu_ăn phở Gọi phở phở gà mạo_nhận tổn_thương độc_giả bình_luận công_thức nữ blogger cung_cấp thành_phần nấu món nổi_tiếng trang_trí món phản_ứng Gerard lên_tiếng xin_lỗi thừa_nhận sai_lầm quyết_định gọi phở ý_định xúc_phạm tổn_thương văn_hóa quốc_gia Gerard chú_ý viết công_thức nấu_ăn tương_lai hâm_mộ gốc Việt_sống Mỹ hài_lòng xin_lỗi đơn_giản nằm công_thức nấu_ăn Stephanie_Vũ sống San Francisco tổn_thương tức_giận công_thức phở món dân_tộc lên_tiếng kiến_thức tổn_thương cộng_đồng Mỹ gốc hài_lòng giải_thích nữ blogger sáng_tạo món hâm_mộ hy_vọng Gerard để_tâm phản_ánh độc_giả bình_luận Mỹ gốc Việt Hiện đăng Instagram Tieghan Gerard ghi món phở Anh_Minh Buzzfeed quán phở gà đêm Hà_Nội"
"00067.txt","the-thao","8","Hodgkinson thiên_tài điền_kinh toàn_thắng đua tham_gia Chân chạy đứng danh_sách VĐV quốc cự_ly mét màn trình_diễn giải điền_kinh trẻ thế_giới Vienna Áo hôm giải gái thế_giới chú_ý Hodgkinson Hôm Hodgkinson xuất_phát chậm đối_thủ giây chạm mốc mét giây hoàn_thành nửa đường mét tăng_tốc mạnh_mẽ đích phút 59,03 giây Hodgkinson xác_lập kỷ_lục thế_giới lứa cự_ly 800m Kỷ_lục cũ Meskerem_Legesse chân chạy Ethiopia lập hai giây chậm HLV Jenny_Meadows chồng Trevor_Painter thành_viên ban huấn_luyện Hodgkinson kỷ_lục khởi_đầu Meadows tuyên_bố táo_bạo Keely bé tiện cậm phá kỷ_lục Kelly_Holmes Keely tiềm_năng phát_triển Mốc kỷ_lục hướng Kelly_Holmes lập kỷ_lục chạy mét điền_kinh phút 56,21 giây Hodgkinson Vienna kỷ_lục thế_giới ấn_tượng Chân chạy thoạt_đầu định thi_đấu Áo kế_hoạch lịch_trình London huỷ_bỏ thông_báo Hodgkinson bay Áo quá_cảnh Frankfurt mét cửa máy_bay đi Frankfurt chuyến bay hai chuyến hôm Hodgkinson thông_báo Đức lệnh hành_khách kết_quả xét_nghiệm Covid âm_tính sở_tại vòng nhập_cảnh mốc phép vòng Đức bay chấp_nhận từ_chối máy_bay Hodgkinson Frankfurt chuyến bay muộn nhỡ chuyến bay chuyển_tiếp Vienna phòng khách_sạn khẩn_cấp đêm sân_bay 5h hôm thức dậy sẵn_sàng chuyến bay thủ_đô Áo Chuyến đi căng_thẳng tâm_trí rời đua vui bào_chữa kiếu chạy tệ chạy kiệt_sức thoải_mái vạch xuất_phát thần_đồng điền_kinh tâm_lý thoải_mái Hodgkinson chiến_thắng lập kỷ_lục lứa U20 cự_ly mét Hodgkinson thế_giới điền_kinh nhà_nghề mới_mẻ Mãi năm_ngoái đầu_ra nước_ngoài thi_đấu giải_đấu nhà_nghề Hodgkinson đầu đi nước_ngoài tập_huấn chuyến Duba nhập_học Đại_học Leeds_Beckett sống ký_túc_xá sinh_viên Hodgkinson học tâm_lý_học tội_phạm_học hào_hứng lập nghiệm ngành tâm_lý_học tội_phạm khả_năng gắn_bó đường chạy đường thể_thao đỉnh_cao World Indoor Tour Lievin Pháp hôm Hodgkinson tham_gia giải_đấu sự_nghiệp tranh tài niềm hy_vọng điền_kinh Jemma_Reekie Năm_ngoái Reekie lập thành_tích chạy 800m thế_giới đua Jemma tự_tin đối_đầu VĐV ưu_tú chạy cố_gắng kịp thú_vị Hodgkinson Màn trình_diễn Vienna đột_nhiên Hodgkinson ứng_cử_viên nặng_ký vô_địch mét giải vô_địch điền_kinh châu Âu Hodgkinson đốt giai_đoạn Mục_tiêu trước_mắt giành HC vàng giải điền_kinh trẻ châu Âu HC đồng rèn_luyện cọ_xát VĐV đẳng_cấp Olympic HLV Meadows kỳ_vọng lớn_lao áp_lực học_trò điên_rồ bé dự vận_hội áp_lực thả Keely biển xảy tương_lai HLV Thùy_Liên tổng_hợp"
"00039.txt","suc-khoe","7","Nồi chiên dầu gọi nồi chiên không_khí chín thức_ăn nhiệt_độ độ cánh_quạt tản_nhiệt bề_mặt thực_phẩm giúp thực_phẩm chín bề_ngoài giòn chiên rán dầu_mỡ truyền_thống nấu loại_bỏ mỡ dầu thực_phẩm nồi thìa dầu bôi đồ thành_phẩm màu_sắc hương_vị tương_tự rán ngập chảo dầu nấu nồi chiên dầu kích_hoạt phản_ứng_hóa học hiệu_ứng Maillard cải_thiện màu_sắc mùi_vị thực_phẩm Phó_giáo_sư tiến_sĩ Trần_Hồng_Côn Khoa_Hóa Đại_học Khoa_học Tự_nhiên Hà_Nội nguyên_lý hoạt_động nồi chiên dầu lợi_ích nguy_cơ hình_thành chất_độc acrylamide chất nhựa tổng_hợp khả_năng ung_thư Phó_giáo_sư phân_tích acrylamide thực_phẩm chế_biến hàm_lượng thực_phẩm chế_biến nhiệt_độ hấp luộc chế_biến thực_phẩm nhiệt_độ độ chiên nướng acrylamide hình_thành nghiên_cứu acrylamide thực_phẩm giàu carbohydrate khoai_tây chiên hạt ngũ_cốc Acrylamide hình_thành dạng ung_thư tử_cung vú tụy ... nguyên_lý chiên ngập dầu nồi chiên không_khí hạ nguy_cơ acrylamide nguy_cơ ung_thư vật_liệu sản_xuất nồi chiên dầu nghi_ngờ phó_giáo_sư nghiên_cứu phân_tích sản_phẩm thị_trường nghiên_cứu ảnh_hưởng nồi chiên dầu hiện kết_luận khả_năng biến_đổi thực_phẩm thành chất ung_thư Phó_giáo_sư nhựa chống dính chế_biến thực_phẩm giá thải trừ chất_độc nhựa polyacrylamide công_nghiệp xây_dựng loại_bỏ chất_độc câu sản_phẩm tiêu_chuẩn thực_phẩm Nồi chiên dầu sản_xuất tiêu_chuẩn đăng_ký bản_quyền giấy_phép kinh_doanh quyền sản_xuất hại sức_khỏe con_người ý_kiến khả_năng sinh chất_độc acrylamide chất_độc_hại tiềm_ẩn có_thể_hình_thành nồi chiên dầu hydrocarbon thơm đa vòng Chuyên_gia chất than hoạt_tính khả_năng ung_thư nhiệt_độ nồi chiên dầu cháy chiên rán thông_thường hướng_dẫn chiên hàm_lượng thực_phẩm ... sản_sinh chất_độc hại đồ chiên rán nguy_cơ béo phì chế_biến thức_ăn nồi chiên không_khí giúp cơ_thể chất_béo thường_xuyên giúp cân Chuyên_gia khuyến_cáo nồi chiên dầu nấu thức_ăn an_toàn hình_thức chiên sức_khỏe Chuyên_gia lưu_ý hạn_chế thực_phẩm chiên chiên hình_thức Đa_dạng thực_phẩm đa_dạng nấu giúp chế_độ"
"00018.txt","doi-song","0","Chris_Norton tai_nạn đá bóng trường Luther College Đông_Bắc_Iowa Chàng thanh_niên gãy xương_sống cử_động chi Chris liệt cổ trở chiến_đấu giành cuộc_đời tập vật_lý trị_liệu tiếng niềm thay_vì sợ_hãi quãng nỗ_lực gái Emily_Summers cuộc_đời Chris lang_thang mạng trò_chuyện Emily thu_hút chàng trai nhân_ái vẻ đẹp ngoại_hình cảm_giác chú_ý xe_lăn Emily lôi_cuốn câu_chuyện Chris từ_bỏ số_phận kết_nối tâm_hồn Emily gọi Chris thân hướng tham_vọng Chris sân_khấu tốt_nghiệp đại_học Chris thầy bạn_bè sân_khấu tốt_nghiệp giúp_đỡ gái Video ghi khoảnh_khắc chàng trai thu_hút triệu lượt Chris mục_tiêu đám_cưới đôi trẻ tổ_chức lễ kết_hôn ngoài_trời lễ Emily quàng quanh Chris giúp đứng xe_lăn ngạc_nhiên gia_đình bạn_bè hai lối đi đám_cưới bảy thước tập_luyện bảy đi bảy thước xảy ổn vấp_ngã Emily Chris tai_nạn xảy Chris vợ quỹ 800.000 USD tổn_thương tủy sống Quỹ Chris_Norton nuôi đứa trẻ cảm_hứng nghị_lực Chris tổ_chức phi lợi_nhuận Fotolanthropy làm_bộ phim tài_liệu Yards thước hành_trình số_phận chàng trai phát_hành báo giới cặp vợ_chồng tình_yêu niềm giúp dũng_cảm thử_thách cuộc_sống nuôi dạy con_cái đúng_đắn hôm_nay Chris diễn giả chồng yêu vợ đứa chấn_thương tủy sống may_mắn truyền_cảm_hứng Emily đỡ_đầu con_nuôi phim ra_mắt ... xảy Bảo_Nhiên Theepochtimes"
"00061.txt","suc-khoe","7","Bác_sĩ Nguyễn Thị Tường_Thái khoa Dinh_dưỡng tiết chế Bệnh_viện Thủ_Đức chế_độ dinh_dưỡng hợp_lý đóng vai_trò phát_triển thai_nhi thực_phẩm mẹ hạn_chế thai kỳ Cá hàm_lượng thủy ngân Thủy_ngân chất độc ảnh_hưởng hệ thần_kinh hệ miễn_dịch thận Thủy_ngân vùng_biển ô_nhiễm loài cá biển có_thể_tích_lũy hàm_lượng thủy ngân phụ_nữ thai hạn_chế cá chứa hàm_lượng thủy ngân cá_mập cá_kiếm cá_ngừ cá_thu cá Mặc_dù cá hàm_lượng thủy ngân cá béo axit béo omega lợi phát_triển thai_nhi Hải_sản thịt trứng sốngĂn trứng chần trứng sống thịt sống cá sống loài vỏ nghêu hàu sò tôm cua ... sống gỏi sushi ... nấu chín bệnh nhiễm_trùng bệnh virus vi_khuẩn ký_sinh_trùng toxoplasma E. coli norovirus vibrio salmonella listeria bệnh nhiễm_trùng đa_số ảnh_hưởng mẹ trường_hợp truyền thai_nhi hậu_quả nghiêm_trọng thậm_chí_chết thai Phụ_nữ thai nguy_cơ nhiễm_khuẩn Listeria gấp Listeria truyền thai_nhi thai mẹ dấu_hiệu bệnh Bệnh nhiễm_trùng đe_dọa thai_nhi chết lưu sảy thai sinh non bệnh thần_kinh nghiêm_trọng khiếm_khuyết trí_tuệ mù_lòa động_kinh Nội tạng Nội tạng giàu chất dinh_dưỡng sắt vitamin B12 vitamin đồng lợi sức_khỏe mẹ thai_nhi khuyến_khích bầu vitamin nguồn_gốc động_vật vitamin sẵn độc thai_nhi Nồng_độ đồng bất_thường dị_tật bẩm_sinh nhiễm_độc gan Bác_sĩ Thái khuyên bầu nội tạng tuần CaffeineĐây chất kích_thích phổ_biến chủ_yếu cà_phê trà nước_ngọt ca_cao Caffeine hấp_thụ dễ_dàng đi thai thai_nhi caffeine thai kỳ hạn_chế phát_triển thai_nhi nguy_cơ nhẹ cân sinh Nguy_hiểm nguy_cơ tử_vong trẻ sơ_sinh mắc bệnh mạn trưởng_thành đái_tháo_đường type bệnh tim Phụ_nữ thai khuyến_cáo hạn_chế caffeine mg tương_đương hai cốc cà_phê Thực_phẩm rửa sạchBề mặt trái_cây rau rửa gọt vỏ nhiễm vi_khuẩn ký_sinh_trùng toxoplasma E. coli salmonella listeria thông_qua sản_xuất thu_hoạch chế_biến lưu_trữ vận_chuyển phân_phối Rau mầm sống cỏ linh lăng cỏ ba_lá mầm cải giá đỗ nhiễm vi_khuẩn salmonella Rau_mầm nảy mầm môi_trường ẩm_ướt lý_tưởng vi_khuẩn phát_triển rửa sạch Vi_khuẩn hại mẹ thai_nhi toxoplasma trẻ sơ_sinh nhiễm toxoplasma bụng mẹ triệu_chứng sinh trẻ triệu_chứng mù_lòa thiểu_năng trí_tuệ bác_sĩ Thái khuyên bầu tiêu_thụ sữa phô_mai ép trái_cây tiệt trùng đu_đủ chín thơm dứa chứa chất co_bóp tử_cung bầu sảy thai sinh non Thức uống cồn Phụ_nữ thai uống rượu nguy_cơ sảy thai thai chết lưu rượu tác_động tiêu_cực phát_triển trí_não bé hội_chứng rượu bào_thai dị_tật khuôn_mặt khuyết_tật tim thiểu_năng trí_tuệ Thực_phẩm đóng góiSnack bánh kẹo mì gói ... chất dinh_dưỡng calo đường chất_béo bổ_sung bầu cân thai kỳ hạn_chế thực_phẩm cân nguy_cơ đái_tháo_đường type bệnh tim khả_năng thừa cân trẻ Thư_Anh"
"00070.txt","khoa-hoc","4","Video Mashable"
"00139.txt","giai-tri","2","Sulwhasoo giới_thiệu hoạt_chất Ginsenomics độc_quyền thành_phần chứa dưỡng_chất dồi_dào năng_lượng đặc rễ lá thân_củ sâm Hoạt_chất đặc khuếch_đại 6.000 phân_tử saponin chiết gram 1.000 gram nhân_sâm tươi vàng Đại_diện thương_hiệu nhận_định thành_phần đột_phá xứng tầm di_sản phiên_bản cải_tiến dòng Tinh_chất chống lão_hóa Concentrated Ginseng Renewing_Serum Concentrated Ginseng Renewing Serum gọi tinh_chất nhân_sâm kết_cấu dạng gel chứa vô_số viên nang phát_triển kho_tàng trí_thức thảo_dược đông_y công_nghệ hiện_đại Sulwhasoo thương_hiệu mỹ_phẩm uy_tín xứ kim chi Sản_phẩm khả_năng chống lão hóa toàn_diện cải_thiện kết_cấu nâng_đỡ cấu_trúc da giảm_thiểu nếp nhăn tăng_cường_độ_ẩm đại_diện Sulwhasoo tinh_chất nhân_sâm đặc triết_lý làm_đẹp hàng triệu làn da hoạt_chất Ginsenomics đẩy hiệu_quả trẻ_hóa da tầm khả_năng thẩm_thấu len_lỏi sâu lớp tế_bào da giúp da săn đàn_hồi thuở thanh_xuân Concentrated Ginseng Renewing_Serum cảm_giác_thư_thái dễ_chịu hiệu_quả chân_thực da căng tràn sức_sống sớm_mai đón_nhận hàng triệu phụ_nữ toàn_cầu tinh_chất nhân_sâm quý_giá nỗ_lực xứng_đáng đại_diện Sulwhasoo di_sản thương_hiệu thương_hiệu làm_đẹp Hàn_Quốc Sulwhasoo ghi dấu nghiên_cứu nhân_sâm thành_phần dưỡng da quý_hiếm Sulwhasoo kế_thừa phát_huy thành_quả di_sản sản_phẩm chống lão_hóa Thương_hiệu đề_cao triết_lý dưỡng da cân_bằng cao_cấp sáng_lập Suh Sung Hwan chuyên_gia làm_việc Viện_Di_sản Nghiên_cứu Khoa_học Sulwhasoo ngừng tìm_kiếm ứng_dụng công_nghệ hiện_đại kết_hợp trí_tuệ mong_muốn sáng_chế công_thức dưỡng da độc_đáo 4.000 thảo_dược quý nổi_bật nhân_sâm Sulwhasoo bề dày nghiên_cứu chuyên_sâu lâu_đời liên_tục tinh_chế chiết tách nhân_sâm Hàn_Quốc tận_tâm kiến_tạo hoạt_chất độc_quyền giúp phụ_nữ cải_thiện làn da duy_trì_vẻ đẹp thanh_xuân đại_diện thương_hiệu Viện_Di_sản Nghiên_cứu Khoa_học Sulwhasoo trung_tâm D_Amorepacific tổ_chức Hội_nghị quốc_tế trực_tuyến chuyên_đề học_thuật nhân_sâm nghiên_cứu Hàn_Quốc lẫn quốc_tế thảo_luận hiệu_quả lịch_sử bào_chế nhân_sâm giới_thiệu dòng mỹ_phẩm ứng_dụng thành_phần Park_Young_Ho Viện_trưởng trung_tâm tập_đoàn Amorepacific kỳ_vọng hội_nghị đóng_góp tri_thức kho_tàng dược_liệu tác_dụng lợi_ích nhân_sâm sức_khoẻ làn da Công_nghệ tiên_tiến kết_hợp trí_tuệ cổ_xưa giải_pháp chăm_sóc da hữu_hiệu Sulwhasoo"
"00053.txt","doi-song","0","Bữa cơm chiều vợ_chồng Trưởng diễn im_lặng Cẩm_Giàng tâm dịch đợt Chàng trai quê Thái_Bình đột_nhiên phá tan bầu không_khí đặc quánh âu_lo bàn vợ đăng_ký tình_nguyện viên trực chốt kiểm_soát chống dịch Lỡ lây_nhiễm vợ Vũ_Thị_Đan phân_vân trực chốt mặc đồ bảo_hộ khỏe_khoắn chỗ lo lớn_tuổi thức đêm lắm thay Trưởng đáp hai vợ_chồng đi Đan dứt_khoát Anh_Trưởng nghề mộc thường_xuyên mai công_trình xây_dựng nửa thăm vợ công_nhân khu công_nghiệp Lai_Cách Cẩm_Giàng Hải_Dương Tháng_Chạp xong công_trình nhà_trọ vợ Cặp vợ_chồng Tết Đan nghỉ Quảng_Ninh Thái_Bình thăm bố_mẹ hai con_riêng Chạp dịch bùng_phát Hải_Dương Trưởng vợ xác_định phòng trọ Tết đầu hai vợ_chồng quẩn_quanh phòng trọ lướt mạng giải_khuây tình_cờ đọc thông_tin huyện Đoàn Cẩm_Giàng tuyển thanh_niên tình_nguyện chống dịch hai đợt dịch hồi năm_ngoái kêu_gọi thanh_niên tham_gia chống dịch mấy dịp Tết dịch_bệnh căng_thẳng gia_đình dám tham_gia lực_lượng chống dịch đại_diện huyện Đoàn Cẩm_Giàng bộc_bạch hai chữ Trưởng đi sức vai rộng rảnh giúp chàng trai hai tham_gia tình_nguyện trực chốt dịch_bệnh bùng_phát Thái_Bình bữa cơm chiều hai vợ_chồng chốt đầu làng chỗ trọ trăm mét đăng_ký cán_bộ khuyên chốt ngã tư Lai_Cách cửa_ngõ thị_trấn trực thôn xe_cộ trực 10h khuya ngã xe_cộ đi_lại thanh_niên trẻ khỏe cán_bộ thôn động_viên Anh_Trưởng chạy xe km chốt A18 ngã tư Lai_Cách hướng Hà_Nội Hải_Phòng Bí_thư huyện Đoàn Vợ_chồng lịch trực hôm Trưởng giao trực xuyên đêm chốt kiểm_dịch A18 Vợ trực 19h 22h chốt thôn đầu làm_việc chàng trai Thái_Bình trùm đồ bảo_hộ kín_mít găng_tay khẩu_trang đầy_đủ tối có_mặt chốt nhiệm_vụ đo thân_nhiệt khử khuẩn xe bốn cán_bộ làm_việc cầm chổi quét_dọn vòng xung_quanh lều tạm cán_bộ cầm bình_xịt khử_trùng berie đồ_dùng cần_thiết hai tình_nguyện chống dịch quê Trưởng bắt_nhịp công_việc giao xe_tải container thanh_niên tình_nguyện đeo bình khử khuẩn kg vai bơm sục khí xịt vòng khắp xe Dịp giáp Tết Hải_Dương phong_tỏa xe_cộ đông_đúc tối chục xe Công_việc đo thân_nhiệt khử khuẩn sức thanh_niên Trưởng rã_rời nhiệm_vụ chẳng_là công_an bộ_đội hôm bê hộp cơm hạ nhiệm_vụ xe Trưởng Đêm xe thưa giường tầng chốt kiểm_dịch Trưởng nhường lớn_tuổi trẻ ngô khoai nướng tám lớp khẩu_trang đỡ buồn_ngủ Mạnh_miệng hai đầu đi trực chàng trai mệt ngủ Vác bình khử khuẩn đau vai mỏi cổ quen bình_thường tham_gia tình_nguyện Trưởng thanh_niên nhiệt_tình trách_nhiệm hiếm nề_hà Nguyễn_Đình chỉ_huy quân_sự Hải_Dương trực chốt A18 nhận_xét Đại_diện huyện Đoàn Cẩm_Giàng Trưởng Đan cặp vợ_chồng duy_nhất huyện tham_gia_công_tác chống dịch địa_phương giúp_sức góp_phần tuyên_truyền phong_trào tình_nguyện Cẩm_Giàng sôi_nổi Niềm vui Trưởng đêm giao_thừa lãnh_đạo chốt mừng_tuổi động_viên Công_an cảnh_sát dân_thường tình_nguyện chống dịch cán_bộ dân Trưởng chiêm_nghiệm Khoảnh_khắc giao_thừa rời phút chạy xe chốt đầu làng mừng_tuổi vợ Đan chồng chùa thắp hương Trời Cẩm_Giàng phút chuyển_giao cũ vắng_lặng cầu bình an gia_đình chống dịch cầu đất_nước dịch Covid Nén_nhang tắt Trưởng vội vợ công_việc Tết vợ_chồng cưới Đan bảo chồng sức_khỏe yếu dồn sức chồng yên_tâm chống dịch Tết vợ Trưởng Hàng cơm_nước giặt_giũ nghỉ_ngơi tối Đan mua khoai ngô chốt chồng cán_bộ nướng đêm trưa phòng trọ tiếng chuông điện_thoại vang Đan đi chạy máy ngủ tối đi chống dịch khẽ thì_thầm hỏi_thăm chồng Phạm_Nga"
"00124.txt","giai-tri","2","Hôm Caitlyn đoạn video con_gái trang_điểm tông nude chủ_đạo phấn má hồng tự_nhiên phấn mắt nâu son kem màu hồng đất hai chủ_đề Kylie Jenner khen kinh_nghiệm kẻ viền môi uốn mi Caitlyn tiết_lộ lén trang_điểm con_gái ra_đời Caitlyn Jenner công_khai giới Kylie Đôi_khi bối_rối Kendall gọi bố bố nói_chuyện bố ổn gọi Caitlyn trả_lời xưng_hô quyết_định bố xử bố trải mặc người_ta kia bố thể_thức dậy Caitlyn_Jenner William Bruce_Jenner sinh ruột Kylie_Jenner Kendall_Jenner Vợ Caitlyn Kris_Jenner mẹ Kim_Kardashian đàn_ông Caitlyn sự_nghiệp thể_thao thành_công đoạt huy_chương vàng Olympic bộ_môn điền_kinh môn phối_hợp Caitlyn công_khai giới quãng đời cuộc_chiến bệnh rối_loạn định_dạng giới gender dysphoria nổi_tiếng Caitlyn công_khai giới_tính chú_ý truyền_thông hành_động ghi cuộc_sống căng_thẳng Họa_Mi Elle"
"00127.txt","giai-tri","2","CEO Lê_Thị Thảo_Nguyên thành_lập Công_ty Minh_Nguyên chuyên cung_ứng thiết_bị phụ_liệu tóc doanh_nghiệp đầu giới_thiệu Cadac_Professional thương_hiệu kem nhuộm tóc sản_xuất công_nghệ chuẩn CGMP tiêu_dùng nghệ_sĩ ra_mắt kem nhuộm tóc Cadac_Professional Việt_Nam phát_triển nhu_cầu làm_đẹp sản_phẩm làm_đẹp ra_đời trở_nên phổ_biến đại_trà quyết nghiên_cứu ra_mắt sản_phẩm thoả_mãn nhu_cầu Việt đẹp bền chất_lượng an_toàn sức_khỏe giá_cả cạnh_tranh chất_lượng sản_phẩm Cadac đáp_ứng tiêu_chuẩn Sản_phẩm tiết_giảm tối_đa hương_liệu Tóc làm_đẹp mượt không_lưu mùi khó_chịu phản_hồi tích_cực Tập_thể Minh_Nguyên vui_mừng ra_mắt ngắn Cadac tích_cực Đa_số nhận_định sản_phẩm rát kích_ứng da đầu nhuộm màu_sắc đa_dạng cập_nhật xu_hướng thế_giới công_thức nhuộm màu đơn_giản quét barcode mã màu Kế_hoạch Cadac chúc cũ làm_ăn phát_đạt gia_đình an_khang thịnh_vượng mùa xuân trọn niềm vui"
"00111.txt","suc-khoe","7","so_sánh bệnh_nhân khỏe_mạnh khoa_học phát_hiện mức_độ viêm oxy_hóa tế_bào tinh_trùng mắc Covid tinh_trùng chết nồng_độ tinh_trùng khả_năng di_chuyển hình_dạng tế_bào tinh_trùng cạnh nam_giới xu_hướng ốm nguy_cơ tử_vong Covid nữ nghiên_cứu Đại_học Yale mùa hè phụ_nữ phản_ứng miễn_dịch chống mầm bệnh Nguyên_nhân cơ_chế bảo_vệ thai_nhi bằng_chứng khoa_học bệnh_nhân nam ảnh_hưởng nghiêm_trọng nghiên_cứu Trung_Quốc ghi_nhận chết Covid đàn_ông châu Âu báo_cáo Tổ_chức Y_tế Thế_giới WHO tỷ_lệ khoa_học Italy phát_hiện nhập_viện tỷ_lệ nam_giới tử_vong nữ đàn_ông ảnh_hưởng tiêu_cực nghiên_cứu Tạp_chí Tim_mạch châu Âu phái_mạnh thụ thể ACE2 máu phái_đẹp ACE2 tế_bào phổi tim mạch_máu tinh_hoàn thụ thể phép virus tiếp_cận xâm_nhập tế_bào rủi_ro Covid liên_hệ nghiên_cứu sâu nhiễm sắc_thể hệ_thống miễn_dịch suy_yếu phụ_nữ hai nhiễm sắc_thể X. đàn_ông phản_ứng miễn_dịch virus cúm mùa kém nữ_giới Thói_quen đóng vai_trò ví_dụ hút thuốc Thuốc_lá góp_phần gia_tăng nguy_cơ mắc bệnh tử_vong Covid hút chạm miệng mắc bệnh bác_sĩ Luke_Powles phó_giám_đốc Phòng_khám BUPA giải_thích nam_giới xu_hướng hút thuốc Bác_sĩ Powles trích_dẫn nghiên_cứu cánh mày râu uống rượu phái_đẹp hại hệ miễn_dịch bệnh phổi đàn_ông lo_lắng dịch_bệnh phụ_nữ chấp_hành nghiêm quy_định phòng_chống dịch đi khám nhanh_chóng Jonathan_Ramsay tư_vấn tiết_niệu chuyên_gia sinh_sản nam Phòng_khám Lister đàn_ông mắc Covid lo_lắng bệnh nghiêm_trọng bệnh sốt khả_năng sinh_sản suy_giảm Bác_sĩ Ramsay giải_thích trường_hợp ảnh_hưởng ngắn_hạn hệ sinh_sản phục_hồi vòng Mặt_khác nghiên_cứu Đức hạn_chế so_sánh người_bệnh nhiễm nCoV yếu_tố bệnh_nhân nhập_viện tuổi_tác cân bệnh tác_dụng thuốc kháng_sinh thuốc corticoid ảnh_hưởng khả_năng sinh_sản nam_giới kiểm_tra tinh_trùng thường_xuyên xác_định tranh toàn_cảnh tác_động virus Mai_Dung Telegraph"
"00047.txt","doi-song","0","Nhật_Bản tăng_cường biện_pháp phòng_chống Covid mùa xuân năm_ngoái Nazuna Hashimoto trở_nên hoảng_loạn Phòng tập_thể_dục Osaka huấn_luyện_viên tạm ngừng hoạt_động Bạn_bè Nazuna Hashimoto Sợ một_mình gọi trai quen rủ đôi_khi ngừng khóc Căn_bệnh trầm_cảm chẩn_đoán hồi đầu Thế_giới sống vốn nhỏ_bé Hashimoto đời lối_thoát quyết_định tự_tử trai may_mắn phát_hiện gọi cấp_cứu cứu sống Đại_dịch Nhật_Bản áp_lực phụ_nữ Tokyo phụ_nữ sống một_mình Khuyến_cáo người_thân cảm_giác cô_lập trầm_trọng phụ_nữ vật_lộn chăm làm_việc chịu_đựng bạo_lực tấn_công tình_dục gia_tăng Nhật_Bản 6.976 phụ_nữ tự_vẫn nam_giới tự_tử phụ_nữ vụ kết_quả bi_kịch khởi_nguồn loạt phức_tạp con_số phụ_nữ chấm_dứt đời suốt liên_tiếp năm_ngoái quan_chức chính_phủ chuyên_gia sức_khỏe tâm_thần lo_ngại Phụ_nữ Nhật_Bản chăm_sóc sức_khỏe gia_đình Đôi_khi sợ_hãi dư_luận sỉ_nhục người_thân đeo khẩu_trang vệ_sinh Áp_lực chẳng may gia_đình nhiễm virus Yuki_Nishimura giám_đốc Hiệp_hội Dịch_vụ Sức_khỏe Tâm_thần Nhật_Bản Phụ_nữ gánh phòng_chống virus coi_thường phụ_nữ hồi_phục_sức_khỏe nhiễm Covid tự_tử nhà_riêng phương_tiện truyền_thông Nhật_Bản thu_thập bằng_chứng đau_khổ lây_nhiễm may xu_hướng đổ lỗi nạn_nhân Michiko_Ueda phó_giáo_sư khoa_học chính_trị Đại_học Waseda Tokyo nghiên_cứu tự_tử Tiến_sĩ Ueda phát_hiện khảo_sát năm_ngoái lo_lắng áp_lực xã_hội nhiễm virus chuyên_gia lo_ngại ngôi_sao điện_ảnh truyền_hình Nhật_Bản liên_tiếp tự_sát năm_ngoái thúc_đẩy chuỗi bắt_chước Yuko_Takeuchi nữ diễn_viên nổi_tiếng tự_tử phụ_nữ tự_tử thời_kỳ đại_dịch phụ_nữ việc_làm nửa phụ_nữ Nhật hợp_đồng công_việc kinh_doanh đóng_băng công_ty cắt_giảm nhân_viên đầu năm_ngoái 1,44 triệu công_nhân nửa phụ_nữ vụ tự_tử phụ_nữ Nhật năm_ngoái thiếu_niên nữ_sinh trung_học tự_sát gấp đôi Hashimoto nỗi sợ_hãi phụ_thuộc tài_chính tuyệt_vọng phòng tập_thể_dục mở_cửa trở_lại nữ huấn_luyện_viên ổn_định cảm_xúc làm_việc Cảm_giác tội_lỗi dựa_dẫm trai tình_cảm tài_chính dần trút gánh căng_thẳng đại_dịch làm_việc cực_kỳ hiếm Nhật_Bản phụ_nữ đột_nhiên lo_lắng đáp_ứng công_việc lo an_toàn vệ_sinh con_cái bảo_vệ cha_mẹ già kết_nối bạn_bè kênh dần điều_trị bệnh_viện tâm_thần thuốc tự_tin Hashimoto cải_thiện công_việc bốn tuần Hashimoto giúp học giải_quyết kết_nối chuyên_gia phát_triển ứng_dụng Bloste xả_hơi Nhật_Bản chú_trọng thúc_đẩy phụ_nữ thăng_tiến sự_nghiệp phát_triển kinh_tế xem_trọng sức_khỏe tinh_thần Nhật_Minh New_York_Times"
"00003.txt","phap-luat","6","21h thi_thể Gail_Fulton nữ thủ_thư thị_trấn đồng_nghiệp phát_hiện vũng máu bãi đỗ xe thư_viện thị_trấn Orion bang Michigan bắn đầu bụng ngực Đồ_đạc xe Gail nguyên_vẹn động_cơ cướp tài_sản mau_chóng loại_bỏ nguyên_nhân án thù_oán quen_biết nạn_nhân tốt_bụng kẻ_thù hướng điều_tra chồng Gail George_Fulton George nhân_viên kinh_doanh thường_xuyên đi công_tác đồng_nghiệp Gail George ngoại_tình nữ doanh_nhân bang Florida Donna_Trapani Donna_Trapani y_tá đứng thành_lập trung_tâm chăm_sóc sức_khỏe bang Florida thu lợi_nhuận đôi_khi triệu USD Trapani thuê George giúp_đỡ quản_lý_tài_chính hai nảy_sinh tình_cảm George cớ công_việc sống bang Florida ngoại_tình vợ phát_hiện hai tình_cảm George_cố cứu_vãn hôn_nhân cách_trở gia_đình bang Michigan tình Trapani lưng cảnh_sát George xảy vụ án con_trai Chứng_cứ ngoại_phạm con_trai xác_nhận George chấm_dứt quan_hệ tình_cảm Trapani hiện hai liên_lạc bàn công_việc George gia_đình Trapani có_thai chẩn_đoán mắc ung_thư Trapani George tổ_chức vợ nhân_tình bang Michigan đầu hai giải_quyết khúc_mắc Gail đau_khổ chồng ngoại_tình tỏ bao_dung đồng_ý nuôi đứa bé Trapani may qua_đời ung_thư Gail chết kịp hứa nghi_ngờ điều_tra_viên liền Donna_Trapani cảnh_sát gọi điện Trapani dính_líu chết Gail Dữ_liệu mạng di_động xác_thực phụ_nữ bang Florida xảy vụ án hiện_trường 1.000 dặm băng ghi_hình camera an_ninh thư_viện trích xuất giao cảnh_sát băng ghi_hình Gail xe lái mét lốp xì hơi kiểm_tra lốp ôtô đi xe lạ gã nhảy bắn nạn_nhân phát rời hiện_trường băng ghi_hình biển cảnh_sát công_khai ảnh chụp xe công_chúng nhân_chứng gọi xe lái phụ_nữ điều_tra_viên manh_mối mấu_chốt cuộc_gọi đàn_ông trú bang Florida gọi gái cũ Sybil_Padgett tham_gia vụ án_mạng trai Patrick_Alexander Trùng_hợp Padgett y_tá trung_tâm chăm_sóc sức_khỏe Trapani cảnh_sát bang Florida Trapani bụng bầu đối_đáp cẩn_thận câu phỏng_vấn tiếng Trapani chết Gail_Fulton cảnh_sát phỏng_vấn Padgett trai Alexander Padgett phủ_nhận Alexander mau_chóng thú_tội Alexander Trapani trừ_khử vợ trai thù_lao 15.000 USD. Alexander Trapani_dọa sa_thải dọa báo cảnh_sát Padgett hút cần_sa đối_phương nuôi Alexander Padgett bang Michigan bám Gail quanh thị_trấn dám cặp đôi Alexander tay_trắng trở Trapani_chiêu mộ tài_xế xe_tải Kevin_Ouelette kẻ đồng_ý bóp cò Ouelette Alexander Padgett bang Michigan thư_viện Gail làm_việc băng_nhóm chọc thủng lốp xe nạn_nhân chờ Chờ Gail dừng kiểm_tra lốp xe Ouelette trai thú_tội Padgett khai củng_cố khai Alexander hai bắt khởi_tố tội Giết Ouelette bắt khai tiền Donna_Trapani giết Gail_Fulton Khám Padgett cảnh_sát phát_hiện ảnh Gail ghi_chép lịch_trình hàng nạn_nhân bản_đồ ghi_chú thị_trấn Orion lá thư tuyệt_mệnh giả đề Gail Trapani đánh_máy bắt_giữ Donna Trapani vô_tội bất_chấp chứng_cứ bất_lợi chức_trách thu_thập Trapani quả_quyết Padgett tống_tiền Padgett đồng_bọn giết Gail đổ tội Trapani lệnh bắt cảnh_sát soát Trapani phát_hiện khăn cuộn tròn áo cảm_giác bụng bầu có_thai George_Fulton Trapani mắc ung_thư ta thẩm_vấn Trapani yêu George_Fulton cố đổ tội giết vợ đối_phương cáo_buộc Trapani xác_định vô căn_cứ cảnh_sát chứng_cứ George khuyến_khích vụ án_mạng Patrick Alexander thỏa_thuận tội công_tố_viên hắn phạt tù tội Giết cấp_độ II đồng_ý làm_chứng chống Padgett Trapani trước_tòa Alexander dự_kiến ân_xá Tương_tự Kevin Ouelette thỏa_thuận tội Giết cấp_độ lãnh án chung_thân ân_xá Hắn làm_chứng chống Padgett Trapani chấp_hành án nhà_tù gia_đình Padgett Trapani xét_xử phiên_tòa Công_tố_viên cáo_buộc Trapani George_bỏ vợ George vợ Trapani nói_dối bầu ung_thư giai_đoạn hòng níu chân ngờ Gail đồng_ý nuôi đứa trẻ bụng thay Trapani ta quyết_định thuê sát_hại Gail loại_bỏ gai mắt Donna_Trapani Sybil_Padgett kết_tội Giết cấp_độ I. hai phạt tù chung_thân ân_xá chấp_hành án nhà_tù Ypsilanti bang Michigan Quốc_Đạt Oxygen Justia"
"00127.txt","suc-khoe","7","Bác_sĩ chuyên_khoa Nguyễn Trần Như_Thủy khoa Nội_Y_học cổ_truyền Bệnh_viện Đại_học Y_Dược TP HCM cơ_sở trung_niên cao_tuổi hơi tiêu thanh_niên trẻ hệ tiêu_hóa lão_hóa bệnh kèm Triệu_chứng người_bệnh mô_tả chính_xác cảm_giác nặng_nề căng chướng tức lạnh quanh_rốn thượng_vị kèm hơi buồn_nôn nôn kèm khó_chịu xương ức bác_sĩ Thủy chứng hơi tiêu khuya bữa thịnh_soạn liên_tục tinh_bột đạm chất xơ đồ chiên xào món nêm muối uống nước_ngọt gas xảy thức_ăn tồn_lưu truyền tống hấp_thu sinh hơi chướng bụng hơi tiêu đơn_thuần kèm triệu_chứng toàn_thân sốt tiêu_chảy ... thuốc uống bác_sĩ Thủy Thay gừng tươi chữa chứng ăn_không tiêu nôn_mửa đau lạnh bụng giúp kích_thích tiêu_hóa Bác_sĩ hướng_dẫn gừng tươi hiệu_quả gừng tươi chấm muối củ gừng tươi vỏ rửa sạch bào lát nhai hột muối hột phút nhấm_nháp một_chút lát bụng khỏe Bác_sĩ lưu_ý gừng bớt hăng nồng gừng non rửa sạch ngâm sơ ấm trẻ Trà_gừng củ gừng tươi to ngón rửa sạch cạo vỏ giã nhuyễn gừng ly sôi ml đậy nắp hai phút Người_bệnh uống ấm pha một_chút đường mật_ong uống Uống ngụm uống nấu tủ_lạnh hâm_nóng hơi tiêu uống hai ly trà bệnh Uống bữa giúp tiêu_hóa thức_ăn Bác_sĩ khuyên uống hai ly trà gừng nóng hạ huyết_áp chảy_máu cơ_thể phụ_nữ thai trà gừng co thắt tử_cung nguy_cơ sẩy_thai sinh non Túi chườm gừng nóng gừng tươi rửa sạch nghiền vắt Bã gừng nồi đun nóng đổ khăn mịn sạch bọc Đợi bã nguội bớt đắp bụng xoay vòng chiều kim_đồng_hồ toàn bụng bã gừng nguội nồi chút gừng đun nóng đắp tiếp tối phút giúp trị hơi tiêu hiệu_quả độ nóng túi chườm muốt hạt trộn gừng tươi giã nhuyễn đun nóng nồi đem rang lò vi_sóng đầu chườm túi gừng nóng nhiệt_độ ấm lót vải mỏng rộp da mẹo vặt bác_sĩ chữa chứng hơi chậm nhai kỹ rau xanh chườm túi khăn ấm massage nhẹ_nhàng bụng chiều kim_đồng_hồ đu_đủ chín dứa uống dấm táo chanh pha ấm giúp tiêu Thư_Anh"
"00022.txt","kinh-doanh","5","hôn_nhân định mệnhOsamu Suzuki Osamu_Matsuda sinh thành_phố Gero tỉnh Gifu Nhật_Bản tốt_nghiệp đại_học Gifu làm_việc ngân_hàng địa_phương làm_việc nhận_xét làm_việc quyết_liệt chính_thức thế_giới kinh_doanh hôn_nhân coi định_mệnh cuộc_đời kết_hôn Shoko_Suzuki cháu gái sáng_lập hãng xe Suzuki_Motor sáng_lập con_gái con_gái sinh toàn con_gái dòng_họ Suzuku thừa_kế nam Osamu_Matsuda đổi gia_đình vợ thành Osamu_Suzuki truyền_thống Nhật gia_đình đổi rể con_nuôi thừa_kế nam quản_lý công_việc kinh_doanh Suzuki làm_việc Suzuki_Motor đảm_nhiệm quản_lý chủ_tịch thứ_tư Suzuki_Motor quản_lý hãng Suzuki hãng xe quy_mô thị_trường nội_địa thành hãng xe toàn_cầu thông_qua sản_xuất xe cỡ giá bình_dân sống khu_vực đông dân thế_giới Ấn_Độ Trung_Quốc Đông_Âu quan_điểm thay_vì cố_gắng cạnh_tranh đại_gia ngành ôtô Nhật thị_trường phát_triển Ấn_Độ Trung_Quốc Hungary Đại kế_hoạch bành_trướng nhà_máy Osamu SuzukiÔng Suzuki khả_năng ngoại_giao chú_trọng phát_triển quan_hệ chuyến đi củng_cố quan_hệ hợp_tác cơ_quan chính_phủ đi khắp Đông_Nam_Á khu_vực lân_cận thành_lập nhà_máy lắp_ráp vệ_tinh Suzuki khai_trương nhà_máy Thái_Lan nhà_máy Indonesia khánh_thành Liên_tiếp Suzuki nhà_máy lắp_ráp sản_xuất phụ_tùng Philippines Australia Pakistan Đầu thập_niên Suzuki thành_lập liên_minh hãng xe Mỹ General_Motors giúp hãng Suzuki thâm_nhập thị_trường châu Âu Bắc_Mỹ đầu thập_niên Suzuki nhà_máy quốc_gia xuất_khẩu ôtô đi quốc_gia thế_giới doanh_thu xe Suzuki Motor tăng_trưởng 33,7 Đầu Suzuki chính_thức vươn đứng đầu sản_xuất ôtô cỡ mảng sản_xuất xe_máy Suzuki đứng Honda Yamaha Suzuki kiến_trúc_sư kế_hoạch phát_triển thị_trường Ấn_Độ vốn thành_công lợi_nhuận thị_phần Suzuki_Motor hiện_diện Suzuki_Motor Ấn_Độ khởi_đầu liên_doanh hãng xe Suzuki_Motor doanh_nghiệp nhà_nước Ấn_Độ Maruti_Udyog chính_phủ Ấn_Độ Liên_doanh Maruti Suzuki sản_xuất xe Maruti Alto xe nhanh_chóng dân Ấn_Độ ưa_chuộng người_ta gọi xe Ấn Maruti Suzuki thành_công thương_hiệu mạng_lưới phân_phối chuyên_gia ngành ôtô đầu_tư Ấn_Độ coi thương_vụ thành_công lịch_sử hoạt_động Suzuki_Motor Suzuki nắm thị_phần Ấn_Độ Pakistan Trung_Quốc Suzuki Motors ôtô xe Nhật hoạt_động Trung_Quốc liên_doanh Maruti_Suzuki sản_xuất 200.000 xe phục_vụ thị_trường nội_địa xuất_khẩu Đông_Âu Nepal Bangladesh dừng Nam_Á nhà_máy Ấn_Độ hãng xe Suzuki Motor chính_thức thị_trường New_Zealand Canada tổng_sản_lượng xe Suzuki_Motor triệu Trong_suốt thập_niên Suzuki Motor hiện_diện Hàn_Quốc Cập Hungary Việt_Nam xe Suzuki ưa_chuộng giá_cả tiết_kiệm nhiên_liệu giá xăng USD gallon thu_nhập bình_quân đầu trăm USD hàng nghìn USD xe Suzuki lựa_chọn chiến_lược bành trường táo_bạo Osamu Suzuki dẫn_dắt hãng xe Nhật cạnh_tranh Suzuki_Motor thị_trường phát_triển vượt_trội Suzuki_Motor dòng xe cựu CEO kiêm chủ_tịch hội_đồng quản_trị hãng xe General_Motors G. Richard Wagoner khen_ngợi phỏng_vấn hãng xe sản_xuất ôtô phân khúc giá trung_bình Suzuki_Motor lãnh_đạo tuyệt_vời Osamu Sát_thủ chi phíNhờ chính_sách tiết_kiệm chi_phí tối_đa quản_lý_tài_chính sát_sao Osamu Suzuki xe giá Suzuki Motor lãi nhân_viên quyền Suzuki nổi_tiếng chặt_chẽ chi_phí mảng hoạt_động doanh_nghiệp kiểm_tra nhà_máy cắt_giảm chi_phí nhà_máy sơn màu trắng vạch màu vàng tiết_kiệm cent can sơn cương_vị CEO ngừng cắt_giảm chi_phí đích_thân thăm nhà_máy tiết_kiệm chuyến thăm đề_xuất chi_tiết Ví_dụ chuyến thăm nhà_máy chuyến thăm gợi_ý chi_phí tắt bớt đi 1.900 tổng_số 18.000 bóng đèn nhà_máy tiết_kiệm 40.000 USD tiền điện chi_phí lễ_tân cắt_giảm cần_thiết Thay cử đón thăm nhà_máy lắp_đặt hệ_thống bảng hướng_dẫn cực_kỳ chi_tiết liên_hệ nhà_máy Chi_phí đi_lại nhân_viên Osamu Suzuki vô_cùng Thông_thường nhân_viên đi nhà_máy tỉnh Tokyo mua vé đi tàu cao_tốc shinkansen Osamu mua vé dừng nghỉ địa_phương chuyến đi tiết_kiệm USD tổng_chi_phí USD điều_chỉnh thiết_kế phụ_tùng ôtô Suzuki hãng đối_thủ thuận_lợi mua phụ_tùng cung_cấp sẵn mục_tiêu chi_phí tối_đa phỏng_vấn báo_chí sản_xuất xe tiết_kiệm chi_phí yen Forbes lãnh_đạo Suzuki Osamu Suzuki dẫn_dắt Suzuki Motor tham_gia liên_minh hãng xe toàn_cầu hợp_tác General Motors Volkswagen Hợp_tác giúp Volkswagen học_hỏi Suzuki Motor kinh_nghiệm xe hãng xe Nhật tận_dụng lợi_thế công_nghệ đối_tác Liên_minh kết_thúc Suzuki Motor liên_minh hãng xe Chongqing Changan_Automobile Trung_Quốc sản_xuất ôtô Suzuki Motor ký_kết thỏa_thuận góp vốn Toyota hai công_ty công_bố chi_tiết thỏa_thuận hợp_tác phạm_vi rộng Toyota sản_xuất xe lai hybrid gắn mác Suzuki nhà_máy sản_xuất RAV4 Corolla thị_trường châu Âu Thỏa_thuận bao_gồm xe Suzuki sản_xuất nhà_máy Derbyshire Toyota hợp_tác giúp Suzuki Toyota tiết_kiệm tối_đa chi_phí kết_hợp công_nghệ mạng_lưới phân_khối kinh_doanh cạnh_tranh công_bằng mở_rộng thị_phần thị_trường Ấn_Độ CEO Suzuki Motor chủ_tịch hội_đồng quản_trị Quyết_định nghỉ làm_chủ_tịch vị lãnh_đạo nắm quyền lịch_sử ngành ôtô thế_giới Bạn_bè người_thân gia_đình hối_thúc nghỉ hưu Suzuki thoái_thác chết cuộc_chiến nghỉ hưu Con_người chết từ_bỏ công_việc Diệu_Thanh"
"00084.txt","khoa-hoc","4","lạnh bão mùa đông Nathan Myhrvold ngược_lại trời lạnh chụp tuyết hoàn_hảo hai mày_mò nghiên_cứu khoa_học kiêm nhiếp_ảnh gia phát_hành loạt hình_ảnh cấu_trúc hiển_vi tuyệt đẹp tuyết rơi Alaska Canada Chụp ảnh tuyết mới_mẻ nông_dân Wilson Bentley Vermont Mỹ chụp tuyết cấp_độ siêu trang_trại Ngày_nay coi tiên_phong lĩnh_vực thế_kỷ chụp ảnh tuyết thách_thức nhiếp_ảnh gia kích_thước nhỏ_bé xu_hướng tan chảy tiến_sĩ vật_lý toán lý_thuyết Đại_học Princeton kinh_nghiệm làm_việc Microsoft Myhrvold dựa nền_tảng hệ_thống máy_ảnh phép chụp hình tuyết độ phân_giải megapixel mô_tả máy_ảnh tuyết độ phân_giải thế_giới Hệ_thống kết_hợp kính hiển_vi máy_ảnh thông_thường bộ_phận hoạt_động song_song phép chụp liên_tiếp ảnh tuyết tan chảy khung hình xếp chồng toàn_bộ vật_thể nét giúp độ sâu trường ảnh chậm tan_rã tuyết máy_ảnh Myhrvold trang_bị hệ_thống mát nhiệt_điện cạnh khung sợi carbon đèn LED thay đèn tiêu_chuẩn phép_tỏa nhiệt Ánh_sáng tan chảy tuyết công_ty chuyên sản_xuất đèn LED mục_đích công_nghiệp Nhật_Bản Đèn flash máy_ảnh chỉ_tỏa nhiệt nghìn máy_ảnh thông_thường Myhrvold thu_thập mẫu chụp ảnh hề dễ_dàng hàng nghìn tuyết hoàn_hảo chụp ảnh Myhrvold Thông_thường dính nhanh_chóng kính hiển_vi mặt thủy_tinh kính hiển_vi vật_liệu hoàn_hảo nhiệt nghiên_cứu vật_liệu sapphire nhân_tạo tỷ_lệ dẫn_nhiệt tương_tự mặt đồng_hồ cao_cấp thay_thế Myhrvold nâng_cấp máy_ảnh tuyết hy_vọng kết_nối máy_in 3D mô_hình tuyết Đoàn_Dương Smithsonian"
"00102.txt","suc-khoe","7","ảnh Trung_tâm cấy tóc New_Hair"
"00154.txt","giai-tri","2","tuyển_tập sáng_tác phổ_biến nhạc_sĩ câu ngạn_ngữ cánh én chẳng mùa xuân phát_triển thành hát thông_điệp cuộc_đời dòng_chảy bất_tận người_ta sống tách vòng_tay cộng_đồng nhạc_sĩ Phạm Tuyên ca_khúc hát chủ_đề sách in nhạc_phẩm voi Đôn Tiến đoàn_viên đèn Trường cháu trường mầm_non tư_liệu quý thiếu_nhi sáng_tác xuất_bản Kim_Đồng ấn_hành sách nhận_xét Nhạc Phạm Tuyên hồn_nhiên trong_sáng giản_dị đằm_thắm hát hình_tượng nghệ_thuật đẹp độ ca câu hát cửa_miệng tuổi_thơ người_ta hát viết tác_giả nhà_thơ Trần_Đăng_Khoa viết giới_thiệu Phạm Tuyên đại_thụ cành nhánh nhánh vạm_vỡ sum suê nhánh tươi nõn hiến_dâng con_trẻ nhạc_sĩ Phạm Tuyên viết nhạc con_gái dự_án phối_khí ca_khúc thiếu_nhi sáng_tác nhạc_sĩ đau_đáu thiếu_nhi hát nhạc tiếng tiếng Hàn tiếng Việt mong nhạc_sĩ đương_thời chú_trọng mảng sáng_tác trẻ_em Hà_Thu"
"00091.txt","khoa-hoc","4","Hải_cẩu thầy_tu Địa_Trung_Hải Monachus monachus hiện phân_loại cực_kỳ nguy_cấp Sách_Đỏ Liên_minh Bảo_tồn Thiên_nhiên Quốc_tế số_lượng chia thành quần_thể biệt_lập Địa_Trung_Hải biển Aegean quần_đảo Madeira khu_vực Cabo Blanco đông bắc Đại_Tây_Dương báo_cáo tạp_chí Oryx hôm nghiên_cứu Đại_học Exeter Hiệp_hội Bảo_vệ Rùa SPOT phát_hiện địa_điểm sinh_sản loài hải_cẩu hiếm thế_giới bắc Cyprus đảo_quốc đông Địa_Trung_Hải nghiên_cứu lắp_đặt bẫy camera xác_nhận non sinh hàng động một_số_ít hang động bắc Cyprus thích_hợp hải cầu thầy_tu sinh_sản nghỉ_ngơi hành_động khẩn_cấp bảo_vệ địa_điểm Khu_vực bờ biển bắc Cyprus bê_tông_hóa nhanh_chóng xây_dựng khách_sạn khảo_sát hang_động khả_năng địa_điểm sinh_sản hải_cẩu phá_hủy Địa_điểm hiện bảo_vệ làm_việc chính_quyền địa_phương Tiến_sĩ Robin_Snape Trung_tâm Sinh_thái Bảo_tồn Đại_học Exeter Tác_giả nghiên_cứu Tiến_sĩ Damla Beton SPOT nhấn_mạnh đe_dọa hải_cẩu thầy_tu khu_vực hoạt_động đánh_bắt cá vô_tình mắc lưới ngư_dân đi săn chức_trách biện_pháp hoạt_động đánh_bắt khu_vực săn mồi hải_cẩu Đoàn_Dương Phys"
"00043.txt","thoi-su","9","đại_diện Sở Giao_thông vận_tải Hải_Phòng kế_hoạch xây_dựng cầu thực nhiện giai_đoạn cầu hoàn_thiện Sở Giao_thông Vận_tải Hải_Phòng trình lãnh_đạo thành_phố thông_qua kế_hoạch xây_dựng cầu bao_gồm cầu kết_nối cầu Xuân cầu Nghìn cầu Lô Đông_nối xã Vĩnh_Long huyện Vĩnh_Bảo huyện Quỳnh_Phụ Thái_Bình cầu kết_nối huyện cầu huyện cầu_vượt nút giao cầu vành_đai vành_đai Giai_đoạn Sở Giao_thông Vận_tải Hải_Phòng đề_xuất xây_dựng cầu cầu sông Hóa kết_nối tỉnh Thái_Bình cầu Máy_Chai sông Cấm cầu Rào sông Lạch_Tray cầu An_Trì nối quốc_lộ đường Máng huyện An_Dương cầu Tân_Liên Cấp_Tiến_nối xã Tân_Liên Vĩnh_Bảo xã Cấp_Tiến Tiên_Lãng mở_rộng cầu Nguyệt đường nối Kiến_An An_Lão cầu Vàng mở_rộng đường An_Lão cầu Máy_Đá nối Lán_Bè cầu sông kết_nối huyện cầu huyện nút giao cầu vành_đai vành_đai Dự_kiến tổng vốn đầu_tư cầu nêu 38.000 tỷ đồng địa_bàn thành_phố hiện dự_án cầu triển_khai cầu cầu Bến_Rừng cầu Nguyễn_Trãi ... tổng đầu_tư 7.000 tỷ đồng Lê_Văn_Thành Bí_thư Thành_ủy Hải_Phòng thành_phố hoàn_thiện khánh_thành công_trình thi_công kế_hoạch đề triển_khai thủ_tục đầu_tư khởi_công cầu Bến_Rừng cầu Nguyễn_Trãi cải_tạo nâng_cấp Quốc_lộ đoạn cầu Đá_Bạc cầu Kiền ... Thành dự_án vành_đai TP Hải_Phòng trình HĐND thành_phố khởi_công xây_dựng vành_đai thành_phố tập_trung_cao triển_khai dự_án đoạn Đình_Vũ Dương_Kinh Dương_Kinh Kiến_An kết_nối Hồng_Bàng đoạn Đình_Vũ Vũ_Yên Lập Lễ kết_thúc đường Thành Trên_cơ_sở ưu_tiên dự_án vành_đai Hải_Phòng triển_khai đồng_loạt cầu kết_nối thành_phố tỉnh Hải_Dương Quảng_Ninh Thái_Bình Hệ_thống cầu kết_nối huyện địa_bàn công_trình thi_công cầu kết_nối phường xã thành_phố phân_cấp huyện làm_chủ đầu_tư thông_tin TP Hải_Phòng đầu_tư xây_dựng cầu nhiệm_kỳ 2020.5 cầu hoàn_thành TP Hải_Phòng bao_gồm Cầu Rào cầu Dinh kết_nối huyện Thủy_Nguyên thị_xã Kinh_Môn tỉnh Hải_Dương cầu Quang_Thanh kết_nối huyện An_Lão huyện Thanh_Hà tỉnh Hải_Dương cầu Tràng_Kênh nằm dự_án cải_tạo đường thị_trấn Minh_Đức huyện Thủy_Nguyên cầu sông Đa_Độ hoàn_thành Dự_án đường giai_đoạn huyện Kiến_Thụy"
"00084.txt","kinh-doanh","5","tâm_lý tích_cực đầu_tư dòng tiền ổn_định đầu phiên xu_hướng thị_trường ATO kéo_dài đóng_cửa Sắc xanh chiếm áp_đảo mã HoSE mã đứng tham_chiếu mã Toàn_bộ VN30 mã chốt phiên giá_trần Chốt phiên hôm_nay VN Index đóng_cửa 3,66 VN30 Index tích_cực 1.175 VN30 Index VN Index lực kéo giai_đoạn phục_hồi chủ_yếu vốn_hóa Sắc xanh ngành dầu_khí hưởng lợi giá dầu thế_giới tài_chính ngân_hàng chứng_khoán kết_quả kinh_doanh tích_cực phiên hôm_nay VRE GAS VPB mã tích_cực biên_độ TCB 6,7 MWG SBT 6,6 SSI 5,7 HDB POW PLX FPT VHM MBB CTG khoản hai sàn niêm_yết 15.400 tỷ HoSE giao_dịch 14.000 tỷ đồng Khối ngoại phiên nới rộng mua ròng tỷ đồng chủ_yếu bluechip VHM VRE HPG VNM. Minh_Sơn"
"00043.txt","phap-luat","6","quay_phim chụp ảnh báo cơ_quan nhà_nước thẩm_quyền phạt nguội Luật_sư tư vấnTheo khoản Luật vi_phạm hành_chính vi_phạm hành_chính phát_hiện ngăn_chặn kịp_thời nghiêm_minh hậu_quả vi_phạm hành_chính khắc_phục quy_định pháp_luật khoản thẩm_quyền xử_phạt trách_nhiệm chứng_minh vi_phạm hành_chính tổ_chức xử_phạt quyền thông_qua đại_diện hợp_pháp chứng_minh vi_phạm hành_chính Căn_cứ quy_định nêu trường_hợp dân đeo khẩu_trang công_cộng phòng chống Covid cơ_quan nhà_nước thẩm_quyền thẩm_quyền xử_phạt phép phạt nguội dựa video hình_ảnh ... cung_cấp Lưu_ý khoản thời_hiệu xử_phạt vi_phạm hành_chính trường_hợp tối_đa thời_hạn quyết_định xử_phạt quyết_định xử_phạt Căn_cứ_điểm khoản Nghị_định NĐ CP lỗi đeo khẩu_trang công_cộng hành_vi biện_pháp_bảo_vệ tham_gia chống dịch nguy_cơ mắc bệnh_dịch Covid hướng_dẫn cơ_quan y_tế phạt tiền triệu đồng triệu đồng Luật_sư Phạm_Thanh HữuĐoàn luật_sư TP_HCM"
"00051.txt","suc-khoe","7","chuyên_gia nhận_định nCoV lây giọt bắn lơ_lửng không_khí đáp bề_mặt đột_biến virus xâm_nhập tế_bào Bác_sĩ Nguyễn Trung_Cấp Phó_giám_đốc Bệnh_viện Bệnh nhiệt_đới Trung_ương nCoV lây_truyền không_khí bao_gồm aerosol giọt hạt_nhân giọt bắn khô đi thành giọt hạt_nhân bay không_khí bác_sĩ Trương_Hữu Khanh Trưởng khoa Nhiễm Thần_kinh Bệnh_viện Nhi_đồng TP HCM đường lây_truyền Covid chủ_yếu ghi_nhận hô_hấp nCoV biến_chủng tồn_tại không_khí khu_vực phòng_ngừa nhiễm virus Y_tế ban_hành hướng_dẫn đeo khẩu_trang phòng_chống Covid công_cộng sống an_toàn dịch_bệnh trạng_thái_bình_thường phát_hiện dịch cộng_đồng đeo khẩu_trang dựa nguyên_tắc cơ_bản công_cộng nguy_cơ tiếp_xúc bệnh không_gian kín đông giao_tiếp biểu_hiện nhiễm_bệnh đi dịch trở_về cách_ly nguy_cơ lây_nhiễm_bệnh hướng_dẫn áp_dụng địa_điểm dịch sinh_hoạt vệ_sinh đeo khẩu_trang Rửa xà_phòng dung_dịch rửa sát_khuẩn chứa cồn đeo khẩu_trang Xác_định khẩu_trang Xác_định mặt đường may mặt đậm Đeo điều_chỉnh khẩu_trang che_kín mũi miệng khe hở mặt khẩu_trang Lưu_ý chạm mặt khẩu_trang suốt chạm rửa xà_phòng dung_dịch rửa sát_khuẩn chứa cồn Thải_bỏ khẩu_trang tháo khẩu_trang cầm dây đeo tai chạm mặt khẩu_trang khẩu_trang túi kín thùng rác nắp đậy kín khẩu_trang Rửa xà_phòng dung_dịch rửa sát_khuẩn chứa cồn Lưu_ý Thay thải khẩu_trang bẩn Tuyệt_đối khẩu_trang khẩu_trang vải kháng giọt bắn kháng khuẩn giặt phơi khô sấy Đọc kỹ hướng_dẫn khuyến_cáo sản_xuất tái Lê_Cầm"
"00039.txt","doi-song","0","dấu_hiệu nghỉ_việc thấpTheo khảo_sát PayScale 38.000 hàng_đầu nghỉ_việc khoản thu_nhập Chênh_lệch lương phụ_nữ Thu_nhập đóng_góp làm_việc lao_động Keni_Dominguez chiến_lược gia làm_việc lương lương hợp_lý Dominguez đề_xuất tìm_kiếm Cicely_Horsham Brathwaite tâm_lý_học huấn_luyện_viên điều_hành lương thỏa_đáng ảnh_hưởng sự_nghiệp công_việc mơ_hồ kỹ_năng thân dựa quản_lý công_ty ghi_nhận Công_ty văn_hóa vắt kiệt_sức công_ty bắt làm_việc nghỉ_phép nghỉ ốm công_ty văn_hóa làm_việc kiệt_sức đi Lisa_Orbé Austin tâm_lý_học huấn_luyện_viên điều_hành công_ty phục_vụ đáp_ứng nhu_cầu Vị tổ_chức văn_hóa vắt kiệt_sức nhân_viên tìm_kiếm động_lực tương_lai mãi tồn_tại giải_tỏa việcKiệt sức căng_thẳng mãn_tính làm_việc chán_nản hoài_nghi Kết_quả giải_tỏa tồn_tại tuần chất kích_thích tuần Hai đi uống rượu điện_tử giải_tỏa làm_việc kết_thúc hành_vi nỗ_lực xoa_dịu nỗi đau Orbé Austin xác_định hành_vi công_việc theo_dõi triệu_chứng bao_gồm kích_hoạt tần_suất thực_hiện_hành_vi Thể_chất căng thẳngMất ngủ ban_đêm đau đau dạ_dày đau_đầu triệu_chứng căng_thẳng công_việc dấu_hiệu công_việc độc_hại tự_chủ an_toàn kinh_tế làm_việc hại từ_bỏ thay_vì cố_gắng đối_phó giai_đoạn căng_thẳng cao_độ quyết_định hợp_lý Horsham Brathwaite khuyên nói_chuyện chuyên_gia sức_khỏe tâm_thần cân_nhắc lựa_chọn bao_gồm nghỉ_phép sức_khỏe tổn_hại Khóc đi làmHuấn luyện viên nâng năng_lực nghề_nghiệp Melanie Denny khóc đi dấu_hiệu chú_ý sợ_hãi văn_phòng nghỉ Mặc_dù chẳng tỉnh_táo sức_khỏe rời Denny mìnhGiả vờ tổn_thất nặng_nề tâm_lý liên_tục hành_động sếp chấp_thuận hài_lòng đồng_nghiệp công_bằng không_thể_tỏa công_ty phép nhân_viên thể_hiện tìm_kiếm công_ty Horsham Brathwaite Chuyên_gia than_vãn ấm_áp thoải_mái lôi_kéo tình_cảnh Horsham Bathwaite khuyên nhảy buồn chánNếu công_việc hoàn_thành thành_tựu nhàm_chán sẵn_sàng rời Orbé Austin Lynn_Taylor chuyên_gia nghiên_cứu nghề_nghiệp Mỹ biểu_hiện phổ_biến mua_sắm Internet game liên_tục đồng_hồ nhảy cuốn_hút niềm đam_mê công_việc dấu_hiệu sẵn_sàng chuyển_đổi nghề_nghiệp Đam_mê thôi_thúc nghiên_cứu đọc tham_gia Ramona_Ortega sáng_lập My_Money_My_Future nền_tảng tài_chính đọc nói_chuyện mơ_mộng hướng đi sự_nghiệp tín_hiệu sẵn_sàng My_Money_My_Future mè_nheo bất_an thoải_mái ... dấu_hiệu đi hướng trùm truyền_thông Oprah_Winfrey sinh_viên trường Kinh_doanh đại_học Stanford thử_thách đứng yên Động_thái đi đúng_đắn Ortega yêu công_việc làm_việc thích_thú đồng_nghiệp văn_phòng ... thoải_mái công_việc thú_vị thoải_mái công_việc có_lẽ nghỉ_việc Nhật_Minh HuffPost"
"00058.txt","phap-luat","6","Luật_sư tư vấnTrước khoản Nghị_định NĐ CP lao_động lắp_đặt phòng vắt trữ sữa mẹ làm_việc nhu_cầu lao_động nữ khả_năng lao_động Quy_định bắt_buộc lao_động lắp_đặt phòng vắt trữ sữa khuyến_khích khoản Nghị_định NĐ CP quy_định Khuyến_khích lao_động lắp_đặt phòng vắt trữ sữa mẹ làm_việc nhu_cầu lao_động nữ khả_năng lao_động Trường_hợp lao_động 1.000 lao_động nữ trở lắp_đặt phòng vắt trữ sữa mẹ làm_việc trường_hợp lao_động 1.000 lao_động nữ bắt_buộc lắp_đặt phòng vắt trữ sữa khuyến_khích khoản Nghị_định khuyến_khích lao_động lao_động nữ nuôi trở vắt trữ sữa mẹ làm_việc nghỉ vắt trữ sữa mẹ lao_động thỏa_thuận lao_động Luật_sư Phạm_Thanh HữuĐoàn luật_sư TP_HCM"
"00089.txt","giao-duc","3","dự_đoán chính_xác mua chuỗi siêu_thị Whole Foods_Market Amazon sự_kiện WeWork phá_sản Scott_Galloway giáo_sư dạy chiến_lược thương_hiệu Trường Kinh_doanh Stern ĐH New_York NYU dự_báo đại_dịch Covid đẩy cơ_sở giáo_dục đại_học Mỹ cơ_sở ưu_tú"
"00001.txt","doi-song","0","Nhân vợ km Thái_Bình văn_phòng luật Hà_Đông Hà_Nội luật_sư con_trai kỹ_sư xây_dựng Hà_Nội lập gia_đình ông_bà liên_tục thuyết_phục vợ chờ mãi động_tĩnh Đầu năm_ngoái phát_hiện ung_thư nóng_lòng yên bề gia thất Trăn_trở vợ sinh Nhân quyết_định biện_pháp lập di_chúc tài_sản quyền sở_hữu quyền đất diện_tích m2 lập gia_đình sinh đứa cháu trai Luật_sư Đinh_Thị_Nguyên Đoàn luật_sư thành_phố Hà_Nội giải_thích di_chúc con_trai lập gia_đình trái nguyên_tắc Luật Hôn_nhân gia_đình di_chúc vô_hiệu tranh_chấp nữ luật_sư sinh cháu trai nối_dõi tông_đường pháp_luật cấm quy_định rõ_ràng xảy tranh_chấp căn_cứ giải_quyết hạn_chế quyền con_người quyền công_dân tuyên vô_hiệu giải_thích Nhân nội_dung di_chúc Trường_hợp lập di_chúc Nhân hiếm Công_ty luật Nguyễn_Hồng_Thái cộng_sự tiếp_nhận trường_hợp Thanh_Trì Hà_Nội tài_sản kèm sinh cháu trai đích_tôn nối_dõi tông_đường thừa_kế cặp vợ_chồng Hà_Đông con_gái lập gia_đình văn_phòng luật lập di_chúc chồng thừa_kế bắt yên bề gia thất đàn_ông Hoài_Đức Hà_Nội gọi điện luật_sư Đinh_Nguyên tư_vấn lập di_chúc con_trai doanh_nhân đàn_ông tài_sản công_ty gia_đình chuyên phân_phối thức_ăn chăn_nuôi kỳ_vọng con_trai nối_nghiệp gia_đình tu_chí làm_ăn Luật_sư giải_thích pháp_luật quy_định rõ_ràng khả_thi di_chúc Oái_oăm lập di_chúc chỉ_định nợ năm_ngoái Công_ty Luật_TNHH Luật_sư TP HCM tiếp_nhận trường_hợp khách_hàng Quân nợ lập di_chúc viết_tay chỉ_định nghĩa_vụ nợ anh_trai hề Quân liệt_kê chủ_nợ kèm điện_thoại liên_hệ chủ_nợ tổng_số tiền tỷ đồng đề_nghị lập di_chúc anh_trai nợ sốc luật_sư Lê_Thị_Hiền Luật_sư tư_vấn lập di_chúc di_chúc nội_dung hình_thức quy_định pháp_luật chỉ_định nợ đồng_ý trái quy_định pháp_luật công_tác luật_sư Đỗ_Hải_Bình Đoàn luật_sư TP HCM tư_vấn trường_hợp lập di_chúc kèm phổ_biến cha_mẹ đất luật_sư Bình năm_ngoái con_gái hai con_trai út tiền mua chung_cư rộng m2 ba_má lập di_chúc con_trai lo_lắng hòa_thuận nảy_sinh tranh_chấp ghi con_trai mục_đích kinh_doanh vợ_chồng đi chốn anh_em trở gặp_gỡ thắp hương ba_má bày_tỏ Luật_sư Bình_giải_thích lập di_chúc trái quy_định pháp_luật tài_sản thừa_kế quyền chuyển_nhượng mảnh đất ghi di_chúc di_sản thờ_cúng Pháp_luật quy_định di_sản thờ_cúng thừa_kế hoạt_động chuyển_nhượng tặng tư_vấn phương_án dân nhận_thức pháp_luật lĩnh_vực thừa_kế chủ_động lập di_chúc tư_vấn luật_sư di_chúc kèm lập di_chúc hiện quy_định cân_nhắc nội_dung trường_hợp tranh_chấp di_chúc tòa_án tuyên vô_hiệu chì lẫn chài luật_sư Nguyên khuyên Phan_Dương"
"00056.txt","khoa-hoc","4","Video WEF"
"00135.txt","kinh-doanh","5","HDBank áp_dụng chương_trình Vững_bền chính_sách tự_động lãi_suất vay 4,5 khách_hàng doanh_nghiệp siêu khách_hàng đề_nghị chứng_minh lập_tức hiệu_lực Đại_diện HDBank chính_sách đồng_hành khách_hàng mục_tiêu kép chống dịch duy_trì phát_triển kinh_tế cạnh HDBank triển_khai giải_pháp gánh chi_phí thuê mặt_bằng hộ kinh_doanh doanh_nghiệp siêu áp_lực nợ đầu giúp khách_hàng vững_tâm kinh_doanh giúp thuê duy_trì ổn_định thu_nhập chương_trình Thuê lo Vững_tâm kinh_doanh Vay ngại Covid khách_hàng doanh_nghiệp siêu thuê mặt_bằng địa_điểm kinh_doanh Giải_pháp HDBank khách_hàng vay ưu_đãi sản_xuất kinh_doanh tiêu_dùng tỷ đồng lãi_suất ưu_đãi ân hạn vốn gốc thuê HDBank triển_khai chương_trình Ưu_đãi vay Trọn hạn_mức tài_trợ tỷ đồng khách_hàng lãi_suất ưu_đãi ân hạn gốc hộ kinh_doanh doanh_nghiệp siêu sở_hữu địa_điểm mặt_bằng kinh_doanh HDBank cung_cấp hạn_mức tài_trợ tỷ đồng khách_hàng thời_hạn hợp_đồng hạn_mức tín_dụng lãi_suất ưu_đãi 8,6 chương_trình Kinh_doanh tại_gia Thả ga ưu_đãi HDBank triển_khai chính_sách tín_dụng hộ kinh_doanh khách_hàng doanh_nghiệp tiếp_cận vốn vay ưu_đãi góp_phần kinh_tế sát_cánh đồng_hành khách_hàng thách_thức HDBank 24.000 tỷ đồng vay ưu_đãi khách_hàng doanh_nghiệp 10.000 tỷ đồng doanh_nghiệp siêu hộ kinh_doanh cá_thể khách_hàng chính_sách ưu_đãi lãi_suất Ngân_hàng triển_khai biện_pháp khoanh giãn nợ thủ_tục phê_duyệt hồ_sơ vay đơn_giản nhanh_chóng thuận_tiện ... chương_trình biện_pháp đồng_hành khách_hàng giai_đoạn nhiễu động dịch_bệnh mạnh_mẽ phương_châm Cam_kết lợi_ích khách_hàng cộng_đồng xã_hội xây_dựng ngân_hàng hiện_đại hạnh_phúc dân HDBank Nha_Trang"
"00048.txt","giai-tri","2","Hồng_Diễm xuất_thân người_mẫu đóng phim ấn_tượng đẹp dạng vai hiền_lành Ngoại_trừ phim đầu_tay Chàng trai đa_cảm đóng cặp Hồng_Đăng phim Ngoại_hình đẹp diễn_xuất ăn_ý cặp diễn_viên khán_giả yêu_mến biệt_danh Song Hồng đóng phim Hướng_dương ngược nắngPhim Hồng_Đăng Hồng_Diễm phát_sóng tập Hồng Diễm vai Châu tiểu_thư tập_đoàn thuốc Cao_Dược yêu Kiên Hồng_Đăng tiếp_cận trả_thù chia_tay níu_kéo Hồng_Diễm diễn tròn vai tiểu_thư lương_thiện nhẫn_nhịn thiệt_thòi Hồng_Đăng diễn_xuất_sắc tâm_trạng mâu_thuẫn Kiên đứng lựa_chọn tình_yêu khao_khát trả_thù mẹ cảnh thân_mật tình_cảm hai nhân_vật thất_thường tuyến số_phận nhân Kiên Châu thu_hút khán_giả tập tình_tiết Châu cưỡng_bức khán_giả phản_đối Hoa_hồng ngực tráiPhim phát_sóng chủ_đề tình_cảm gia_đình Hồng Diễm đóng Khuê phụ_nữ nội_trợ hiền_lành nhu_nhược Khuê hôn_nhân hạnh_phúc chồng Thái Ngọc_Quỳnh gia_trưởng trăng_hoa ly_hôn nỗ_lực gây_dựng sự_nghiệp kiếm tiền nuôi độc_lập mạnh_mẽ thu_hút Bảo Hồng_Đăng ban_đầu ác_cảm Khuê giúp_đỡ cửa_hàng ẩm_thực lo Hành_trình tình_yêu trải hai tổn_thương quá_khứ Khuê chồng hắt_hủi Bảo vợ lừa_dối Diễn_xuất Hồng_Diễm Hoa_hồng ngực trái tiến_bộ vượt_bậc đoạt giải Diễn_viên nữ ấn_tượng VTV Awards thể_hiện đầy_đủ cảm_xúc hỉ nộ đàn_bà chồng ruồng_bỏ vai Bảo Hồng_Đăng khen thể_hiện đàn_ông lạnh_lùng niềm tình_yêu đời ân oán Năn hai diễn_viên góp_mặt dự_án phim đời ân oán Hồng Diễm đóng Dung người_yêu cũ Phong Hồng_Đăng Dung vợ mẹ Phong Hai đứng giằng_xé tình dang_dở khán_giả tiếc_nuối Moskva Mùa thay lá phim bốn tập chiếu dịp Tết tình tình_yêu Việt trẻ học_tập Nga Minh Hồng_Đăng Phương Hồng_Diễm du_học xứ_sở Bạch_Dương tình đầu biến_cố gia_đình Minh tình hai dang_dở thủ_đô Moskva hai ngăn trái_tim rung_động bồi_hồi Phương vợ Đức Đức Minh hai hố sâu ngăn_cách danh phận tình phim Minh_bỏ quá_khứ sống tiếp cuộc_đời Phim cảnh lãng_mạn gợi ký_ức tình_yêu tuổi_trẻ Cầu_vồng tình_yêu Chuyển_thể kịch_bản phim Hàn_Quốc Vinh_quang gia_tộc Cầu_vồng tình_yêu sốt phát_sóng Tác_phẩm đánh_dấu Hồng_Đăng Hồng Diễm kết_hợp màn_ảnh Mộc_Miên Hồng_Diễm sinh gia_đình gia_giáo coi_trọng đạo_lý truyền_thống Minh_Khang Hồng_Đăng xuất_thân gia_đình đi nghề buôn đồng_nát bất_chấp thủ_đoạn làm_giàu Tình_yêu Minh_Khang Mộc_Miên trắc_trở mâu_thuẫn hai gia_tộc đám_cưới viên mãn tập_kết phim phát_sóng diễn_xuất tự_nhiên Hồng_Đăng Hồng_Diễm câu_chuyện tình_yêu sóng_gió thu_hút khán_giả Hà_Thu video VFC"
"00044.txt","thoi-su","9","UBND tỉnh Lâm_Đồng văn_bản báo_cáo Thủ_tướng đề_xuất dự_án cao_tốc Tân_Phú Bảo_Lộc Động_thái Chính_phủ đồng_ý giao Lâm_Đồng tổ_chức đầu_tư xây_dựng tuyến cao_tốc giai_đoạn phương_thức đối_tác công tư PPP góp vốn nhà_nước Cao_tốc Tân_Phú Bảo_Lộc đầu giao quốc_lộ xã Phú_Trung huyện Tân_Phú Đồng_Nai giao đường Nguyễn_Văn_Cừ TP Bảo_Lộc Lâm_Đồng Quy_mô đầu_tư giai_đoạn đường rộng giai_đoạn rộng tổng vốn đầu_tư ngân_sách nhà_nước 9.151 tỷ đồng ngân_sách Trung_ương ngân_sách tỉnh Lâm_Đồng vốn đầu_tư PPP huy_động 10.319 tỷ đồng tính_toán UBND tỉnh Lâm_Đồng dự_án cao_tốc thu phí 2.000 đồng km PCU xe quy_đổi tăng_giá thu phí hoàn vốn Cao_tốc Tân_Phú Bảo_Lộc đoạn tuyến cao_tốc Dầu_Giây Liên_Khương Đà_Lạt tổng chiều km quy_mô làn xe nằm quy_hoạch phát_triển mạng_lưới đường_cao_tốc Việt_Nam định_hướng Giao_thông vận_tải giao cơ_quan tổ_chức lập báo_cáo nghiên_cứu tiền khả_thi dự_án thành_phần quy_mô phân_kỳ Dầu_Giây Tân_Phú Tân_Phú Bảo_Lộc Bảo_Lộc Liên_Khương đề_xuất vốn nhà_nước kế_hoạch đầu_tư công trung_hạn giai_đoạn Tuyến đường hoạt_động gỡ nút thắt đen kẹt xe tai_nạn đèo Bảo_Lộc tải quốc_lộ dự_án toàn tuyến hoàn_thành kết_nối hoàn_chỉnh cao_tốc TP HCM Long_Thành Dầu_Giây rút ngắn đi_lại Tây_Nguyên Đông_Nam_Bộ dự_án Tân_Phú Bảo_Lộc cao_tốc Dầu_Giây Đà_Lạt Đông_Nam_Bộ dự_án cao_tốc kết_nối địa_phương khu_vực cao_tốc TP HCM Long_Thành Dầu Giây_dài km hoàn_thành đề_xuất mở_rộng Long_Thành Bến_Lức km hoàn_thành Dầu_Giây Phan_Thiết_dài km khởi_công năm_ngoái dự_án khởi_công Biên_Hòa Vũng_Tàu km TP HCM Tây_Ninh_dài km TP HCM Bình_Phước_dài km Phước_Tuấn"
"00202.txt","kinh-doanh","5","Làm_việc công_ty chứng_khoán sinh_viên trường đại_học Kinh_tế Tài_chính TP HCM chàng trai Nguyễn Thành Luân chục kinh_nghiệm ngành tài_chính vận_hành doanh_nghiệp trải trưởng_phòng giám_đốc kinh_doanh giám_đốc khu_vực Nam giám_đốc điều_hành ... mô_hình công_ty công_ty nước_ngoài Việt_Nam Luân xây_dựng hệ_thống chính_sách vận_hành tuyển_dụng nhân_sự doanh_nghiệp lui dừng làm_công lương Luân tìm_kiếm dự_án kinh_doanh Luân kinh_doanh online tình_cờ phóng_sự mô_hình bếp GrabKitchen Grab GrabKitchen tập_hợp đối_tác cửa_hàng quán địa_điểm đối_tác tiết_kiệm chi_phí mặt_bằng tiếp_cận khách_hàng tiềm_năng nền_tảng Grab khu_vực lân_cận Luân tham_gia mô_hình đành lỡ công_việc xây_dựng hệ_thống thương_hiệu thời_trang Covid ngành thời_trang_bị ảnh_hưởng nặng_nề dịch diễn_biến phức_tạp Luân quyết_định nộp đơn nghỉ giám_đốc điều_hành kiêm giám_đốc kinh_doanh Dịch_Covid thúc_đẩy xu_hướng tiêu_dùng mua_sắm mua_sắm trực_tuyến bối_cảnh Luân tiềm_năng kinh_doanh online lĩnh_vực giao đồ Xu_hướng động_lực thúc_đẩy dự_định kinh_doanh ấp_ủ Nghiên_cứu mặt_hàng trà sữa bão hòa ngách trà sữa trái_cây trái_cây tô Trái_cây tô thông_dụng vị thay_vì trân_châu thạch trà sữa uống trái_cây Luân trăn_trở thử_nghiệm vị trà sữa trái_cây hai nguyên_liệu lấn_át thu_hút Luân chục sản_phẩm trà sữa trái_cây kinh_nghiệm thị_trường trái_cây nắm bí_quyết xay sinh_tố ngon phân lớp Luân tự_tin ngành kinh_doanh cửa_hàng Đency trà sữa trái_cây Luân GrabFood Dịch_vụ GrabFood giúp nhanh_chóng tiếp_cận khách_hàng sẵn Grab GrabExpress đơn khách_hàng kênh đăng_ký ứng_dụng giao hàng online thừa_nhận Grab hai đơn hàng yếu_tố công_nghệ Grab phần_mềm hệ_thống trả_lời tự_động phản_hồi Luân mong_muốn sản_phẩm đầu Luân tham_gia Hội Chủ Shop VIP GrabExpress chương_trình Grab chủ shop online nhỏ_lẻ giai_đoạn bình_thường Luân tham_gia chương_trình thương_hiệu mức_độ hiển_thị nền_tảng online thông_qua banner quảng_cáo miễn_phí fanpage banner ứng_dụng Grab khách_hàng Đency Chương_trình tặng chủ shop mã ưu_đãi độc_quyền vì_vậy_mà Luân liên_tục phản_hồi trà sữa ngon giao hàng phí ship rẻ Thông_qua hợp_tác nền_tảng giao hàng giao_nhận đồ Grab chẳng_hạn nghiên_cứu phát_triển sản_phẩm đi_sâu yếu_tố_chất_lượng cảm_nhận khách_hàng Luân hài_lòng chương_trình khuyến_mại sâu Grab tư_vấn đối_tác điều_chỉnh hợp_lý Tham_vọng mở_rộng thành chuỗi kinh_doanh online Luân thắt chặt quan_hệ hợp_tác đối_tác Grab nghiên_cứu sản_xuất hàng nâng tầm sản_phẩm đối_tác Grab giúp hàng Luân Hoàng AnhHội Chủ Shop VIP GrabExpress cam_kết Grab chuyển_đổi doanh_nghiệp Triển_khai Hội thu_hút 24.000 thành_viên chủ cửa_hàng kinh_doanh trực_tuyến đa_dạng ngành_hàng thức_ăn thời_trang in_ấn giày_dép ... dữ_liệu nội_bộ số_lượng đơn hàng GrabExpress chủ shop tham_gia hoạt_động Hội Chủ Shop VIP GrabExpress ưu_đãi mức_độ hiển_thị online chi_phí giao hàng tham_gia Hội chủ shop dự workshop GrabExpress tổ_chức trang_bị kiến_thức hàng bí_quyết đơn hàng quảng_cáo hiệu_quả ... chuyên_gia Grab Việt_Nam đối_tác"
"00080.txt","the-thao","8","Woods lái_xe làn hướng Bắc đại_lộ Hawthorne 7h12 địa_phương đoạn Blackhorse Los_Angeles xe lao dải_phân_cách tông hai biển_báo giao_thông làn hướng Nam lề lăn vòng dừng lật ghế lái va_chạm ban_đầu trăm mét Cảnh_sát trưởng Los Angeles Alex_Villanueva xe Woods dấu phanh bình_thường khu_vực hạn_chế tốc_độ km đoạn đường dốc xảy tai_nạn vụ chết may_mắn thoát chết Carlos_Gonzalez phó Villanueva Gonzalez hiện_trường Woods ghế lái thắt dây an_toàn túi khí bung đầu xe nát Golfer cựu thế_giới khả_năng nhận_thức quan_sát xe Gonzalez_đoán khung sườn nội_thất cứng_cáp giúp Woods thoát chết Đội cứu_hộ đập vỡ kính chắn gió Woods lập_tức bệnh_viện đa chấn_thương vết rách hai chân Mark_Steinberg phát_ngôn Woods thân_chủ phẫu_thuật nguy_hiểm tính_mạng Woods hồi_tỉnh ca mổ thủ_thuật cẳng_chân mắt_cá bàn_chân SUV hạng Woods lái thương_hiệu gốc Hàn_Quốc tài_trợ danh xưng Genesis_Invitational sự_kiện PGA Tour sân Riviera Nam_California Woods chủ_trì giải trao thưởng hôm nạn đường sân Rolling Hills ghi_hình hai liên_tiếp nội_dung hướng_dẫn kĩ_thuật golf Golf Digest tổ_chức tham_gia ngôi_sao thể_thao giải_trí Mỹ Dwayne_Wade Justin_Timberlake Jessica_Alba Xe_Woods nạn dòng GV80 Golfer Max Homa thưởng tương_tự vô_địch Genesis_Invitational Xe trang_bị túi khí hệ_thống cảnh_báo va_chạm công_nghệ chủ_động đánh lái camera phát_hiện tài_xế ngủ_gật Giá khởi_điểm Mỹ 50.000 USD. Trao_đổi truyền_thông lề bế_mạc Genesis_Invitational Woods xác_định tái_đấu phẫu_thuật đốt_sống_lưng hồi Cầu_Chúa hy_vọng Woods đáp khả_năng dự Masters Tư Xong trách_nhiệm sự_kiện PGA Tour Woods Terranea Resort hai liên_tiếp ghi_hình Golf_Digest đầu vung gậy thị_phạm cú gạt Quốc_Huy tổng_hợp"
"00058.txt","doi-song","0","Giải_thích thiết_kế kiến_trúc_sư ưu_tiên yếu_tố thoáng mát thông gió tự_nhiên chắn nắng công_trình khí_hậu nhiệt_đới gió_mùa miền Bắc hướng Tây_Bắc nắng gắt ánh_sáng gió trời kiến_trúc_sư bố_trí cửa_sổ mặt_tiền Tây Đông Đông_Nam Nam cạnh mái thiết_kế lớp lưới đá trống trần bê_tông giúp giải_phóng nhiệt chiều tổng_cộng sáu mảnh sân vườn mảnh tầng mảnh mái phòng xe Sân đóng vai_trò thông tầng giúp không_khí lưu_thông dễ_dàng không_gian sinh_hoạt lộc vừng tác_dụng tỏa bóng_mát phòng cầu_thang nắng_nóng sáu mảnh vườn gia chủ dễ_dàng cảm_nhận thiên_nhiên góc Màu xanh cây_cối sức_sống công_trình tông xám tầm xuyên suốt không_gian phòng phòng sân sân thiết_kế mảng kính khối hình đơn_giản hạn_chế màu_sắc đem cảm_giác tự_nhiên thư_thái con_người bản_vẽ công_trình Bấm hình_ảnh công_trình Minh_Trang Ảnh Triệu_Chiến Thiết_kế Nguyen_Thanh_Trung_Architects"
"00153.txt","the-thao","8","Bàn_thắng Văn_Thanh pen Quang_Hải Việt_Anh Thanh_Minh 84Tuyển Việt_Nam đội_hình hiệp Quang_Hải ghi dấu_ấn pha tung vô lê đẹp_mắt ghi_bàn hai đội bóng áo đỏ Sức_công tuyển Việt_Nam đi hiệp hai HLV Park lần_lượt thay Sai_lầm hàng thủ phút trận đàn_em U22_gỡ hòa Tuyển Việt_Nam U22 nước_ngoài tập_huấn mời đối_thủ giao_hữu Covid rà_soát lực_lượng kiểm_nghiệm đội_hình HLV Park_Hang seo hai đội giao_hữu hai trận Trận đầu diễn Cẩm_Phả Quảng_Ninh thắng_lợi nghiêng tuyển Việt_Nam trận tái_đấu Việt_Trì HLV Park đội_hình xuất_phát tuyển Việt_Nam Tam_tấu hàng công Công_Phượng Văn_Đức Quang_Hải Hùng_Dũng đá cặp tiền_vệ trung_tâm Tuấn đội_hình tuyển Việt_Nam áp_đảo hiệp Quang_Hải chọc khe Công Phượng ghi_bàn ngon_ăn_ở phút tiền_đạo HAGL lỡ đối_mặt U22 Việt_Nam tỷ_số cú sút duy_nhất phút tình_huống cố_định bóng lập_bập Tuấn_Anh nỗ_lực phá bóng lưới Bùi Hoàng Việt_Anh đệm cận_thành ghi_bàn phút bàn thua tuyển Việt_Nam kiếm phạt Văn Đức bóng cấm_địa chuyền sệt Quang_Hải lao dứt_điểm Trọng_tài Công phạm lỗi Quang_Hải thổi phạt_đền U22 Việt_Nam Văn_Thanh sút phạt_đền góc trái ngược hướng di_chuyển thủ_môn Xuân_Hoàng Đàn_anh lấn_sân ghi_bàn nâng tỷ_số Văn Đức thoát trái cấm_địa từ_đường chuyền Hùng_Dũng Văn_Đức ngoặt bấm bóng cấm_địa Quang_Hải lao Quang_Hải bay vô lê chân trái bóng góc trái thủ_môn Xuân_Hoàng đứng chôn_chân Tuyển Việt_Nam ngược hiệp hai trận_đấu cắt vụn hai lần_lượt thay dồn_dập phút trận hai ổn_định nhân_sự Phút Hoàng_Đức xoay khéo_léo sút vọt xà phút Xuân_Mạnh Tấn_Tài phối_hợp bóng cấm_địa tuyển Việt_Nam Nguyễn Trần_Việt_Cường cướp bóng sút Bóng lập_bập Hồ Thanh_Minh ập đá bồi kịp_thời gỡ hòa Sóng_gió liên_tiếp khung_thành tuyển Việt_Nam phút nhấn nhạc_trưởng Nguyễn_Hữu_Thắng Phút ngoặt bóng Văn_Triền cấm_địa sút chìm chéo góc buộc Văn Hoàng đổ cỡ đẩy bóng tình_huống Hữu_Thắng tạt chân thuận Văn Hiếu đánh_đầu góc Văn Hoàng đổ ôm bóng tuyển Việt_Nam Đức_Chinh cầu_thủ sinh Phú_Thọ đánh_đầu cận_thành tạt Xuân_Trường Bóng đi hiểm góc thủ_môn Liêm bay bắt gọn trận cầu_thủ hai đội trở CLB mùa giải HLV Park_Hang seo trở Hàn_Quốc thăm gia_đình Tuyển Việt_Nam hội quân trở_lại đá tiếp vòng_loại hai World_Cup khu_vực châu Danh_sách thi đấuTuyển Việt_Nam Tuấn_Mạnh Văn Hoàng Đức_Chiến Tấn_Tài Thành Xuân_Mạnh Tiến_Dũng Đức Chinh Văn_Thanh Văn_Kiên Hùng_Dũng Hoàng_Đức Tuấn_Anh Xuân_Trường Hồng_Duy Trọng Hoàng Quang_Hải Văn_Triền Công_Phượng Tiến_Linh Văn_Đức Văn_Toàn U22 Việt_Nam Xuân_Hoàng Liêm Việt_Anh Duy_Kiên Thanh_Bình Bá Mạnh_Dũng Văn Hiếu Xuân_Tân Văn_Minh Quang_Nho Hữu_Thắng Công Đức Hoàng Văn_Việt Sỹ Hoàng Nguyên_Hoàng Văn Xuân_Quyết Việt_Cường Minh_Bình Thanh_Minh Quang_Dũng Xuân_Bình"
"00069.txt","khoa-hoc","4","mục_đích giảm_thiểu rác_thải nhựa nghiên_cứu Đại_học Rice_University Mỹ phương_pháp biến rác_thải nhựa thành vật_liệu graphene chất_lượng nghiên_cứu áp_dụng kỹ_thuật gia nhiệt Joule bao_gồm dòng_điện chạy vật_liệu nhựa thích_hợp nhiệt_độ biến_đổi_hóa học thành vật_liệu vật_liệu graphene rác_thải nhựa cắt thành mảnh Thông_thường nhựa điện_trở nghĩa_là dẫn_điện cắt thành mảnh micromet khả_năng dẫn_điện nhựa nghiên_cứu dòng_điện_cực nhựa nóng biến_đổi chất_dẻo mặt_hóa học Vật_liệu graphene chất_lượng kết_hợp dòng_điện xoay chiều một_chiều dòng_điện xoay chiều chất_dẻo giây Dòng_điện xoay chiều phép nhựa nhiệt_độ ban_đầu thành graphene mát xung_điện dòng_điện xoay chiều graphene độ tinh_khiết dòng_điện chiều áp_dụng mili giây Dòng_điện chiều nhiệt_độ dòng_điện xoay chiều Vật_liệu dần biến_đổi tính_chất graphene Graphene bền thép dạng đơn lớp graphite khoáng_chất nguồn_gốc carbon tự_nhiên Thông_thường graphite khai_thác cơ_học tách thành graphene chi_phí ảnh_hưởng môi_trường graphene chất_thải nhựa chi_phí sản_xuất dễ_dàng ứng_dụng rộng_rãi nghiên_cứu xây_dựng kết_hợp bê_tông cao_su nhựa_đường cải_thiện độ bền hiệu_suất graphene nhựa ô_nhiễm thay_vì graphene khai_thác than_chì nghiên_cứu khả_năng phân_hủy sinh_học graphene nghiên_cứu Graphene phân_hủy vòng nhựa thông_thường"
"00030.txt","giao-duc","3","Test_English"
"00038.txt","kinh-doanh","5","Cổ_phiếu MWG khối ngoại gom mua tốc_độ mua bối_cảnh MWG định_giá gặp_mặt cập_nhật kết_quả kinh_doanh đầu tư_chất_vấn ban lãnh_đạo Công_ty cổ_phần Đầu_tư Thế_Giới_Di_Động MWG khả_năng doanh_nghiệp thâu_tóm Nguyễn Đức_Tài Chủ_tịch HĐQT lo_ngại mặt cổ_phần nắm cổ_phần chi_phối MWG cổ_đông thành_viên sáng_lập cán_bộ nhân_viên nắm đầu_tư thị_trường đầu_tư tổ_chức quỹ đầu_tư nắm kém mục_đích thâu_tóm đứng đầu MWG thâu_tóm quản cắn lưỡi linh_hồn doanh_nghiệp năng_lực quản_lý ban lãnh_đạo năng_lực điều_hành xác nghìn cửa_hàng quản_lý đi dĩ_vãng thị_trường doanh_nghiệp quy_mô MWG biến năng_lực quản_trị Tài Đi_sâu quản_trị đầu_tư câu MWG giải_quyết nhân_viên tham_nhũng móc_nối hàng Bách_Hóa_Xanh Tài chuỗi muôn thủa kinh_doanh Điện_Máy_Xanh Thế_giới Di_động giải_quyết giải bài_toán nhân_viên tham_nhũng chiến_đấu hết_mình doanh_nghiệp lãnh_đạo trả_lời câu nhân_viên đi Tài câu trả_lời tiền thu_nhập niềm vui hai công_ty đáp_ứng Con_người_ta hãnh_diện sung_túc lo nhân_viên dấm_dúi kiếm_chác Tài giải_thích định_giá cổ_phiếu MWG sàn chứng_khoán Tài con_số câu khả_năng chào_bán cổ_phần đầu IPO mảng kinh_doanh MWG lãnh_đạo công_ty ý_định Minh_Sơn"
"00053.txt","suc-khoe","7","Nhà_máy xí_nghiệp khu_vực đông công_nhân lao_động môi_trường làm_việc kín lây_nhiễm nCoV Trung_tâm Kiểm_soát Bệnh_tật TP HCM HCDC phòng_chống dịch đảm_bảo_vệ_sinh giãn xã_hội xí_nghiệp giãn khâu tổ_chức sản_xuất ăn_uống rước Vệ_sinh giãn xã_hội xí_nghiệp Rửa thường_xuyên đeo khẩu_trang mét hạn_chế tiếp_xúc làm_việc ăn_uống di_chuyển phương_tiện rước Tổ_chức sản_xuất Bố_trí giãn tiếp_xúc làm_việc rước công_nhân công_ty rước công_nhân tuân_thủ công_nhân xếp_hàng xe đông bãi xe khu_vực ăn_uống bố_trí chia uống đông uống Y_tế khuyến_cáo dân Thông_điệp 5K đeo khẩu_trang khuẩn khai_báo y_tế Y_tế ghi_nhận ca nhiễm cộng_đồng tỉnh_thành Hải_Dương Quảng_Ninh Hà_Nội Gia_Lai Bình_Dương Điện_Biên Bắc_Ninh Hòa_Bình TP HCM Hải_Phòng Bắc_Giang Hà_Giang ca Nhà_máy công_ty Poyun khu Công_nghiệp Cộng_Hòa thành_phố Chí_Linh Hải_Dương dịch Lê_Cầm"
"00006.txt","thoi-su","9","Từ_chối bồi_thường bảo_hiểm tài_xế nồng_độ cồnTừ Chính_phủ quy_định Nghị_định bảo_hiểm quyền từ_chối bồi_thường thiệt_hại tài_xế lái_xe hơi thở nồng_độ cồn ma_túy Tài_xế thu_hồi Giấy_phép lái_xe coi Giấy_phép lái_xe doanh_nghiệp bảo_hiểm thanh_toán Thời_hạn ghi bảo_hiểm Nghị_định quy_định xe môtô hai bánh bánh xe gắn_máy xe_máy_điện xe kết_cấu tương_tự Luật Giao_thông đường_bộ thời_hạn bảo_hiểm tối_thiểu tối_đa quy_định cũ ... phạt hành_vi mượn văn_bằng chứng chỉTừ hành_vi văn_bằng chứng_chỉ văn_bằng chứng_chỉ văn_bằng chứng_chỉ tẩy xóa sửa_chữa sai_lệch nội_dung phạt triệu đồng thay_vì phạt tối_đa triệu đồng quy_định Chính_phủ sửa_đổi Nghị_định quy_định xử_phạt hành_chính lĩnh_vực giáo_dục Hành_vi tẩy xóa sửa_chữa sai_lệch nội_dung quyết_định thành_lập quyết_định phép thành_lập quyết_định sáp_nhập chia tách giải_thể chuyển_đổi loại_hình cơ_sở giáo_dục phạt tối_đa triệu đồng ... Tiêu_chí chuẩn hộ nghèoTừ địa_phương bình_xét chuẩn hộ nghèo Nghị_định tiêu_chí nghèo đa_chiều khắt_khe chỉ_số Ví_dụ thu_nhập bình_quân đầu khu_vực nông_thôn 1.500.000 đồng thành_thị 2.000.000 đồng Quy_định tiêu_chí thu_nhập hộ nghèo gấp đôi trường_hợp bình_xét buộc tiêu_chí thiếu_hụt chỉ_số đo_lường mức_độ thiếu_hụt dịch_vụ xã_hội cơ_bản trở ví_dụ gia_đình đi học việc_làm bảo_hiểm y_tế ... quy_định giáo_viên chứng_chỉ tin_học ngoại_ngữ giáo_viên mầm_non tiểu_học trung_học cơ_sở phổ_thông công_lập bắt_buộc chứng_chỉ ngoại_ngữ tin_học quy_định Giáo_dục Đào_tạo ban_hành thông_tư quy_định tiêu_chuẩn chức_danh nghề_nghiệp bổ_nhiệm xếp lương viên_chức giảng_dạy cơ_sở giáo_dục mầm_non trường phổ_thông công_lập ngoại_ngữ quy_định cứng bậc bậc bậc thành khả_năng ngoại_ngữ tiếng dân_tộc_thiểu_số nhiệm_vụ giao trình_độ tin_học thành khả_năng ứng_dụng công_nghệ thông_tin nhiệm_vụ thông_tư Giáo_dục Đào_tạo quy_định trình_độ ngoại_ngữ hai giáo_viên dạy ngoại_ngữ"
"00122.txt","giai-tri","2","nữ diễn_viên chương_trình talkshow khuôn_mặt ... nghiện tiêm filler lạm_dụng làm_đẹp nhân_tạo Jocelyn_Wildenstein Barrymore thương_xót phụ_nữ cố_gắng hành_hạ trông bận_tâm mặt nếp nhăn tóc bạc dần tự_nhiên già đi tất_yếu con_người rõ_rệt tổn_thương học chấp_nhận trân_trọng Barrymore Drew_Barrymore sinh nổi_tiếng phim Charlie Angels First_Dates ... trải đời chồng doanh_nhân Jeremy_Thomas ly_dị danh_hài Tom_Green sưu_tầm tranh Will_Kopelman Diễn_viên hai con_gái chồng hẹn_hò nhân_vật nổi_tiếng Hollywood Leland_Hayward Eric_Erlandson Fabrizio_Moretti ... Phương_Mai Pagesix"
"00065.txt","khoa-hoc","4","nghiên_cứu Đại_học California San_Diego phát_triển mẫu robot mềm chạy khí nén di_chuyển thiết_bị điện_tử New_Atlas hôm bộ_phận bơm phồng khí nén đóng vai_trò nghiên_cứu robot mềm robot chạy báo săn khả_năng cầm nắm đồ_vật tinh_tế robot mạch điện_tử điện hoạt_động sản_phẩm trở_nên đắt phức_tạp Robot Đại_học California San_Diego vận_hành mạch khí nén hệ_thống ống hình_trụ thành chân kết_hợp van dao_động phép khí nén đi chân robot cong mặt_đất Kiểu robot cảm_hứng rùa cổ Pleurodira nghiên_cứu lắp cảm_biến dạng bong_bóng tí_hon đầu trục vươn thân robot robot vật cản bong_bóng ép tác_động van robot đi lùi Nghiên_cứu cơ_bản chế_tạo robot đi tự_động mạch điện_tử Dylan_Drotman tác_giả nghiên_cứu Nghiên_cứu đăng tạp_chí Science_Robotics Công_nghệ đồ_chơi trẻ_em thiết_bị điện_tử hoạt_động ví_dụ giếng_mỏ máy cộng_hưởng chuyên_gia hy_vọng phát_triển phiên_bản robot khả_năng di_chuyển địa_hình gồ_ghề chướng_ngại_vật phức_tạp dự_định nghiên_cứu mạch khí nén chức_năng đơn_giản đi mạch điện_tử truyền_thống nhiệm_vụ phức_tạp robot lai Thu_Thảo New_Atlas"
"00060.txt","suc-khoe","7","Chế_độ Bắc Âu chú_trọng đồ tươi chế_biến rau trái_cây ngũ_cốc nguyên hạt thực_phẩm hữu_cơ địa_phương sản_phẩm động_vật hải_sản tự_nhiên ưa_chuộng thịt chuyên_gia dinh_dưỡng Maria_Marlowe phương_pháp ăn_uống cá_hồi sông cá nuôi dâu dại ngon nông_trại Thực_phẩm tự_nhiên chất dinh_dưỡng ngon tươi thu_hoạch dinh_dưỡng hương_vị độ hoàn_hảo Marlowe mọng dại chủ_yếu chế_độ Bắc_Âu đậm vị giàu dinh_dưỡng mọng cửa_hàng tạp_hóa phân_tích Nông_nghiệp Mỹ việt_quất dại chất chống oxy_hóa gấp đôi trồng trang_trại thực_phẩm bao_gồm yến_mạch rau củ đậu sữa_chua skyr dầu hạt cải cá_thu cá_hồi Lợi_ích chế_độ Bắc_Âu bao_gồm huyết_áp cải_thiện sức_khỏe tim_mạch cân lâu_dài rộng phong_cách sống theo_đuổi nhất_thời kiểu Bắc_Âu hẳn hiện_tượng dân Đan_Mạch Iceland Na_Uy Phần_Lan Thụy_Điển áp_dụng thế_kỷ mãi khái_niệm công_bố chính_thức_hóa Noma Copenhagen giành danh_hiệu Nhà_hàng hàng_đầu thế_giới giúp ẩm_thực Bắc_Âu danh_tiếng dần mở_rộng tầm ảnh_hưởng Mads_Refslund đầu_bếp nổi_tiếng đồng sáng_lập Noma dự_định tổ_chức lớp_học nấu_ăn trao_đổi tham_gia học chế_độ Bắc Âu đời_sống Refslund lối ăn_uống bền_vững Khẩu_phần chủ_yếu thực_vật áp_lực môi_trường tài_nguyên trồng nguyên_liệu hạn_chế đồ sẵn thịt bò chủ_yếu tiêu_thụ cá_thu cá_hồi động_vật vỏ thị lơn nạc gia_cầm Refslund hưởng lợi tiêu_dùng ưa_chuộng nguyên_liệu tươi tự_nhiên địa_phương nhận_thức tác_động tích_cực môi_trường bất_tiện chế_độ Bắc_Âu Thực_phẩm tự_nhiên kiếm thành_phố siêu_thị Marlowe khuyến_khích áp_dụng linh_động nguyên_tắc phương_pháp ví_dụ rau mọng hữu_cơ hạn_chế tối_thiểu carbohydrate tinh_chế đồ chế_biến sẵn thịt cá chất_lượng ăn_theo đầu_bếp Refslund Tủ_lạnh bánh_mì đen ngũ_cốc nguyên hạt hạt chia yến_mạch trái_cây tươi rau xanh rau củ trứng hạch cá sữa_chua pho_mát Refslund Mai_Dung Vogue"
"00050.txt","the-thao","8","vòng Djokovic đi tiếp set Melbourne_Park đối_thủ thế_giới dựa sức_mạnh Nole hóa giải chín chung_kết tám trận chung_kết tay_vợt thế_giới toàn_thắng chấn_thương bụng vòng ảnh_hưởng Djokovic nhập_cuộc thuận_lợi trận bán_kết thắng set đầu Karatsev đánh đuối set hai nắm lợi_thế Djokovic duy_trì nhịp_điệu thua liền game set_đấu tuột tầm tay_vợt thế_giới game giao quyết_định thắng đầu_vào bán_kết Grand_Slam Karatsev thắng hai game đỡ bóng Djokovic hai game thắng giúp gỡ hòa set Djokovic thể_trạng chấn_thương đánh tự_tin thắng liền bốn game kết_thúc trận_đấu Trận Nole tận_dụng thành_công sáu bảy break point winner cú ace mắc lỗi đánh_hỏng trận chung_kết Grand Slam sự_nghiệp tay_vợt thế_giới Stefanos Tsitsipas Daniil_Medvedev cảm_giác đầu giải Djokovic trận xoay đánh_bóng đau_đớn trận đầu giải hai nghỉ tập Hồi_phục ưu_tiên hàng_đầu năng_lượng cần_thiết trận đấu Karatsev top chiến_tích bán_kết Grand_Slam đầu tham_dự khả_năng tấn_công mạnh_mẽ giúp tay_vợt hạng thế_giới loạt loạt hạt_giống tên_tuổi Diego_Schwartzman Felix_Auger Aliassime Grigor_Dimitrov đối_đầu Djokovic tay_vợt Nga thừa_nhận Nole tay_vợt phòng_ngự bậc lịch_sử Nhân_Đạt"
"00078.txt","giai-tri","2","Phạm_Lịch bật khóc xúc_động giai_điệu ca Chồng cưới vũ_công Toàn_Trung có_mặt trường_quay ủng_hộ Ca_khúc tâm_trạng con_gái trái_tim đau tình tan_vỡ Ca_khúc Long_Ca sáng_tác nhạc Thiên_Bảo Êkíp MV TP HCM. quyết_định MV trắng_đen studio bật chất tự_sự đồng_cảm yêu hát demo đầu ý_tưởng MV êkíp đau_đầu sản_phẩm ấn_tượng khán_giả nội_tâm biểu_cảm gương_mặt đòi_hỏi nhập_tâm tập_trung_cao ca_hát Phạm_Lịch trải rèn_luyện chất giọng thi âm_nhạc đoạt quán quân Gương_mặt thân_quen Trời sinh cặp hợp_tác làm_việc ca_sĩ Mỹ_Tâm Soobin Hoàng_Sơn Hương_Giang ... Sinh thành vũ_công nghề công_nhân vệ_sinh trứng gà trang_trại quần_áo lễ_tân quán bar ... công_việc vũ_đoàn MTE Mỹ Tâm quản_lý đoạt quân Thử_thách nhảy quán quân Thử_thách nổi_tiếng quán quân Hoán_đổi Tâm_Giao"
"00077.txt","giai-tri","2","Mirrormedia video Nonoka Murakata trình_diễn hát chó cảnh_sát thi_ca_hát khán_giả châu mạng xã_hội hát câu mèo lạc đường mèo mèo bảo mèo Mèo khóc chó cảnh_sát xử gâu gâu gâu Mẹ Nonoka Murakata dạy hát mua tranh vẽ chó mèo vật nhắc luyện hát Hàng nghìn khán_giả ấn_tượng vẻ dễ_thương Nonoka_Murakata khen bé tự_nhiên trình_diễn sân_khấu hàng trăm lạ_mặt Ca_sĩ Taeyeon SNSD ấn_tượng Nonoka_Murakata đăng trang video hát chó cảnh_sát bắt_chước điệu_bộ Nonoka Taeyeon viết Nonoka tuyệt_vời hát ủng_hộ nổi_tiếng cha_mẹ Nonoka_Murakata lập tài_khoản mạng xã_hội con_gái tiếng Hàn Hàn_Quốc bình_luận video học ngoại_ngữ bé bình_luận tiêu_cực xôn_xao dư_luận Hàn trang JoongAng Ilbo giáo_sư ngành Xã_hội_học trường Ewha Womans University nhận_định Độ hai giai_đoạn trẻ hình_thành nhận_thức trẻ đau_buồn bình_luận ác_ý ảnh_hưởng tâm_lý trưởng_thành khán_giả Hàn xin_lỗi bé trang Cha_mẹ Nonoka Murakata lập kênh Youtube con_gái hiện 310.000 theo_dõi Hôm cha_mẹ Nonoka Murakata con_gái ký hợp_đồng công_ty giải_trí phát_hành mini album Như_Anh"
"00209.txt","kinh-doanh","5","VnExpress ghi_nhận ý_kiến bạn_đọc gia_đình mua bảo_hiểm_nhân_thọ lựa_chọn bảo_hiểm phân_biệt khác_biệt bảo_hiểm_nhân_thọ bảo_hiểm sức_khỏe gọi bảo_hiểm chi_phí y_tế bảo_hiểm_phi_nhân_thọ bảo_hiểm nhu_cầu khả_năng tài_chính nắm mục_đích đặc_điểm so_sánh sơ_bộ bảo_hiểm_nhân_thọ bảo_hiểm chi_phí y_tế bảo_hiểm_phi_nhân_thọ phổ_biến khác_biệt bảo_hiểm_nhân_thọ bảo_hiểm sức_khỏe bảo_hiểm_phi_nhân_thọ bảo_hiểm_nhân_thọ tích_lũy Tham_gia_bảo_hiểm_nhân_thọ kế_hoạch tài_chính hơi giúp tài_chính người_thân bảo_hiểm trụ_cột lao_động biến_cố tử_vong thương_tật xảy tham_gia_bảo_hiểm_nhân_thọ phí bảo_hiểm đóng gói bảo_hiểm_nhân_thọ kế_hoạch tài_chính rõ_ràng khả_năng đóng phí bảo_hiểm mục_đích bảo_hiểm sức_khỏe bớt gánh chi_phí tham_gia đau_ốm bệnh_tật ... phát_sinh chi_phí khám chữa bệnh doanh_nghiệp chi_trả toàn_bộ tùy hợp_đồng dựa hồ_sơ bệnh_án Chi_phí bảo_hiểm bảo_hiểm_nhân_thọ Tùy_thuộc mục_đích khả_năng tài_chính sản_phẩm bảo_hiểm Quỳnh_Trang"
"00014.txt","doi-song","0","Alina quen_biết Anthony_Clarke làm_việc trạm dịch_vụ chàng trai làm_việc xe quyến_rũ tự_tin chú_ý tán_tỉnh tuyệt_vời gái công_khai hẹn_hò tình trải sóng_gió Alina đi trai giám_sát điện_thoại nhắn_tin mẹ đòi ảnh chụp màn_hình nhắn mạng xã_hội Alina nói_chuyện bạn_bè phép gái Ban_đầu kiểm_soát Alina buồn Clarke tình_yêu vui_vẻ Clarke gái yêu_thương Alina nhắn kẻ vô_danh đồ tồi dọa phơi_bày gia_đình Ban_đầu Alina cố nhắn_tin bất_lực chặn tấn_công cuộc_gọi nhắn xúc_phạm hễ nhấc máy gọi tắt dọa tạt axit đánh gãy mũi nhắn liệt_kê người_thân địa_chỉ nhắn nặc_danh Alina cảm_giác theo_dõi sợ_hãi rời Đôi_khi chằm_chằm cửa_sổ khả_nghi_hoặc xe_hơi Alina trai Clarke nỗi ám_ảnh trải hứa thủ_phạm bắt hắn dừng Alina hoảng_loạn cảnh_sát Clarke sức_khỏe tâm_thần tồi_tệ nghi_ngờ người_yêu truy vấn Clarke phủ_nhận Mùa hè cảnh_sát điện_thoại Clarke sự_thật phơi_bày tin_tưởng Alina sự_thật ta mong_manh tổn_thương tận_dụng Clarke tuyên_án tù_treo tòa_án Maidstone Crown thừa_nhận tội quấy_rối ta cấm liên_lạc người_yêu cũ gián_tiếp thủ_phạm Alina đứng theo_dõi Nhật_Minh Mirror"
"00043.txt","the-thao","8","Djokovic Medvedev 15h45 hôm_nay VnExpress tranh_cãi tay_vợt Next Gen tiếp_quản đỉnh_cao Djokovic Eurosport trận Daniil Medvedev chung_kết Australia Mở_rộng xảy tôn_trọng tay_vợt trẻ cố_gắng Djokovic Medvedev chung_kết hôm trận_đấu cựu tay_vợt Mats_Wilander chuyên_gia mô_tả diễn hai tay_vợt thế_giới tỷ_lệ thắng Djokovic trận chứng_kiến loạt bóng bền mặt sân sở_trường hai Medvedev tay_vợt trẻ Djokovic ngại Đối_đầu gương phong_cách tương_đồng Big Djokovic Rafael_Nadal Roger_Federer vô_địch Grand Slam giành tổng_cộng Grand_Slam tay_vợt thế_hệ kế_cận Dominic_Thiem giành Grand_Slam Mỹ Mở_rộng Medvedev đứng tương_tự hai góp_mặt chung_kết sân_chơi Tay_vợt Nga gia_tăng chuỗi trận thắng liên_tiếp đối_đầu Djokovic toàn_thắng tám trận chung_kết Melbourne Áp_lực áp_lực đặc_ân Djokovic có_nghĩa thế_giới Next Gen thống_trị quần_vợt tương_lai đứng yên trao thống_trị bắt nỗ_lực Nhân_Đạt"
"00122.txt","suc-khoe","7","Trao_đổi bác_sĩ Bệnh_viện Đại_học Hà_Nội quan_hệ khó_chịu đường tiểu ra_hiệu thuốc mua kháng_sinh uống mủ vàng chảy tiểu dầm thừa_nhận lây bệnh gái cũ hai gái quen tuần Bác_sĩ Nguyễn_Hoài_Bắc Khoa_Nam_Học Y_học giới_tính xác_định bệnh_nhân viêm niệu_đạo Vi_khuẩn lậu lây_truyền quan_hệ tình_dục viêm_nhiễm đường tiết_niệu sinh_dục nhiễm vi_khuẩn lậu tùy độc lực nồng_độ vi_khuẩn ủ_bệnh hai tuần hai tuần bác_sĩ Bắc khoa Y_học Nam học giới_tính tiếp_nhận bệnh_nhân bệnh_lý tương_tự song hoàn_cảnh mắc bệnh đàn_ông vợ hai thừa_nhận quan_hệ ngoài_luồng mắc viêm niệu_đạo biểu_hiện khó_chịu bệnh_viện kiểm_tra dám thú_nhận vợ đi khám điều_trị Hai bệnh_nhân quan_hệ đồng giới an_toàn viêm niệu_đạo Niệu_đạo ống nước_tiểu bàng_quang cơ_thể Viêm niệu_đạo quan_hệ tình_dục an_toàn vệ_sinh bộ_phận sinh_dục kém lây_nhiễm Biểu_hiện bệnh nóng rát ngứa dọc đường tiểu Cảm_giác đi_tiểu đi_tiểu buốt rát đau_đớn sợ_hãi tiểu chảy mủ đường tiểu Bệnh khả_năng lây_lan triệu_chứng trường_hợp lây_nhiễm tình lây_truyền vợ biến vợ thành nạn_nhân thói_quen quan_hệ tình_dục bừa_bãi chồng phòng_bệnh lậu biện_pháp an_toàn tình_dục thủy vợ chồng bao cao_su Nam_giới vệ_sinh sạch_sẽ bộ_phận sinh_dục hàng Trường_hợp hẹp bao quy đầu bệnh_viện khám xử_trí Thùy_An"
"00195.txt","kinh-doanh","5","cưới vợ gia_đình cộng tiền tích_lũy tổng_cộng 1,5 tỷ đồng vàng tiền_mặt Vợ ngân_hàng lương hàng triệu đồng thất_nghiệp kinh_doanh Hiện vợ sinh_sống Bà_Rịa Vũng_tàu tiền quán cà_phê dồn mua miếng đất để_dành phương_án mong góp_ý chân_thành độc_giả Hùng_Trường"
"00046.txt","khoa-hoc","4","Thiết_kế đồ bay Salzmann bao_gồm khung đeo ngực hai động_cơ đẩy carbon tổng_công_suất kW tốc_độ 25.000 vòng phút phép bay_lượn phút chuyến bay Salzmann độ 3.048 dãy Alps nhảy_dù bay thẳng hướng núi kéo động_cơ đẩy đồ đỉnh núi Salzmann nảy ý_tưởng đồ bay điện cộng_tác BMW cung_cấp dụng_cụ cần_thiết đồ hệ_thống truyền động phát_triển hệ_thống thiết_kế rộng cm trang_bị hai động_cơ đẩy cm khung đeo ngực hoạt_động pin lithium volt 11,8 kg đi kèm thiết_bị dự_trữ năng_lượng Van_tiết lưu_gắn cánh trái cung_cấp lực đẩy giúp đồ bay tốc_độ km thay_vì km thiết_kế Chuỗi bay thử_nghiệm diễn đường_hầm gió nằm ngang AEROLAB BMW. Salzmann hoàn_thành chuyến nhảy_dù đồ bay công_nghệ_cao bay không_trung Chuyến nhảy_dù đỉnh Drei Brüder dãy Alps bao_gồm Salzmann hai đồng_nghiệp nhảy độ 3.000 bay dàn hàng hướng đỉnh núi trợ_giúp động_cơ_điện Salzmann tăng_tốc hai đỉnh núi bay quãng ngắn đường_cong đồng_nghiệp đội hạ_cánh địa_điểm định sẵn An_Khang New_Atlas"
"00074.txt","kinh-doanh","5","Tổng_công_ty Bia rượu nước_giải_khát Hà_Nội Habeco thông_báo cổ_tức cổ_đông tiền_mặt tỷ_lệ chi_trả cổ_tức 13,8 14,5 Tổng_tỷ_lệ chi_trả có_nghĩa cổ_đông sở_hữu cổ_phiếu 2.830 đồng_tiền_mặt cổ_tức hình_thức chuyển_khoản tiền_mặt cổ_phiếu lưu ký 231,8 triệu cổ_phiếu lưu_hành ước_tính Habeco chi tỷ đồng đợt cổ_tức cổ_đông doanh_nghiệp Công_Thương tỷ_lệ sở_hữu 81,8 khoản cổ_tức tỷ đồng_bằng tiền doanh_thu lãi thuế chủ Bia Hà_Nội tỷ đồng lợi_nhuận thị_trường chứng_khoán cổ_phiếu BHN Habeco giao_dịch quanh giá 74.000 đồng cổ_phiếu xấp_xỉ mặt_bằng giá Covid Tường_An"
"00017.txt","khoa-hoc","4","khoa_học đoạn hướng_dẫn ướp khuôn_mặt chết thời Cập cổ_đại Cnet hôm Đoạn hướng_dẫn nằm tập bản_thảo y_học 3.500 năm_tuổi Papyrus_Louvre Carlsberg báo_cáo Đại_học Copenhagen văn_bản quy_trình ướp xác Cập cực_kỳ hiếm Giới khoa_học phát_hiện hai văn_bản đề_tài Cập học ngạc_nhiên đoạn hướng_dẫn ngắn ướp xác bản_thảo y_học chủ_yếu thảo_dược vết sưng phồng da nghiên_cứu hướng_dẫn hai văn_bản phát_hiện 1.000 đi_sâu khía_cạnh miêu_tả chi_tiết ướp khuôn_mặt danh_sách nguyên_liệu chủ_yếu hương_liệu nguồn_gốc thực_vật chất kết_dính nấu thành chất_lỏng ướp xác phủ chất vải lanh đỏ vải lên_mặt chết bao_bọc khuôn_mặt lớp kén bảo_vệ chứa_chất thơm chất kháng khuẩn Sofie_Schiodt Cập học Đại_học Copenhagen hướng_dẫn miêu_tả thao_tác ướp xác ướp toàn_bộ cơ_thể kéo_dài xác ướp hoàn_thiện quan_tài nghi_thức giúp chết cuộc_sống thế_giới kia bản_thảo Papyrus_Louvre Carlsberg Bảo_tàng Louvre Paris Đại_học Copenhagen cất_giữ Tài_liệu nằm mảnh thất_lạc Bảo_tàng Louvre Đại_học Copenhagen dự_định công_bố bản_thảo Thu_Thảo Cnet"
"00087.txt","giao-duc","3","Sở Giáo_dục Đào_tạo Hải_Phòng quyết_định dừng dạy_học trực_tuyến học_sinh khối lớp lớp dạy kiến_thức hình_thức trực_tuyến học_sinh khối tiểu_học lẽ học_sinh lớp bé thành_thạo máy_tính thao_tác kỹ_thuật học thầy cô_giáo bậc phụ_huynh bận đi công_việc thường_xuyên dạy tối muộn hợp_lý_do phụ_huynh đáp_ứng"
"00078.txt","suc-khoe","7","Chuyên_gia dinh_dưỡng Nguyễn Bệnh_viện Hoàng_Gia_Worcester hệ tiêu_hóa giúp trẻ nâng miễn_dịch phát_triển thể_chất trí_não toàn_diện thói_quen mẹ hệ tiêu_hóa bé gánh Rối_loạn tiêu_hóa chế_độ ăn_uống Đường ruột triệu nơron thần_kinh chiếm tế_bào miễn_dịch cơ_thể hệ tiêu_hóa đóng vai_trò sức đề_kháng cung_cấp năng_lượng nuôi sống cơ_thể ảnh_hưởng phát_triển trí_não trẻ trẻ_em giai_đoạn phát_triển vàng nuôi_dưỡng bảo_vệ hệ tiêu_hóa cần_thiết số_liệu Viện Dinh_Dưỡng Việt_Nam tổng_số trẻ tư_vấn khám bệnh biểu_hiện rối_loạn tiêu_hóa Nguyên_nhân hàng_đầu xuất_phát chế_độ dinh_dưỡng hợp_lý đầu đời dặm thực_đơn cân_bằng dinh_dưỡng chế_độ thừa thịt rau ... Thực_đơn thừa đạm rau nguyên_nhân ảnh_hưởng tai_hại hệ tiêu_hóa bé trẻ rau trẻ rau cứng nhai vị đắng đặc_trưng bậc phụ_huynh giúp trẻ rau xay nhuyễn thái bí_mật rau củ món yêu bé vị đắng rau chanh chần sôi bếp hứng_thú ... chuyên_gia dinh_dưỡng cạnh lựa_chọn rau bổ_dưỡng chế_biến trẻ bố_mẹ chất_lượng thực_phẩm Sai_lầm sơ_chế thực_phẩm đa_phần tiêu_dùng mắc sai_lầm sơ_chế đơn_giản rửa rau nội_trợ thói_quen cắt rau đi_rửa vitamin hòa_tan nội_trợ cẩn_thận rau đi chần sôi sơ_chế rau củ đi chất dinh_dưỡng cần_thiết thói_quen rửa rau pha tỷ_lệ muối dấm tùy_ý rửa sạch tạp_chất ký_sinh_trùng dư_lượng thuốc trừ_sâu thuốc bảo_vệ thực_vật sót rau ngộ_độc thực_phẩm ảnh_hưởng hệ tiêu_hóa non_nớt trẻ mặt lâu_dài Chuyên_gia dinh_dưỡng Nguyễn nhấn_mạnh đảm_bảo_an_toàn thực_phẩm nguyên_nhân rối_loạn tiêu_hóa trẻ Rau củ nhiễm_khuẩn tồn_dư thuốc trừ_sâu bề_mặt Viện Hàn_Lâm Nhi_Khoa Mỹ nhấn_mạnh hàm_lượng chất_hóa học hại thuốc trừ_sâu dư_thừa bề_mặt rau củ hại sức_khỏe trẻ_em nghiêm_trọng người_lớn cơ_thể lẽ trọng_lượng trẻ cơ_quan phát_triển rửa sạch hiệu_quả chất hại bám rau chuyên_gia khuyên gia_đình sản_phẩm rửa rau nghiên_cứu kết_hợp thành_phần sạch tỷ_lệ khoa_học Phương_pháp khả_năng sạch hiệu_quả rửa nước_máy thông_thường Hiện thị_trường Việt_Nam sản_phẩm rửa rau rửa rau Botanika thành_phần sạch tự_nhiên chứng_nhận an_toàn Australia công_dụng giúp rửa sạch thuốc trừ_sâu sạch khuẩn bám rau một_chút chế_độ dinh_dưỡng rửa rau hàng mẹ đảm_bảo_an_toàn sức_khỏe cải_thiện nâng sức_khỏe hệ tiêu_hóa trẻ Lê_Nguyễn"
"00003.txt","du-lich","1","Du_lịch mở_cửa thị_trường quốc_tế ý_kiến Nguyễn_Hữu Thọ Hội_nghị trực_tuyến Triển_khai kế_hoạch công_tác Hiệp_hội Du_lịch Việt_Nam HHDLVN diễn Hà_Nội câu chờ nhắc ngành du_lịch hiện doanh_nghiệp lữ_hành quốc_tế ngừng kinh_doanh Đẩy_mạnh du_lịch nội_địa có_mang doanh_thu cứu sống ngành du_lịch lộ_trình mở_cửa thị_trường quốc_tế giải_pháp duy_nhất lý_giải hiện sản_phẩm du_lịch thị_trường nội_địa mở_cửa thị_trường quốc_tế đồng_nghĩa đón đầu_tư nóng_lòng Việt_Nam nhận_định Việt_Nam quốc_gia phòng_chống Covid khu_vực thế_giới thuận_lợi ngành du_lịch mở_cửa thị_trường quốc_tế đầu quý III. dẫn_chứng quốc_gia du_lịch hàng_đầu khu_vực Thái_Lan mở_cửa đón Singapore chào_đón tiêm vaccine Đồng_tình ý_kiến Hiệp_hội du_lịch TP HCM Việt_Nam thị_trường thu_hút du_khách quốc_tế du_lịch trở_lại tiêu_chí đón mở_cửa trở_lại quốc_gia cách_ly du_khách tiêm phòng giấy chứng_nhận âm_tính Covid Phát_biểu ý_kiến Nguyễn_Thị_Khánh chủ_tịch Hiệp_hội du_lịch TP HCM dần hướng thị_trường quốc_tế kiểm_soát dịch_bệnh trao_đổi chiều Song ưu_tiên triển_khai chương_trình kích_cầu du_lịch nội_địa cao_điểm mùa hè Nhận_định mở_cửa thị_trường quốc_tế vô_cùng gay_go vấp phản_đối đông song Vũ_Thế_Bình Phó_Chủ_tịch Thường_trực HHDLVN sẵn kế_hoạch tụt_hậu thông_minh đi thế_giới công_nhận hộ_chiếu vaccine thua đất nhấn_mạnh hiệp_hội đề_án trình Chính_phủ thí_điểm du_lịch quốc_tế thích_hợp Ghi_nhận thành_công chương_trình kích_cầu nội_địa hiệp_hội định_hướng bám sát thị_trường nội_địa nội_dung kích_cầu giảm_giá kết_hợp dịch_vụ Chương_trình liên_kết kiểu kết_hợp hàng_không vận_động Việt_Nam đi du_lịch phương_án kích_cầu riêng_lẻ địa_phương hiệu_quả đề_xuất dồn du_lịch đi bừng Xuyên suốt hội_nghị đề_xuất phòng_chống khắc_phục hậu_quả Covid ngành du_lịch đề_xuất Chính_phủ kéo_dài chương_trình tiền điện thuế thuế_đất bảo_hiểm kiến_nghị quy_định khả_thi doanh_nghiệp tiếp_cận áp_dụng chuyển_đổi số_đối cơ_quan quản_lý nhà_nước du_lịch địa_phương dịch_bệnh ngành du_lịch tranh_thủ đào_tạo nhân_lực sửa_chữa cơ_sở vật_chất sự_kiện triển_khai Diễn_đàn toàn_quốc Du_lịch nội_địa Hội_chợ VITM Hà_Nội tổ_chức hội_chợ trực_tuyến Hội_chợ VITM Đà_Nẵng tổ_chức ... Lan_Hương"
"00037.txt","kinh-doanh","5","gói phần_mềm văn_phòng điện_tử ASOFT OO quản_lý quan_hệ khách_hàng ASOFT CRM ASOFT tặng kèm miễn_phí doanh_nghiệp mua phần_mềm kế_toán ASOFT. hình_thức doanh_nghiệp SME xây_dựng nền_tảng công_nghệ hòa_nhập xu_hướng chuyển_đổi thời_đại 4.0 Trong_suốt tư_vấn chuyển_đổi xây_dựng hệ_thống quản_trị doanh_nghiệp tự_động 3.000 doanh_nghiệp doanh_nghiệp chuyển_đổi lộ_trình hiệu_quả giới_hạn nguồn_lực hiện doanh_nghiệp Huỳnh Thanh_Minh CEO công_ty Cổ_phần ASOFT doanh_nghiệp gói phần_mềm ASOFT tư_vấn triển_khai cơ_bản giai_đoạn chuyển_đổi nền_tảng mở_rộng tiến Phần_mềm Văn_phòng điện_tử ASOFT OO quản_lý quan_hệ khách_hàng ASOFT CRM quản_trị kế_toán tài_chính ASOFT siêu ứng_dụng di_động doanh_nghiệp ASOFT SuperApps ... phân hệ phần_mềm hoạch_định nguồn_lực doanh_nghiệp ASOFT ERP công_ty phát_triển ASOFT ERP đóng vai_trò hệ điều_hành doanh_nghiệp 4.0 dựa nền_tảng ứng_dụng công_nghệ hàng_đầu Big5 Tech API định_vị GPS nhận_diện khuôn_mặt cảm_biến bigdata AI. giải_pháp ASOFT tích_hợp đa kênh tương_thích đa_dạng thiết_bị kết_nối internet doanh_nghiệp xu_hướng làm_việc trực_tuyến Chuyển_đổi trào_lưu xu_hướng đón_đầu thời_đại đua doanh_nghiệp khẩn_trương tụt ASOFT mong_muốn đồng_hành doanh_nghiệp chặng đường lâu_dài Huỳnh Thanh_Minh ASOFT tư_vấn triển_khai đồng_hành 3.000 khách_hàng lĩnh_vực ngành_nghề ứng_dụng công_nghệ chuyển_đổi nâng khả_năng quản_trị vận_hành doanh_nghiệp tối_ưu Tuấn VũThông chi_tiết chương_trình ưu_đãi truy_cập website Hotline"
"00012.txt","kinh-doanh","5","Ann Hebert Phó_giám_đốc kiêm lãnh_đạo phụ_trách khu_vực Bắc_Mỹ Nike từ_chức hôm hiệu_lực lập_tức Nike tuyên_bố ngắn_gọn đảm_nhận vai_trò năm_ngoái giám_sát hàng marketing Nike khu_vực Tổng_cộng làm_việc Nike từ_chức Bloomberg viết Joe_Hebert sinh_viên học đại_học kiếm sống nghề giày sneaker khách_hàng West_Coast Joe giày học trung_học hiện tung đôi giày trị_giá hàng trăm nghìn USD Bloomberg nghi_ngờ liên_hệ Joe_Hebert Ann_Hebert phát_hiện thẻ tín_dụng Joe doanh_nghiệp West_Coast_Streetwear đứng_tên Ann_Hebert Joe thừa_nhận quan_hệ mẹ tiết_lộ thông_tin nội_bộ công_ty viết Bloomberg câu liệu Joe tiếp_cận công_bằng đôi giày phiên_bản giới_hạn giúp_đỡ mẹ săn đôi Nike Mag hiếm giá 12.000 USD ngẫu_nhiên tuyên_bố Joe mua số_lượng giày Nike mã giảm_giá mẹ Nike Ann Hebert trách_nhiệm quản_lý ứng_dụng SNKRS sưu_tầm giày hiếm Nike canh mua phiên_bản giới_hạn hàng tung Nike nỗ_lực bảo_vệ nền_tảng bot công_cụ phần_mềm gian_lận tranh mua giày cú bấm con_người Joe thừa_nhận bot săn giày đợt ra_mắt trực_tuyến kiếm 132.000 USD bot tranh mua đôi Kanye West_sneaker Yeezy_Supply Ann Hebert bình_luận viết Bloomberg đại_diện Nike cung_cấp thông_tin hoạt_động_kinh_doanh con_trai công_ty Nike xác_định Hebert vi_phạm chính_sách công_ty thông_tin đặc_quyền xung_đột lợi_ích chính_sách Nike phép nhân_viên tham_gia giày canh mua giày giá gốc giá cấm_kị sưu_tập Phiên_An Bloomberg Complex"
"00009.txt","doi-song","0","Gaynor_Williams chàng trai Dean_Ryan quán bar Chester Cheshire yêu Dean Somerset nuôi giấc mơ thành nghệ_sĩ Gaynor đi nghỉ Benidorm Tây_Ban_Nha dự_định theo_đuổi sự_nghiệp ca_hát tình_cờ Dean quán bar quán bar lập_tức Dean Giọng hát nụ cười ấm_áp quyến_rũ hơi già đi nếp nhăn phòng thay đồ biểu_diễn chào_hỏi trò_chuyện Gaynor Tình_xưa nhắc trái_tim hai lỗi nhịp Gaynor thu_xếp hai tuần Tây_Ban_Nha phong_tỏa toàn_quốc quyết_định đảm_bảo_an_toàn trở_lại sống người_yêu thời trẻ hạnh_phúc Dean Gaynor véo hạnh_phúc trung_niên quyết_định Tây_Ban_Nha định_cư lá thư viết đêm khóc đọc thư Tuổi_trẻ trở_lại tuyệt Dean tim hình_bóng Gaynor trẻ phát_triển niềm đam_mê đành chấp_nhận đi cố_gắng Facebook liên_hệ tinh_thần đi điên_rồ Nhật_Minh Metro"
"00031.txt","thoi-su","9","Nguyễn_Duy_Lâm Cục_trưởng Quản_lý xây_dựng Chất_lượng công_trình giao_thông Giao_thông Vận_tải nghị_quyết Chính_phủ chuyển_đổi hai dự_án PPP đầu_tư công cơ_quan thẩm_định phê_duyệt tổng đầu_tư điều_chỉnh lựa_chọn nhà_thầu thiết_kế kỹ_thuật dự_toán Dự_kiến báo_cáo nghiên_cứu khả_thi hồ_sơ thiết_kế kỹ_thuật dự_toán điều_chỉnh Giao_thông Vận_tải phê_duyệt cơ_sở lựa_chọn nhà_thầu Hồ_sơ mời_thầu tuân_thủ trình_tự khởi_công gói_thầu Lãnh_đạo Giao_thông Vận_tải chỉ_đạo Ban Quản_lý dự_án tổ_chức đấu_thầu công_khai minh_bạch nhà_thầu năng_lực kinh_nghiệm ban quản_lý dự_án ban_hành quy_chế làm_việc tổ chuyên_gia đấu_thầu bảo_mật thông_tin biện_pháp phòng_ngừa tiêu_cực giám_sát chặt công_tác quản_lý hồ_sơ giám_đốc ban dự_án trách_nhiệm tiến_độ chất_lượng dự_án Giao_thông Vận_tải phối_hợp tỉnh Thanh_Hóa Nghệ_An thúc_đẩy giải_phóng mặt_bằng hoàn_thiện khu tái_định_cư di_dời công_trình hạ_tầng kỹ_thuật bàn_giao mặt_bằng nhà_thầu Chính_phủ ban_hành nghị_quyết chuyển_đổi phương_thức đầu_tư hai dự_án thành_phần cao_tốc Bắc_Nam quốc_lộ Nghi_Sơn Nghi_Sơn Diễn_Châu đầu_tư hình_thức PPP đầu_tư công Giao_thông Vận_tải tổ_chức đấu_thầu dự_án hình_thức PPP song đầu_tư hai dự_án Ủy_ban Thường_vụ Quốc_hội quyết_định chuyển_đổi đầu_tư công Dự_án cao_tốc quốc_lộ Nghi_Sơn_dài km đi tỉnh Thanh_Hóa tổng vốn đầu_tư 7.769 tỷ đồng đoạn Nghi_Sơn Diễn_Châu đi Thanh_Hóa Nghệ_An km tổng đầu_tư 8.648 tỷ đồng hình_thức đầu_tư công dự_kiến tổng vốn đầu_tư hai dự_án 1.000 tỷ đồng chi_phí lãi vay"
"00138.txt","the-thao","8","Paul_Morphy Vua cờ chính_thức duy_nhất top sinh New_Orleans Louisiana Mỹ gia_đình quyền_quý đại_học luật Morphy châu Âu du_đấu kỳ_thủ thắng dễ_dàng Morphy tự_xưng vô_địch thế_giới thắng Adolf_Anderssen tỷ_số Paris Pháp trận_đấu thừa_nhận chính_thức Morphy đối_thủ xứng tầm thi_đấu chấp đối_thủ quân giải_nghệ Paul_Morphy Vua cờ chính_thức duy_nhất top sinh New_Orleans Louisiana Mỹ gia_đình quyền_quý đại_học luật Morphy châu Âu du_đấu kỳ_thủ thắng dễ_dàng Morphy tự_xưng vô_địch thế_giới thắng Adolf_Anderssen tỷ_số Paris Pháp trận_đấu thừa_nhận chính_thức Morphy đối_thủ xứng tầm thi_đấu chấp đối_thủ quân giải_nghệ chín Viswanathan_Anand Vua cờ duy_nhất châu Anand sinh Ấn_Độ đầu tranh Vua cờ Garry Kasparov thất_bại đầu Vua cờ danh_hiệu phân_định dựa giải đấu vòng_tròn hai lượt tám kỳ_thủ Anand chín ván soán Vladimir_Kramnik Anand bảo_vệ Vua cờ Kramnik Veselin Topalov Boris Gelfand danh_hiệu Magnus Carlsen Chennai Ấn_Độ chín Viswanathan_Anand Vua cờ duy_nhất châu Anand sinh Ấn_Độ đầu tranh Vua cờ Garry Kasparov thất_bại đầu Vua cờ danh_hiệu phân_định dựa giải đấu vòng_tròn hai lượt tám kỳ_thủ Anand chín ván soán Vladimir_Kramnik Anand bảo_vệ Vua cờ Kramnik Veselin Topalov Boris Gelfand danh_hiệu Magnus Carlsen Chennai Ấn_Độ Mikhail_Botvinnik Vua cờ Liên_Xô cũ đứng tám danh_sách Botvinnik sinh Saint_Petersburg Nga Vua cờ sáu chức vô_địch giải đấu vòng_tròn lượt kỳ_thủ The_Hague Hà_Lan Moscow Nga Botvinnik Vasily Smyslov Botvinnik Liên_Xô thống_trị cờ_vua bảo_vệ Vua cờ hạ David_Bronstein Smyslov Smyslov soán Vua cờ Botvinnik đòi ngai vàng Botvinnik Mikhail_Tal cướp đòi hạ_bệ Tigran Petrosian Botvinnik tranh Vua cờ Botvinnik thầy Vua cờ Nga Karpov Kasparov Kramnik kỳ_thủ hiếm_hoi thành_công công_việc kỹ_sư điện khoa_học máy_tính Mikhail_Botvinnik Vua cờ Liên_Xô cũ đứng tám danh_sách Botvinnik sinh Saint_Petersburg Nga Vua cờ sáu chức vô_địch giải đấu vòng_tròn lượt kỳ_thủ The_Hague Hà_Lan Moscow Nga Botvinnik Vasily Smyslov Botvinnik Liên_Xô thống_trị cờ_vua bảo_vệ Vua cờ hạ David_Bronstein Smyslov Smyslov soán Vua cờ Botvinnik đòi ngai vàng Botvinnik Mikhail_Tal cướp đòi hạ_bệ Tigran Petrosian Botvinnik tranh Vua cờ Botvinnik thầy Vua cờ Nga Karpov Kasparov Kramnik kỳ_thủ hiếm_hoi thành_công công_việc kỹ_sư điện khoa_học máy_tính Jose Raul_Capablanca đứng thứ_bảy Vua cờ lịch_sử Capablanca sinh Havana Cuba vô_địch thế_giới sống Capablanca coi Cuba nổi_tiếng Capablanca chấm_dứt Vua cờ Emanuel_Lasker trận_đấu Havana Kỳ_thủ chủ thắng áp_đảo bốn chiến_thắng thất_bại sáu Capablanca dự hai trận tranh trận hai diễn Capablanca thua Alexander_Alekhine tỷ_số 15,5 18,5 Jose Raul_Capablanca đứng thứ_bảy Vua cờ lịch_sử Capablanca sinh Havana Cuba vô_địch thế_giới sống Capablanca coi Cuba nổi_tiếng Capablanca chấm_dứt Vua cờ Emanuel_Lasker trận_đấu Havana Kỳ_thủ chủ thắng áp_đảo bốn chiến_thắng thất_bại sáu Capablanca dự hai trận tranh trận hai diễn Capablanca thua Alexander_Alekhine tỷ_số 15,5 18,5 sáu Anatoly_Karpov kỳ_thủ danh_hiệu Karpov sinh Zlatoust Chelyabinsk_Oblast Nga FIDE ra_mắt bảng bậc kỳ_thủ Karpov Kasparov Carlsen Karpov Vua cờ tốn giọt mồ_hôi trận tranh Manila Philippines Karpov thách đấu Vua cờ Bobby_Fischer kỳ_thủ Mỹ chấp_nhận thể_thức thi_đấu ván FIDE quyết_định truất Fischer trao Karpov Karpov hai bảo_vệ Vua cờ Viktor Korchnoi Baguio Philippines Italy Kasparov trận tranh kết_quả hủy trận_đấu kéo_dài Karpov Vua cờ Kasparov tranh Kasparov trận thất_bại sáu Anatoly_Karpov kỳ_thủ danh_hiệu Karpov sinh Zlatoust Chelyabinsk_Oblast Nga FIDE ra_mắt bảng bậc kỳ_thủ Karpov Kasparov Carlsen Karpov Vua cờ tốn giọt mồ_hôi trận tranh Manila Philippines Karpov thách đấu Vua cờ Bobby_Fischer kỳ_thủ Mỹ chấp_nhận thể_thức thi_đấu ván FIDE quyết_định truất Fischer trao Karpov Karpov hai bảo_vệ Vua cờ Viktor Korchnoi Baguio Philippines Italy Kasparov trận tranh kết_quả hủy trận_đấu kéo_dài Karpov Vua cờ Kasparov tranh Kasparov trận thất_bại Đứng Alexander_Alekhine kỳ_thủ duy_nhất qua_đời tư_cách Vua cờ Alekhine sinh Moscow Nga Pháp lá cờ Pháp cướp Vua cờ Capablanca Buenos_Aires Argentina Alekhine hai Efim Bogoljubov Max Euwe đòi danh_hiệu Vua cờ hai trận_đấu Botvinnik Alekhine qua_đời Bồ_Đào_Nha Đứng Alexander_Alekhine kỳ_thủ duy_nhất qua_đời tư_cách Vua cờ Alekhine sinh Moscow Nga Pháp lá cờ Pháp cướp Vua cờ Capablanca Buenos_Aires Argentina Alekhine hai Efim Bogoljubov Max Euwe đòi danh_hiệu Vua cờ hai trận_đấu Botvinnik Alekhine qua_đời Bồ_Đào_Nha Emanuel Lasker Vua cờ đứng thứ_tư danh_sách Vua cờ quyền thách đấu Dư_luận Lasker cố_tình đối_thủ mềm giúp bảo_vệ danh_hiệu Lasker sinh Berlinchen Vương_quốc Phổ cũ thành_phố Barlinek Ba_Lan Lasker_hạ Vua cờ Wilhelm Steinitz trận tranh Mỹ Canada bảo_vệ danh_hiệu Steinitz Frank Marshall Siegbert Tarrasch Carl_Schlechter Dawid Janowski Lasker Capablanca Emanuel Lasker Vua cờ đứng thứ_tư danh_sách Vua cờ quyền thách đấu Dư_luận Lasker cố_tình đối_thủ mềm giúp bảo_vệ danh_hiệu Lasker sinh Berlinchen Vương_quốc Phổ cũ thành_phố Barlinek Ba_Lan Lasker_hạ Vua cờ Wilhelm Steinitz trận tranh Mỹ Canada bảo_vệ danh_hiệu Steinitz Frank Marshall Siegbert Tarrasch Carl_Schlechter Dawid Janowski Lasker Capablanca Bobby Fischer trận tranh coi kỳ_thủ vĩ_đại lịch_sử Chiến_thắng Boris Spassky Reykjavik Iceland coi trận_đấu thế_kỷ Fischer chấm_dứt Liên_Xô thống_trị làng cờ thắng Spassky 12,5 8,5 Fischer cảm_hứng nhân_vật Beth_Harmon tiểu_thuyết Series The_Queen Gambit Netflix đỉnh_cao Fischer vượt_trội đối_thủ tám dự giải vô_địch Mỹ vô_địch đường trận tranh Spassky Fischer thắng Mark_Taimanov Bent_Larsen Tigran Petrosian lần_lượt tỷ_số 6,5 2,5 Fischer sinh Chicago Illinois Mỹ Vua cờ chịu_đấu Karpov trận tranh hiếm siêu giải Fischer qua_đời Reykjavik Bobby Fischer trận tranh coi kỳ_thủ vĩ_đại lịch_sử Chiến_thắng Boris Spassky Reykjavik Iceland coi trận_đấu thế_kỷ Fischer chấm_dứt Liên_Xô thống_trị làng cờ thắng Spassky 12,5 8,5 Fischer cảm_hứng nhân_vật Beth_Harmon tiểu_thuyết Series The_Queen Gambit Netflix đỉnh_cao Fischer vượt_trội đối_thủ tám dự giải vô_địch Mỹ vô_địch đường trận tranh Spassky Fischer thắng Mark_Taimanov Bent_Larsen Tigran Petrosian lần_lượt tỷ_số 6,5 2,5 Fischer sinh Chicago Illinois Mỹ Vua cờ chịu_đấu Karpov trận tranh hiếm siêu giải Fischer qua_đời Reykjavik Garry Kasparov coi kỳ_thủ vĩ_đại lịch_sử Vua cờ Kasparov sinh Baku Azerbaijan Liên_Xô tan_rã thi_đấu lá cờ Nga Kasparov Vua cờ Moscow hạ Karpov Vua cờ trẻ lịch_sử Kasparov bảo_vệ Vua cờ chiến_thắng Karpov hạ Nigel Short Anand Kasparov thất_bại học_trò Kramnik tỷ_số 6,5 8,5 thắng ván Dù_vậy Kasparov kỳ_thủ FIDE giải_nghệ ý_định tranh_cử Tổng_thống Nga Kasparov coi biểu_tượng đối_lập Tổng_thống Vladimir_Putin Garry Kasparov coi kỳ_thủ vĩ_đại lịch_sử Vua cờ Kasparov sinh Baku Azerbaijan Liên_Xô tan_rã thi_đấu lá cờ Nga Kasparov Vua cờ Moscow hạ Karpov Vua cờ trẻ lịch_sử Kasparov bảo_vệ Vua cờ chiến_thắng Karpov hạ Nigel Short Anand Kasparov thất_bại học_trò Kramnik tỷ_số 6,5 8,5 thắng ván Dù_vậy Kasparov kỳ_thủ FIDE giải_nghệ ý_định tranh_cử Tổng_thống Nga Kasparov coi biểu_tượng đối_lập Tổng_thống Vladimir_Putin"
"00000.txt","the-thao","8","Liverpool Chelsea 3h15 Sáu Hà_Nội Man Utd đua top Man City Klopp hôm đua thú_vị CĐV Liverpool cố_gắng hết_sức chen_chân top Hôm bốn thất_bại liên_tiếp Ngoại_hạng Liverpool niềm vui chiến_thắng thắng_lợi sân đội bảng Sheffield thầy trò Klopp đứng sáu bảng kém đội đứng tư West_Ham hai Trở_lại sân_nhà hôm_nay Liverpool tiếp Chelsea đội đua_tranh dự Champions_League mùa thắng Liverpool Chelsea lẫn West_Ham vươn thứ_tư Công_việc rõ_ràng thắng trận đối_thủ chất_lượng Chelsea mục_tiêu Liverpool Klopp mục_tiêu Liverpool mùa giải tuần hụt hơi đua top trở_lại Liverpool cạnh_tranh Tottenham West_Ham Leicester đua_tranh thú_vị cố_gắng hết_sức cạnh đua_tranh top Liverpool cửa dự Champions_League giành chức vô_địch đấu_trường danh_giá CLB mùa Liverpool nắm lợi_thế lọt tứ_kết đánh_bại RB Leipzig sân_khách lượt đi vòng Trận lượt diễn Lịch thi_đấu Kết_quả Ngoại_hạng Bảng Ngoại_hạng AnhDuy Metro"
"00160.txt","the-thao","8","Bàn_thắng Pedro Hoa Hùng Trận thắng HAGL tuần tự_tin Sài_Gòn chuỗi trận thắng kéo_dài League trở_lại hồi Chín khía_cạnh tâm_lý đội quân HLV Vũ_Tiến_Thành sức_mạnh tưởng giai_đoạn ăn_ý đôi Pedro Geovane trận_đấu sân Pleiku hai ngoại binh Sài_Gòn ghi bốn bàn thắng tối phối_hợp ghi hai bàn Pedro lập cú đúp Tương_tự chiến_thắng Gia_Lai Sài_Gòn tỷ_số đối_thủ Quảng_Ninh đội khao_khát chiến_thắng nuôi mộng vô_địch pha tấn_công xuất_phát từ_đường căng ngang biên trái Geovane hậu_vệ Quảng_Ninh phá bóng dứt_khoát Pedro ập sút kỹ_thuật Bóng chạm Văn_Việt bay góc thủ_thành Huỳnh_Tuấn_Linh Bàn_thắng đôi chân Sài_Gòn thanh_thoát trút hình_ảnh phòng_ngự xù_xì vốn kéo_dài giai_đoạn kỹ_thuật Geovane khả_năng tì đè Pedro cảm_tưởng tăng_tốc đội chủ sức pha bóng sóng_gió phút bàn tỷ_số Bùi Trần_Vũ_băng đánh_đầu cận_thành tung_lưới Quảng_Ninh hai trọng_tài biên phất cờ báo việt_vị Trái_ngược cảm_hứng bóng Sài_Gòn Quảng_Ninh khớp đuối thể_lực hành_trình miền Nam Suốt phút học_trò HLV Phan_Thanh Hùng hiếm thể_hiện màn đánh biên nhuẫn nhuyền vũ_khí lợi_hại Đội bóng đất Mỏ bất_lợi nhân_sự ngoại binh Jermie_Lynch đau rời sân hiệp tốc_độ Lynch Claudecir đói bóng cấm_địa phát_huy khả_năng càn_lướt Tình_huống đội hiệp cú xoay sút bóng sát vạch 5m50 Claudecir bóng vọt xà_ngang Tình_thế Quảng_Ninh trở_nên nguy_cấp hiệp hai Sài_Gòn lùi đội_hình rình_rập bẫy HLV Vũ_Tiến_Thành giăng sập phút Xuất_phát pha bóng đơn_giản cánh trái Geovane vẩy má bóng cấm_địa Pedro cài xoay sút chìm cấm_địa nhân đôi cách_biệt mùa Geovane Pedro phối_hợp ghi_bàn đội League dường_như phương_án hữu_hiệu_hóa giải miếng đánh Sài_Gòn Sài_Gòn hai pha dứt_điểm hai thành bàn uy_hiếp khung_thành Tuấn_Linh Đội bóng sân Thống_Nhất sút chất_lượng đối_thủ lầm tưởng đá ru_ngủ Quảng_Ninh ngoại_lệ chuỗi tám trận bất_bại hòa Sài_Gòn giai_đoạn thầy trò Phan_Thanh Hùng tỏ thời_khắc then_chốt Bàn_gỡ cầu_thủ thay Trịnh_Hoa Hùng phút Pedro lập cú đúp nhen hy_vọng đội duy_nhất miếng đánh biên Quảng_Ninh phát_huy tác_dụng Claudecir tường cấm_địa nhả bóng chân_thuận Hoa Hùng chuẩn_xác góc trụ_cột Nghiêm_Xuân_Tú Mạc Hồng_Quân Diego_Fagan Hải_Phòng Quảng_Ninh sức_bật xuyên thủng hàng thủ League HLV Vũ_Tiến_Thành rút Pedro sân gia_cố tiền_vệ phòng_ngự Ahn_Byung keon trận hòa bàn thắng Hàng Đẫy hai đội xếp Viettel Hà_Nội Sài_Gòn nhảy nhì kém đội đầu_bảng Viettel hành_quân Bắc Hà_Nội Đội_hình xuất phátSài Gòn Văn_Phong Trần_Vũ Đức_Lợi Văn Ngọ Quốc_Long Thành_Tín Minh_Trung Tấn_Tài Hữu_Sơn Geovane Pedro Quảng_Ninh Tuấn_Linh Xuân_Hùng Văn_Việt Lastro_Neven Nhật_Minh Quách Tân Hai Long Trần_Trung_Hiếu Nguyên_Sa Claudecir Lynch Thắng Nguyễn"
"00052.txt","khoa-hoc","4","Video Pear_Video"
"00125.txt","khoa-hoc","4","Mời độc_giả câu"
"00080.txt","doi-song","0","Căn_hộ nằm tòa Cầu Giấy mua chủ cũ phòng chủ_nhân phòng ngủ góc căn_hộ gián_đoạn chia hướng căn_hộ thành khoang độc_lập tận_hưởng ưu_điểm căn_hộ Không_gian sinh_hoạt hẹp làm_việc gia chủ kiến_trúc_sư thống_nhất phân_chia toàn_bộ công_năng không_gian khai_thác view đáng_giá căn_hộ thể_hiện phong_cách sống tâm_hồn nghệ_sĩ tường căn_hộ đi không_gian Phòng bếp phòng chiếm nửa diện_tích mặt kính trải Cột bê_tông phòng vốn coi nhược_điểm căn_hộ gương hình_ảnh phản_chiếu góc paranoma toàn_cảnh công_trình giúp trở_nên rộng_rãi sang_trọng Quầy bar đảo bếp thiết_kế uốn cong đồng nguyên khối bóng thành nhấn căn_hộ chắn lối con_người khám_phá căn_hộ thay_vì tiếp_xúc lập_tức đi gia chủ chỗ nhạc thưởng rượu chiêm_ngưỡng thành_phố góc hai vách kính vuông_góc tòa phòng ngủ bốn thành_viên gia_đình phòng kính mờ riêng_tư ánh_sáng đi đỡ cảm_giác phòng ngủ master thiết_kế bố_trí tủ quần_áo kết_hợp vách ốp gỗ đầu giường đường vát góc không_gian liên_tục Sàn trần gỗ công_nghiệp màu gỗ Thủ_pháp giật sàn chỉ_định_hình không_gian giải_quyết thoát kỹ_thuật vệ_sinh khu bếp phòng_vệ_sinh chia hai khoang ướt khô khoang ướt thiết_kế bố_trí vỉ gỗ sàn ấm chân chống trơn vệ_sinh sàn gia chủ nhấc vỉ gỗ lắp dễ_dàng thiết_kế lựa_chọn thiết_kế tối_giản căn_hộ Đồ_đạc kết_hợp đóng nhẹ đặc rỗng công_năng lẫn thẩm_mỹ Bấm hình_ảnh công_trình Minh TrangẢnh Nguyen_Thai ThachThiết kế Dao Ho_Studio"
"00012.txt","the-thao","8","Ghi_bàn Dembele Pique Braithwaite lật_ngược thất_bại trận lượt đi sân Sevilla Barca thắng tỷ_số tương_tự lượt nhiệm_vụ hề dễ_dàng đối_thủ phong_độ thể_hiện thứ_tư toàn_thắng bốn trận La_Liga Barca đánh_bại Sevilla La_Liga HLV Ronald Koeman quyết_định nguyên đội_hình xuất_phát trận đấu Lionel_Messi Ousmane Dembele hàng công Sergio_Busquets De_Jong Pedri đóng vai_trò phân_phối bóng Barca nhập_cuộc khẩn_trương phút tỷ_số Dembele đáp niềm HLV Koeman cú sút tỷ_số vờn bóng cầu_thủ Sevilla Thủ_môn Tomas Vaclik đứng bóng rót góc Sevilla tất_nhiên sụp_đổ kiên_cường đáp pha phản_công tỷ_số giành quyền đi tiếp Phút Luuk de Jong gỡ hòa băng dứt_điểm hụt mặt thủ_môn Ter_Stegen Đội chú_trọng tận_dụng pha cố_định cú dứt_điểm làm_khó thủ_môn Đức giải_lao hai đội giằng_co Barca kiểm_soát bóng dè_chừng đợt phản_công Sevilla Phút đội chủ nhân đôi cách_biệt pha dàn_xếp đẹp_mắt tạt cánh Jordi Alba tung vô_lê bóng bật xà_ngang Sevilla tiếc_nuối hỏng 11m phút tình_huống Oscar Mingueza phạm lỗi vòng cấm Lucas Ocampos sút phạt_đền Ter_Stegen điềm báo Sevilla thất_bại pha thoát hiểm Barca tấn_công bàn hai kết_thúc hiệp hai trở_nên thuận_lợi Barca tiền_vệ đội Fernando thẻ_vàng hai phút bù hai Hai phút Pique nâng tỷ_số tạt Antoine_Griezmann hậu_vệ lão_tướng Tây_Ban Nha_bật đánh_đầu hạ Vaclik giúp Barca san tỷ_số Hai đội buộc đá hai hiệp phụ yếu_tố thuận_lợi Barca tâm_lý tích_cực phút chạm vé tạt cánh trái Alba Martin_Braithwaite bay đánh_đầu cận_thành_lập_công Barca chiếm ưu_thế Sevilla xoay_chuyển tình_hình thi_đấu Phút đội cầu_thủ Luuk De_Jong thẻ_đỏ Bảo_vệ thành_quả Barca hoàn_tất ngược dòng chung_kết đội thắng cặp bán_kết Levante Bilbao lượt_đi hòa Đội_hình thi_đấu Barca Ter_Stegen Dest Griezmann Pique Lenglet Mingueza Junior_Firpo Jordi_Alba Busquets Ilaix De_Jong Pedri Braithwaite Dembele Trincao MessiSevilla Vaclik Aleix_Vidal Jesus_Navas Kounde Diego_Carlos Acuna Rekik Fernando Oliver Ocampos Jordan Munir Suso Papu_Gomez En Nesyri De_Jong Rakitic Thanh_Quý"
"00184.txt","kinh-doanh","5","phiên bất_an chứng_khoán tuần chuyên_gia dự_báo thị_trường tâm_lý_dịch_chuyển dòng vốn chứng_khoán bất_động_sản quy_tắc bình thông hơi hai thị_trường tài_sản Quan_sát thị_trường đầu_tư thập_niên Nguyễn_Thị_Thanh_Hương Tổng_giám_đốc Đại_Phúc Land giai_đoạn thăng_trầm hai kênh liên_thông dòng vốn bùng_nổ kênh chứng_khoán xu_hướng dừng chân thị_trường bất_động_sản chốt gọi xu_hướng hiện_thực_hóa tài_sản Tương_tự thị_trường chứng_khoán biến_động tiêu_cực đầu_tư tài_chính khả_năng thị_trường địa_ốc bến đỗ an_toàn Hương phân_tích dòng vốn mỏng ngắn_hạn cập bến thị_trường chứng_khoán vàng ngoại_tệ kênh linh_hoạt vốn tiếp_cận tài_sản nhà_đất lựa_chọn kênh đầu_tư phụ_thuộc khẩu_vị nguồn_lực kỳ_vọng am_hiểu đầu_tư đầu_tư dòng vốn chia trứng thành rổ cưỡng sức hấp_dẫn bất_động_sản tỷ_suất sinh biến_động phiên kênh trú_ẩn tương_đối an_toàn CEO Đại_Phúc Land chứng_kiến phiên hoảng_loạn thị_trường chứng_khoán dòng vốn sắp_xếp trật_tự ưu_tiên chuyển_hướng bất_động_sản Tâm_lý đầu_tư tiền an_toàn tài_sản dữ_liệu thống_kê chứng_minh dài_hạn tỷ_suất lợi_nhuận nhà_đất kênh đầu_tư Hương Batdongsan com vn thống_kê vòng vàng chứng_khoán gấp đôi bất_động_sản Đầu_tư xét khẩu_vị đích hiệu_quả_quyết_định đặc_tính kép đầu_tư biên lợi_nhuận hạn_chế rủi_ro tích_lũy khai_thác bất_động_sản mục_tiêu chuyển_hướng đầu_tư chứng_khoán vốn Hương dự_báo quan_điểm Trần_Khánh_Quang Tổng_giám_đốc Công_ty Việt_An_Hòa kinh_nghiệm ngành tài_chính ngân_hàng bất_động_sản phân_tích tuần VN Index lao dốc hồi đầu_tư tâm_lý dè_chừng quên lịch_sử thị_trường chứng_khoán trải thời_kỳ lao dốc đầu_tư mất_trắng Diễn_biến thôi_thúc giới đầu_tư tìm_kiếm bình thông hơi biến_động bất_động_sản CEO Việt_An_Hòa dẫn_chứng rà_soát bất_động_sản đáy đợt khủng_hoảng suốt hai thập_kỷ đợt suy_thoái giá nhà_đất tối_đa Tức_là đáy tài_sản hiện_hữu khai_thác hiện_tượng nhà_đất mất_giá diễn đêm Ngược_lại chứng_khoán biên_độ chỉ_giới_hạn lao dốc tác_động domino tâm_lý thị_trường cực chậm đồng_hồ đầu_tư chứng_khoán vốn_liếng thị_trường bất_động_sản nhà_đất điều_chỉnh giá nắm tài_sản giải_pháp dòng vốn phiên VN Index đầu_tư chứng_khoán hoang_mang Trang_Bùi Giám_đốc JLL Việt_Nam dự_báo khả_năng xảy làn_sóng dịch_chuyển dòng vốn cổ_phiếu bất_động_sản Chuyên_gia giải_thích dịch_chuyển vốn xảy hiện_tượng mới_lạ tiền chứng_khoán chạy bất_động_sản Việt tâm_lý mặc bền cú sốc bán_tháo chứng_khoán rớt bàn cân cổ_phiếu nhà_đất cân_nhắc kênh mặt gửi vàng Trang nhận_định phó_tổng_giám_đốc công_ty chứng_khoán vốn nước_ngoài TP HCM dịch_chuyển tiền chứng_khoán bất_động_sản hiện_thực hoá tài_sản ồ_ạt hình_thành xu_hướng Dòng tiền rút nghỉ_ngơi đón Tết chờ trở_lại chứng_khoán thị_trường sôi_động tín_hiệu rõ_ràng xác_định chứng_khoán đảo chiều thành Đồng quan_điểm Lê_Anh Tuấn Giám_đốc nghiên_cứu Công_ty Cổ_phần Quản_lý quỹ Đầu_tư Dragon Capital Việt_Nam DCVFM bổ_sung xu_hướng dịch_chuyển đầu_tư chứng_khoán xong vốn mua bất_động_sản tài_sản Tuấn cảm_nhận chứng_khoán kênh đầu_tư an_toàn con_số biến_động liên_tục phút giây bất_động_sản cảm_giác tài_sản hữu_hình chạm chiều ngược_lại bất_động_sản rủi_ro pháp_lý khoản ... chứng_khoán giai_đoạn chứng_khoán tăng_trưởng Phó_trưởng khoa Kinh_doanh quốc_tế Marketing Đại_học Kinh_tế TP HCM Huỳnh_Phước Nghĩa nhận_định dòng tiền phân_hoá hướng bắt đáy chứng_khoán tâm_lý_do_dự dịch_chuyển kênh bất_động_sản quy_tắc bình thông hơi Chuyên_gia phân_tích cơ_bản bình thông_nhau thị_trường_vốn chứng_khoán bất_động_sản ngân_hàng bình thông hơi truyền_thống ngân_hàng hiện lép_vế lãi_suất huy_động xảy gửi tiết_kiệm lãi_suất thỏa_thuận niêm_yết gửi dòng tiền ngân_hàng trái_phiếu công_cụ hút vốn lãi_suất gửi tiết_kiệm Chứng_khoán bình thông hơi hai linh_hoạt biến_động ưu_điểm chấp_nhận dòng vốn Chứng_khoán áp_lực thông_tin công_bố thị_trường đầu_tư tài_chính toàn_cầu trở_nên phẳng biến_động bình thông hơi diễn tốc_độ bất_động_sản thụ_động bình thông hơi kênh đầu_tư truyền_thống xét văn_hóa Việt vòng_nửa thập_niên giá bất_động_sản biểu_hiện lao dốc liên_tục mồi nhử hút vốn Nghĩa kết_luận hướng dịch_chuyển dòng tiền đợt thị_trường thăng_hoa rung lắc đi quan_sát chờ_đợi dòng tiền dịch_chuyển hướng thông_qua quan_sát kênh phổ_biến thị_trường_vốn bất_động_sản ngân_hàng chứng_khoán Kênh bùng_nổ có_nghĩa_là dòng vốn chảy thị_trường Nghĩa Kỳ_Duyên Phương_Đông"
"00051.txt","giai-tri","2","Tối địa_phương Tina Fey mở_đầu sự_kiện nóng_lòng phim thắng giải chạy Pháp tập đầu Emily in Paris Fey chơi_chữ chạy Pháp French_Exit phim đề_cử Cầu Vàng Amy Poehler thông_cảm_dù bực_tức phim Hiệp_hội báo_chí nước_ngoài Hollywood HFPA ban giám_khảo giải Cầu Vàng phim rác hình_ảnh đẹp lung_linh đề_cử diễn_viên phim gốc Phi_bị phớt_lờ Đầu danh_sách đề_cử công_bố khán_giả bất_bình Emily in Paris hai mục Phim_truyền_hình Nữ xuất_sắc dòng phim truyền_hình tác_phẩm kịch_bản May Destroy_You Bridgerton trắng_tay Los Angeles Times hãng Paramount_Television series Emily in Paris tài_trợ vé máy_bay thành_viên HFPA Pháp tham_quan phim_trường chiêu_đãi kỳ nghỉ hai đêm khách_sạn Peninsula giá phòng 1.400 USD đêm họp_báo trưa bảo_tàng nổi_tiếng Musée des Arts_Forains báo Emily in Paris đề_cử kịch_bản trung_bình Tina_Fey sinh Amy_Poehler sinh_năm đóng phim hài Mỹ Mean_Girls Baby_Mama ... Fey Poehler tung_hứng ăn_ý sân_khấu mời chương_trình lễ trao giải Mỹ mùa Cầu Vàng đôi danh_hài buồn_cười câu nhận_xét đậm châm_biếm sâu_cay Tina Fey theo_đuổi nghiệp diễn Amy Poehler sản_xuất phim Kết_quả giải Cầu Vàng 2021Phúc Nguyễn US Weekly"
"00016.txt","khoa-hoc","4","khoa_học đứng đầu Đại_học Sơn_Đông Trung_Quốc quan_sát bão khổng_lồ thông_qua vệ_tinh hôm phân_tích dữ_liệu vệ_tinh xây_dựng hình_ảnh 3D hiện_tượng tầng điện_ly Trái_Đất khí_quyển hành_tinh tiếp_giáp vũ_trụ nghiên_cứu phát_hiện khối plasma xoay tròn hoạt_động gió bão Trái_Đất bão nhiệt_đới bề_mặt Trái_Đất bão vũ_trụ trút mưa electron thay_vì trút bão vũ_trụ trải rộng 1.000 km Bắc_Cực xoay ngược chiều kim_đồng_hồ bão nhiệt_đới Bắc bán_cầu kéo_dài tan_rã trung_tâm bão tĩnh_lặng tương_tự phiên_bản Trái_Đất nhánh xoắn_ốc lưu_thông rộng Bão vũ_trụ ảnh_hưởng hiệu_ứng thời_tiết không_gian gia_tăng lực cản vệ_tinh nhiễu_loạn liên_lạc vô_tuyến tần_số lỗi radar đường chân_trời định_vị vệ_tinh hệ_thống liên_lạc nghiên_cứu công_bố hôm tạp_chí Nature_Communications vận_động bão vũ_trụ vai_trò thiết_yếu tương_tác gió hệ_thống Mặt_Trời Thời_tiết vũ_trụ trọng_tâm nghiên_cứu ra_đời công_nghệ vệ_tinh gió vũ_trụ quan_sát thập_kỷ Giới nghiên_cứu bão vũ_trụ xảy hành_tinh mặt_trăng từ_trường plasma Plasma trạng_thái vật_chất khí trở_nên nóng nguyên_tử tách thành electron ion chuyển_động độc_lập dễ_dàng ảnh_hưởng tác_động lực hút đẩy từ_trường Trái_Đất bão plasma vũ_trụ tồn_tại chứng_minh dữ_liệu quan_sát ấn_tượng Bão nhiệt_đới gắn liền năng_lượng khổng_lồ bão vũ_trụ hình_thành năng_lượng gió mặt_trời hạt tích điện di_chuyển tầng thượng_quyển Trái_Đất Mike_Lockwood giáo_sư vật_lý môi_trường vũ_trụ Đại_học Reading An_Khang Independent"
"00065.txt","suc-khoe","7","Tiến_sĩ bác_sĩ Nguyễn_Trọng_Hưng Trưởng khoa Khám Tư_vấn Dinh_dưỡng người_lớn Viện Dinh_dưỡng Quốc_gia say rượu dạng ngộ_độc rượu mức_độ bệnh_nhân làm_chủ hại xung_quanh thực_phẩm quen_thuộc tác_dụng giải rượu lọcTheo chuyên_gia nước_lọc đơn_giản Nước_lọc bù_đắp cơ_thể pha loãng cồn máu giúp đỡ say Lưu_ý uống nước_lọc lực nước_ngọt ga thức uống hàm_lượng carbon dioxide dạ_dày ruột_non nguy_cơ ngộ_độc cơ_thể gừngGừng gia_vị ấm vị cay ấm cơ_thể mùa đông vị thuốc quý giúp giải rượu hiệu_quả thái củ gừng tươi gram thành lát mỏng đem sắc uống Vị gừng nóng mạch_máu lưu_thông hóa giải chất cồn cơ_thể gừng nóng thìa mật_ong hấp_thụ giúp giải say rượu chanhChanh chứa hàm_lượng vitamin giúp say cơ_thể tỉnh_táo trở_lại say rượu kéo_theo khát uống chanh giúp giải khát hiệu_quả Chanh_cắt lát muối chanh bù điện giải cam mật ongNước cam pha mật_ong giải rượu cam mật_ong chứa chất đường fructose khả_năng tiêu_hóa rượu uống ly cam mật_ong uống rượu nằm ngủ tỉnh dậy cơ_thể tỉnh_táo thực_phẩm uống rượu_bia chống say Phô maiPhô mai chứa canxi gấp sữa protein vitamin giúp cơ_thể hấp_thụ canxi acid folic kẽm phốt_pho vitamin B2 B12 K2 Chất_béo phô_mai chất_béo tự_nhiên axit béo omega cơ_thể bao_bọc xung_quanh thành dạ_dày giúp cơ_quan tiêu_hóa hấp_thu chất cồn chậm Protein phô_mai chậm hấp_thu năng_lượng bữa Bánh_mì ngũ cốcBánh mì chứa carbon tác_dụng lọc cơ_thể giúp hấp_thụ chất cồn ngăn_ngừa hiệu_quả say rượu cơm ngũ_cốc nguyên hạt chứa carbon khả_năng hấp_thụ cồn rượu Bánh_mì ngũ_cốc nguyên hạt chứa vitamin B1 giúp hạn_chế triệu_chứng nôn_nao Chuyên_gia khuyến_cáo để_bụng đói uống rượu cơ_thể hấp_thụ rượu say trở_nên tệ thực_phẩm cay nóng capsaisin hoạt_chất ớt ớt vị cay kích_thích dạ_dày thành ruột kết_hợp rượu tác_dụng Chất cồn giãn cơ_vòng thực_quản acid trào ngược_lại thực_quản nóng trào ngược ... hạn_chế chất kích_thích cà_phê Bác_sĩ Hưng nhấn_mạnh uống rượu_bia an_toàn Nguy_cơ rượu_bia ảnh_hưởng sức_khỏe phụ_thuộc giới_tính đặc_tính sinh_học hoàn_cảnh cách_thức uống uống tuyệt_đối điều_khiển xe tham_gia hoạt_động ngoài_trời nguy_hiểm an_toàn ngã va_chạm chấn_thương ..."
"00087.txt","suc-khoe","7","Lương_y Bùi Đắc_Sáng Viện Hàn_lâm Khoa_học Công_nghệ Hội Đông_y Việt_Nam hẹ gọi cửu thái nén tàu hom xe lép Thái phắc kép Tày Hẹ khoa_học Allium odorum Hành Liliaceae Cây_trồng lá rau gia_vị Hoa Lá thân hạt thuốc hẹ chứa 1,9 protid 5,1 glucid calo Đông_y hẹ vị cay hơi chua ấm hạt tác_dụng thông khí phổi hạ_khí bụng hòa_tạng phủ đau bụng lạnh hẹ bổ thận dương ấm khỏe_lưng gối Hẹ luộc xào giấm muối đói chữa chứng hơi Hạt hẹ chữa di_mộng_tinh són tiểu ho lạnh nắm lá hẹ thái chưng đường_phèn chữa tiêu_chảy lạnh bụng nắm lá hẹ nửa nắm hành trắng nắm gạo nấu hai chén vỏ quýt hạt_tiêu gừng muối đói lá hẹ sắc uống trị suyễn nguy_cấp Giã hẹ vắt nước_cốt hòa Đồng_tiện nước_tiểu trẻ uống chữa phụ_nữ kỳ kinh hành_kinh khí nghịch bị_thương máu tiểu máu chảy máu_cam co_giật nôn xanh đẻ giã nhuyễn lá hẹ vắt nước_cốt hòa nước_cốt gừng uống giã nhuyễn hẹ vắt nước_cốt uống chữa bụng_dưới đau_nhói ngộ_độc thức_ăn Hẹ chữa bạch đới phụ_nữ viêm tiền liệt_tuyến nam_giới hẹ tác_dụng trị tinh yếu hư lao Bài_thuốc hạt hẹ phúc bồn tử xà_sàng tử thỏ tỵ tử phá cố tử kim_anh_tử thạch_liên_tử kỷ tử ngũ_vị tử dâm dương hoắc hoài_sơn thục_địa Sắc thang chia uống liên_tiếp nghỉ uống lặp_lại hai liệu_trình Thùy_An"
"00187.txt","giai-tri","2","báo_cáo vốn đặc_sản Táo_quân gợi bối_cảnh thông_qua câu_chuyện bốn Táo Giáo_dục Y_tế Kinh_tế Xã_hội khu cách_ly Nam_Tào Xuân_Bắc Bắc_Đẩu Công_Lý cầm_trịch chương_trình đầu Táo tự_biên diễn đối_thoại Vân Dung_gắn vai Táo Y_tế thường_xuyên tiêu_điểm chỉ_trích nhân_vật tôn_vinh tri ân bác_sĩ tuyến đầu lồng_ghép khéo_léo Không_khí thời dịch xây_dựng chi_tiết quy_định cách_ly phong_trào đeo khẩu_trang rửa sát_khuẩn cài_đặt ứng_dụng bluezone ... Táo Kinh_tế Quang_Thắng nở mày nở mặt nỗ_lực kiềm_chế lạm_phát bình_ổn giá vàng kinh_tế đi Táo Giáo_dục Chí_Trung khoe thành_tích dạy_học online hoàn_thành kỳ thi thời_hạn Lâm_Vỹ_Dạ không_khí mới_mẻ đóng phiên_bản Bắc_Đẩu hình_thành công_nghệ_trí_tuệ nhân_tạo hiện_đại tung_hứng hài_hước Táo Xã_hội Tự_Long Táo Y_tế Vân Dung đầu tham_gia Vỹ_Dạ chệch nhịp dàn diễn_viên quen_mặt lối diễn cường_điệu tương_đồng đả_kích chương_trình nhẹ Vắng cặp Nam_Tào Bắc_Đẩu phân cảnh Táo chất_vấn sai_phạm ngành Táo không_thể_hiện cạnh_tranh ngành bày_tỏ tinh_thần đoàn_kết chống dịch xỉa_xói soi_mói cười vấn_nạn quan_chức nịnh_bợ ăn_tiền hối_lộ sách giáo_khoa lớp phản_ứng giả tràn_lan mạng ... đề_cập nhẹ_nhàng âm_nhạc nhấn chương_trình nghệ_sĩ vận_dụng chất_liệu truyền_thống chèo cải_lương bắt kịp trào_lưu nhạc rap hát nhạc chế Phong_trào sáng_tác ca_khúc thời Covid nghệ_sĩ Việt gợi Ghen Vy ca_khúc đình_đám tái_hiện sân_khấu Táo_quân dừng sản_xuất Táo_quân trở_lại thu_hút chú_ý khán_giả ghi_hình tối Hà_Nội khán phòng Cung_Văn_hóa Hữu_nghị Việt_Xô chật kín Tái_hiện bối_cảnh thời dịch chương_trình chủ_ý xây_dựng màn biểu_diễn hoành_tráng Táo thay trang_phục mặc quần_áo đầu chương_trình Nhà_thiết_kế Đức_Hùng phụ_trách trang_phục gam màu rực_rỡ phom dáng phóng_khoáng thể_hiện tinh_thần lạc_quan vui_vẻ dịch Táo_quân ghi_hình hai Cung_Văn_hóa Hữu_nghị Việt_Xô cắt dựng sóng truyền_hình tối Tết Táo_quân chương_trình hài_kịch truyền_hình phát_sóng Tất_niên Âm_lịch hàng sản_xuất đầu Tiết_mục mượn điển_tích Táo trời báo_cáo Ngọc_Hoàng suốt Thông_qua chương_trình phản_ánh đả_kích kinh_tế văn_hóa giáo_dục ... nổi_cộm Năm_ngoái êkíp dừng sản_xuất nghệ_sĩ khán_giả tiếc_nuối VFC chương_trình Táo_quân vi hành phát_sóng Chạp âm_lịch kịch_bản khác_biệt Táo_quân Hà_Thu"
"00061.txt","doi-song","0","quy_định phòng cháy chữa_cháy căn_hộ chung_cư lắp hoa sắt lồng sắt ban_công logia cửa_sổ công_tác cứu_hộ sự_cố xảy đảm_bảo_an_toàn trở_lại giải_pháp gia_đình lắp lưới an_toàn Thực_chất lưới an_toàn hệ khung căng dây_cáp song_song 15cm chui lọt đầu cấu_tạo hệ khung hai nhôm cứng định_vị nhôm lỗ đục sẵn định cáp luồn liên_hoàn lỗ thành mặt lưới Sợi_cáp lõi inox bọc nhựa HDPE PE chống ăn_mòn bền khả_năng lực lưới an_toàn ban_công logia cửa_sổ ngăn thú cưng ngã leo_trèo cạnh tác_dụng cản quần_áo phơi vật chậu cây_cảnh lồng chim bay rơi trường_hợp cứu_hộ cứu nạn hệ lưới dễ_dàng vô_hiệu_hóa dụng_cụ đơn_giản kìm cắt xuống_cấp sắt Nhược_điểm lưới an_toàn cản_trở_tầm chụp cảnh chủ điện_thoại lưới thận_trọng đánh_rơi máy khung thép lưới an_toàn hiệu_quả chống trộm căn_hộ tầng xảy thị_trường cơ_sở cung_cấp dịch_vụ lắp_đặt lưới giá trung_bình 150.000 250.000 đồng m2 tùy khối_lượng thi_công độ dày lưới chủng_loại cáp hai phổ_biến cáp 2,5 mm cáp mm giá_thành lắp lưới an_toàn đắt lưới an_toàn đem lợi_ích gia chủ Công_đoạn thi_công bảo_trì đơn_giản gọn Lưu_ý gia chủ kiểm_tra định_kỳ chất_lượng lưới an_toàn Thông_thường công_trình xây_dựng bảo_dưỡng kỹ_tính bảo_dưỡng thường_xuyên Hà_Thành"
"00056.txt","giao-duc","3","ByeLời tạm_biệt ngắn_gọn đơn_giản bạn_bè gia_đình đồng_nghiệp đối_tác kinh_doanh cụm câu danh_sách bye kết_thúc Bye bye nói_ngọt_ngào hơi trẻ_con trẻ_con Đôi_khi người_lớn bye bye cố tỏ tán_tỉnh dễ_thương tạm_biệt đối_tác kinh_doanh See you later See you soon Talk to you laterNhững câu có_nghĩa_là Hẹn Hẹn Nói_chuyện tạm_biệt đồng_nghiệp bạn_bè Thông_thường diễn_đạt bye bye hơi ngắn phát_âm you thành ya câu trôi_chảy ve_got to get going must be goingĐây diễn_đạt sẵn_sàng rời tụ_họp xã_hội thô_lỗ đột_nhiên bye đi trò_chuyện ve_got to get going must be going đi sẵn_sàng tạm_biệt Tùy_thuộc tình_huống giải_thích ngắn_gọn rời đi Take it easyCụm bình_thường have nice day chúc tốt_lành Take it easy cơ_bản khuyến_khích làm_việc quá_sức chút thư giãn Take it easy đôi_khi tức_giận cáu_kỉnh trường_hợp nghĩa_là bình_tĩnh offĐây thân_mật sẵn_sàng tạm_biệt dịu cụm off đi cụm Right then off Anyway off tùy hoàn_cảnh giải_thích ngắn_gọn rời đi Have nice day Have good _____Đây lịch_sự dễ_chịu chào tạm_biệt Have nice day chúc tốt_lành Have good ___ danh good tùy tình_huống Chẳng_hạn Have good vacation chúc kỳ nghỉ vui_vẻ tạm_biệt đi nghỉ look forward to our next meetingCâu có_nghĩa_là mong_chờ diễn_đạt trang_trọng làm_ăn hợp_tác đối_phương tạm_biệt liên_lạc Until______Cách diễn_đạt phổ_biến một_chút Ví_dụ định tuần Until next week Take care Take care cẩn_thận thể_hiện ấm_áp vẻ chân_thật đón_nhận diễn_đạt hàng Take care chào tạm_biệt có_nghĩa_là tuần It was nice to see you again It was nice seeing youKhi chào It nice to see you vui chào tạm_biệt It was nice to see you again mong diễn_đạt tạm_biệt đầu đối_phương It was nice meeting you GoodnightCách chào tạm_biệt tối muộn đêm Good_morning Good afternoon Good evening chào_hỏi Good night chào tạm_biệt Dương_Tâm FluentU"
"00154.txt","kinh-doanh","5","Hai doanh_nghiệp Nam tác_động doanh_nghiệp Bắc ảnh_hưởng nặng_nề đợt dịch Báo_cáo Thủ_tướng Văn_phòng Ban Nghiên_cứu phát_triển kinh_tế tư_nhân Ban IV doanh_nghiệp thu_hút lao_động đợt nghỉ Tết cộng diễn_biến_dịch lao_động tâm_lý e_ngại di_chuyển làm_việc dịch Tiếp chuỗi cung_ứng chuỗi sản_xuất khu công_nghiệp hàng_hóa tắc_nghẽn vận_chuyển địa_phương dịch Hải_Dương lái_xe Hải_Dương tỉnh lái_xe tỉnh ngại tham_gia tuyến sợ bệnh_dịch tập_đoàn thuê lái_xe Hải_Dương chốt kiểm_tra lái_xe CMND nguyên_quán Hải_Dương chốt ... doanh_nghiệp chính_sách hạn_chế đi_lại biện_pháp cách_ly tỉnh lân_cận Hải_Phòng thu_mua vận_chuyển nông_sản Hải_Dương Cảng Hải Phòng_bị ách_tắc công_ty xuất_khẩu nông_sản Hải_Dương hủy lịch tàu hợp_đồng thông_tin Hiệp_hội vận_tải Hải_Dương đơn hàng xuất_khẩu nông_sản tương_đương container feet huỷ lịch tàu huỷ hợp_đồng dịch dừng lưu_thông thiệt_hại tỷ đồng tắc_nghẽn kéo_dài đầu tổng_thiệt_hại ước_tính tỷ đồng lĩnh_vực vận_tải ảnh_hưởng đội vận_tải hành_khách thông_tin hoạt_động phương_tiện hiện Covid bùng_phát đợt đầu đi_lại tàu xe cận Tết nhu_cầu đi_lại Tổng_công_ty Đường_sắt Việt_Nam đầu 33.000 vé tàu trị_giá tỷ đồng chặng Nam Bắc Tết trở Tết Doanh_nghiệp kinh_doanh xe_khách tuyến miền Trung Bắc tương_tự doanh_nghiệp vận_tải chạy tuyến Đà_Nẵng Thanh_Hoá mua vé Tết_giảm năm_ngoái doanh_nghiệp Hiệp_hội Vận_tải Hiệp_hội Logistics phản_ánh đi vòng dịch phát_sinh chi_phí phí chênh lệnh 1,5 triệu đồng tùy tuyến đường dịch bùng_phát địa_phương giãn xã_hội hạn_chế đi_lại đóng cửa_hàng_quán suy_giảm cầu hàng_hóa nông_sản sản_phẩm cà_phê chè thủy_sản ... doanh_nghiệp xuất_khẩu container rỗng ngành giải_quyết doanh_nghiệp mong_muốn thông_tin cơ_quan nhà_nước minh_bạch Đồng_thời_cơ_quan quản_lý nắm container vô_chủ tồn_đọng đẩy_mạnh giải_phóng container thống_kê cầu số_lượng container hãng lợi_dụng tăng_giá hiệp_hội_kiến_nghị biện_pháp Hải_Phòng Hải_Dương vùng_đệm khu_vực trung_chuyển hàng lái_xe biện_pháp phòng_chống dịch lái_xe xe hàng_hoá đổi lái_xe điều_khiển phương_tiện địa_bàn địa_phương đổi lái_xe phép doanh_nghiệp thỏa_thuận bố_trí đội lái_xe chuyên_nghiệp phục_vụ tương_tự tổ_chức cửa_khẩu Hữu_Nghị Lạng_Sơn xe phục_vụ hàng xuất nhập_khẩu cảng Hải_Phòng địa_phương nghiên_cứu xây_dựng hành_lang lưu_thông gián_đoạn chuỗi cung_ứng hàng_hóa giải_pháp áp_dụng đăng_ký danh_sách lái_xe biện_pháp phòng_chống dịch điều_khiển phương_tiện cơ_quan chuyên_môn giám_sát hoạt_động phương_tiện thiết_bị giám_sát hành_trình xét_nghiệm Covid lái_xe doanh_nghiệp kiến_nghị cư_trú địa_phương cơ_quan y_tế địa_phương mẫu kết_quả xét_nghiệm bắt_buộc đăng_ký hộ_khẩu thường_trú cạnh Chính_phủ xem_xét phí cầu_đường dịch_bệnh bùng_phát cao_tốc hãng vận_tải đổi hành_trình lộ_trình cũ cách_ly dịch Doanh_nghiệp đề_xuất thiết_lập kênh thông_tin cập_nhật văn_bản chỉ_đạo điều_hành trung_ương địa_phương nắm_bắt kịp_thời đồng_bộ giúp doanh_nghiệp chủ_động phương_án nhân_lực kế_hoạch lưu_thông hàng_hóa tính_toán chi_phí lưu_thông hợp_lý Đức_Minh"
"00092.txt","doi-song","0","mơ_ước vợ_chồng Peter mua căn_hộ chung_cư m2 giáo_viên Canada căn_hộ cảm_giác chung_cư hai vợ_chồng đi trở bài_toán lạ gia chủ thiết_kế đề_xuất ý_tưởng tái_hiện mái ngói kiểu cũ mái ngói âm_dương căn_hộ khu_vực sinh_hoạt lớp trần thạch_cao dỡ thay hệ kèo gỗ ốp ngói Kết_hợp tiện gỗ vách ngăn phòng làm_việc mành tre cửa ban_công căn_hộ lột_xác trở_về hình_ảnh làng quê Bắc xưa nền_tảng xưa cũ kiến_trúc_sư vật_liệu hiện_đại gạch lát sàn hình lục_giác mảng màu sặc_sỡ tủ bếp kệ trang_trí tường phòng ngủ ... độ gia chủ chủ căn_hộ ưu_tiên vật_liệu thô_mộc truyền_thống gỗ mây gốm đá_mài Đồ trang_trí vợ quê Lái Thiêu_tự lựa_chọn sắm Sống căn_hộ mái ngói gia chủ coi đi nghỉ_dưỡng Bấm hình_ảnh công trìnhMinh TrangẢnh Thiết VũThiết kế KHUÔN_Studio"
"00113.txt","the-thao","8","Ronaldo đứng hai thập_kỷ IFFHS. Xếp Andres_Iniesta tiền_vệ đầu_quân CLB Nhật_Bản Vissel_Kobe Neymar cựu cầu_thủ Barca xếp thứ_tư Sergio_Ramos Ronaldo giành bốn chức vô_địch Champions_League màu áo Real Madrid đứng hậu_vệ duy_nhất top đôi trụ_cột góp công giúp Bayern đoạt cú mùa thủ_môn Manuel_Neuer trung_phong Robert_Lewandowski xướng sáu thứ_bảy Gianluigi Buffon thủ_môn hai danh_sách tám Zlatan_Ibrahimovic đứng chín Chốt top Luka_Modric phá vỡ thống_trị Messi Ronaldo giải_thưởng Bóng_Vàng Messi Ronaldo thống_trị danh_sách IFFHS Messi Barca giành hai Champions_League vô_địch La_Liga đoạt Cup Nhà_Vua Messi danh_hiệu tuyển Argentina Ronaldo hề kém_cạnh bốn Cup Champions_League Real Madrid vô_địch Euro Nations_League Bồ_Đào_Nha Juventus đội bóng thành Turin thống_trị Italy hướng danh_hiệu vô_địch châu Âu Messi lẫn Ronaldo đầu_tàu CLB Barca phụ_thuộc Messi Ronaldo chân sút Juventus Serie A. Kim_Hoà"
"00085.txt","khoa-hoc","4","Video WEF"
"00040.txt","doi-song","0","quyết_định gái nhân_viên ngành giáo_dục bàn_bạc bố_mẹ Trạch thuê phòng cũ diện_tích 47m2 công_ty giá 6.000 tệ triệu đồng Cân_nhắc tiền thuê giá Bắc_Kinh bố_mẹ đề_nghị giúp con_gái mua thành_phố Diện_tích căn_hộ độc_thân điển_hình Tiền_lương hàng Trạch 10.000 tệ triệu đồng Tiền lãi ngân_hàng 1.000 tệ tiền thuê nhanh_chóng hạ quyết_tâm mua căn_hộ Trạch an_toàn Mục_tiêu phấn_đấu nợ hăng_say công_việc thời_đại vật_chất chứng_kiến hôn_nhân bạn_bè thất_bại tình_yêu mua kết_hôn lối đi hôn_nhân hạnh_phúc chốn dung_thân Trạch Oanh phụ_nữ độc_thân Trung_Quốc xu_hướng mua thành_phố Báo_cáo phụ_nữ tỷ_lệ mua phụ_nữ độc_thân hàng Xu_hướng số_liệu xác_nhận phụ_nữ mua Bắc_Kinh chiếm nửa lập gia_đình Hoa_Luận sống thành_phố Quảng_Châu tỉnh Quảng_Đông mua căn_hộ thân hai ý_định kết_hôn sinh lập gia_đình phụ_nữ tiền nam_giới làm_việc vất_vả kiếm tiền gánh_chịu nỗi đau thể_xác sinh chi_phí nuôi giáo_dục con_cái Hoa phụ_nữ đi phần_thưởng xứng_đáng cuộc_sống chẳng ý_nghĩa gái chồng sinh kế_hoạch tài_sản Hoa nêu mua phụ_nữ độc_thân đổ_xô mua Tô_Ngọc Hoa Luân lớp đại_học làm_việc Thâm_Quyến mười hội chị_em thân_thiết thành_viên nửa kết_hôn nửa độc_thân Ngoại_trừ Tô mua trút tiền ki_cóp nhà_cửa Tô đầu_tư kiếm tiền hôn_nhân giá Thâm_Quyến mua cảm_giác gái thực_dụng mô_tả bầu không_khí thành_phố Thâm_Quyến làm_việc chăm_chỉ kiếm tiền Câu_chuyện hàng thành_phố xoay quanh hai chữ kiếm tiền bạn_bè ồ_ạt mua nhà_riêng Tô cha_mẹ thuyết_phục mua kết_hôn sinh Tô tiền tiết_kiệm mục_đích du_học hơi nổi_loạn cuộc_sống nháy_mắt khám_phá gái sống thuê khả_năng chi_trả đồng_lương nhân_viên văn_phòng Tô mua nâng cao_trình_độ học_vấn kỹ_năng nghề_nghiệp cấp_thiết mệt_mỏi khác_biệt lãnh_đạo kỹ_năng công_việc làm_việc tàn_nhẫn phụ_nữ trở_nên mạnh_mẽ thị_trường loại_bỏ lựa_chọn làm_việc gái quyết_định nghỉ_việc tốt_nghiệp đại_học mười Tô trở_lại đường học_vấn phép quyền lựa_chọn tương_lai già khẳng khái Vy Trang sohu"
"00075.txt","doi-song","0","Sắp_xếp đồ nội thấtThay đổi sắp_xếp đồ_đạc lập_tức đem cảm_giác mới_lạ áp_dụng không_gian rộng phòng phòng sinh_hoạt Ví_dụ phòng diện_tích tường tương_đương thử đảo hướng sofa Lưu_ý chỗ nội_thất gia chủ căn_cứ yếu_tố giao_thông chiếu trường_hợp cấu_trúc mặt_bằng đảo ghế rời đôn giá kệ trang_trí chậu cây_xanh chủng_loại màu_sắc vật che phủRèm thảm vỏ bọc sofa mẫu thay vỏ bọc vỏ gối khăn trải bàn ... tốn_kém sắm hai vỏ sofa màu_sắc mùa nóng mùa lạnh tương_tự rèm Ví_dụ vỏ sofa màu đỏ cam mùa đông cảm_giác ấm_áp màu nâu ghi kem mùa hè cảm_giác mát_mẻ nhẹ_nhàng khăn trải bàn vải khăn nhăn vệ_sinh giặt tẩy Màu trắng lựa_chọn phổ_biến cảm_giác sang_trọng sạch_sẽ gia chủ khăn màu khăn hoa_văn lưu_ý kích_thước khăn rộng phủ mép bàn chừng cm dịp Tết khăn màu nóng màu đỏ cam cảm_giác ấm_cúng nhấn đồ trang tríThay đảo tranh_ảnh treo tường sắp_xếp bổ_sung đồ trang_trí đơn_giản tổ_ấm cạnh gia chủ điều_chỉnh hệ_thống chiếu thay kiểu đèn tường sắm đèn đèn bàn đèn góc trống cạnh băng ghế_dài sofa đèn kệ cạnh sofa đèn bàn dịp sự_kiện gia_đình lễ Noel Tết vật trang_trí dây hoa đèn màu kết_hợp chủ_thể thông cành đào trống_không ảnh_hưởng lối đi tầm Đồ trang_trí vừa_phải gây_rối mắt lấn_át chủ_thể hoaSắp lọ hoa bình hoa cây_xanh dễ_dàng hiệu_quả tích_cực thẩm_mỹ dịp Tết bày hoa đào mai quất trạng nguyên lan thủy_tiên hồng môn tài_lộc hoa đẹp mùa Tết tốt_lành may_mắn quan_niệm dân_gian Lưu_ý cây_xanh trồng chậu sống hoán_đổi khu_vực sân vườn lan trúc Nhật thiết_mộc_lan ... sân vườn gia chủ thử chậu trồng bổ_sung sống ngoài_trời sân vườn chăm_sóc lộc vừng trúc cần_câu cau cảnh lưỡi hổ thiết_mộc_lan cây_leo vàng_anh sử quân_tử trồng hoa đẹp dịp Tết trưng đào mai quất trạng nguyên đồng_tiền thược_dược trồng chậu bớt đồ đạcNhà đồ đẹp mạnh_dạn loại_bỏ vai_trò đẹp tỷ_lệ to giá kệ vai_trò công_năng thẩm_mỹ hạn_chế ghế_ngồi thừa báo tạp_chí cũ không_gian thoáng_đãng trường_hợp cần_thiết kinh_tế gia chủ chỉnh_sửa mặt xây_dựng trần hệ_thống chiếu sơn tường thay_thế đồ_đạc sofa phòng bàn ăn_ở phòng Hà_Thành"
"00179.txt","kinh-doanh","5","VnExpress ghi_nhận ý_kiến bạn_đọc gia_đình mua bảo_hiểm_nhân_thọ lựa_chọn bảo_hiểm phân_biệt khác_biệt bảo_hiểm_nhân_thọ bảo_hiểm sức_khỏe gọi bảo_hiểm chi_phí y_tế bảo_hiểm_phi_nhân_thọ bảo_hiểm nhu_cầu khả_năng tài_chính nắm mục_đích đặc_điểm so_sánh sơ_bộ bảo_hiểm_nhân_thọ bảo_hiểm chi_phí y_tế bảo_hiểm_phi_nhân_thọ phổ_biến khác_biệt bảo_hiểm_nhân_thọ bảo_hiểm sức_khỏe bảo_hiểm_phi_nhân_thọ bảo_hiểm_nhân_thọ tích_lũy Tham_gia_bảo_hiểm_nhân_thọ kế_hoạch tài_chính hơi giúp tài_chính người_thân bảo_hiểm trụ_cột lao_động biến_cố tử_vong thương_tật xảy tham_gia_bảo_hiểm_nhân_thọ phí bảo_hiểm đóng gói bảo_hiểm_nhân_thọ kế_hoạch tài_chính rõ_ràng khả_năng đóng phí bảo_hiểm mục_đích bảo_hiểm sức_khỏe bớt gánh chi_phí tham_gia đau_ốm bệnh_tật ... phát_sinh chi_phí khám chữa bệnh doanh_nghiệp chi_trả toàn_bộ tùy hợp_đồng dựa hồ_sơ bệnh_án Chi_phí bảo_hiểm bảo_hiểm_nhân_thọ Tùy_thuộc mục_đích khả_năng tài_chính sản_phẩm bảo_hiểm Quỳnh_Trang"
"00019.txt","du-lich","1","hạn_chế đi_lại Trung_Quốc du_lịch nội_địa thay_vì bay quốc_tế ảnh_hưởng quốc_gia phụ_thuộc du_lịch đón khổng_lồ Trung_Quốc Thái_Lan Skift trụ_sở New_York Mỹ thị_trường lấp trống du_khách Trung_Quốc Ấn_Độ Du_khách quốc_gia kỳ_vọng khổng_lồ châu hy_vọng Trung_Quốc đi du_lịch nước_ngoài Ấn_Độ triệu chuyến du_lịch quốc_tế đổ_xô Maldives Dubai hai mở_cửa đón kiểm_dịch Ấn_Độ đánh_bật Trung_Quốc trở_thành_thị_trường Maldives Edition web trụ_sở_tại Maldives Ấn_Độ thành_tựu thỏa_thuận miễn thị_thực song_phương hai chính_phủ cạnh ngôi_sao Bollywood vai_trò quảng_bá Maldives hàng triệu hâm_mộ hiệu_ứng thu_hút đảo_quốc giúp Ấn_Độ tiếm Trung_Quốc Cao_ủy Ấn_Độ Male sức chi_tiêu tầng_lớp trung_lưu Ấn_Độ thể so_sánh Trung_Quốc đại_dịch du_lịch toàn_cầu đi_lại tự_do triệu lượt Trung_Quốc chuyến du_lịch con_số Ấn_Độ triệu Anh_Minh SCMP giàu Ấn_Độ đua du_lịch mua vaccine Covid"
"00082.txt","the-thao","8","Video Chess com nêu chiến_thuật chiến_lược cơ_bản cờ học đi Chiến_thuật chiếm cờ_vua chiến_lược bàn_đạp phát_hiện đòn phối_hợp Phổ_biến đòn bắt đôi tức_là di_chuyển quân tấn_công hai quân đối_thủ đòn hiệu_quả đối_phương bắt quân ta đòn ghim lợi_hại đòn ta tấn_công quân đối_thủ di_chuyển quân Ngược_lại đòn xiên ta tấn_công quân buộc đối_thủ di_chuyển ta bắt quân đòn chiếu đôi hai quân ta chiếu vua đối_phương đối_phương chạy chiếu che_chắn hai đường chiếu tiêu_diệt hai quân chiếu Xuân_Bình"
"00080.txt","giao-duc","3","TP HCM hiện di_tích xếp_hạng hai di_tích quốc_gia dinh Độc_Lập địa_đạo Củ_Chi di_tích quốc_gia di_tích thành_phố Câu trường gọi Trường Áo tím THPT Trưng_Vương THPT Marie_Curie THPT Nguyễn_Thị Minh_Khai"
"00025.txt","the-thao","8","Man_Utd sắp_xếp nói_chuyện đại_diện Jim_Solbakken Haaland 9h Oslo Na_Uy thống_nhất điều_khoản hợp_đồng trị_giá triệu bảng nhầm London cuộc_gọi 9h tương_đương 10h Oslo RB Salzburg thỏa_thuận xong Molde đội chủ_quản Haaland Solbakken chiêu mộ tiền_đạo phí triệu USD tương_đương 7,2 triệu bảng tuyển trạch viên Bryan_King tiết_lộ King cựu_thủ_môn Millwall tuyển trạch viên phụ_trách khu_vực bán_đảo Scandinavia Everton Man_Utd liên_hệ Haaland đơn_giản sai_lầm giao_tiếp hai tình_huống kỳ_quặc Man Utd chẳng_thể đổ lỗi King tờ Mirror Định_giá Haaland chóng_mặt hai tỷ_lệ_thuận đà tiến_bộ thể_hiện màu áo RB Salzburg Dortmund Man Utd tốn triệu USD tuyển_mộ Haaland phí chuyển_nhượng hứa_hẹn rào_cản Man_Utd CLB theo_đuổi ngôi_sao Na_Uy tài_chính thời Covid Lợi_thế duy_nhất Man Utd sở_hữu quan_hệ thân_tình HLV Ole Gunnar_Solskjaer học_trò cũ hai làm_việc Molde Solskjaer tiết_lộ liên_lạc Haaland giấu tham_vọng tái_hợp học_trò Old_Trafford Duy_Anh Mirror"
"00044.txt","the-thao","8","Djokovic Medvedev 15h45 hôm_nay VnExpress tay_vợt ATP đánh_bại Novak Djokovic nhận_định Daniil Medvedev hai tài Rod Laver Arena hôm Djokovic thế_giới sở_hữu tám danh_hiệu Australia Mở_rộng thua chung_kết giải_đấu nhận_xét ngôi_sao Medvedev sai Tay_vợt Nga chuỗi trận thắng chung_kết Australia Mở_rộng chiến_thắng Djokovic ATP Finals Djokovic tay_vợt top ATP gác vợt Medvedev chuỗi trận khép mùa phong_độ đỉnh_cao Djokovic chiến_thắng dễ_dàng tay_vợt hàng_đầu London cải_thiện lối Medvedev kết_thúc mùa cúp ATP Finals danh_hiệu chuyên_nghiệp Hôm_nay tay_vợt giành Grand Slam vô_địch vĩ_đại Australia Mở_rộng Medvedev thắng Djokovic bốn Hai diễn mặt sân cứng ưa_thích Nole Kỹ_năng toàn_diện Medvedev khó_chịu Djokovic tay_vợt Serbia kiên_nhẫn loạt bóng bền Medvedev tỏ kiên_nhẫn Djokovic tràn lưới Medvedev sẵn_sàng cú passing hiểm_hóc lâm tình_thế Medvedev có_thể_hóa giải cú giao_bóng Tốc_độ dẻo_dai Medvedev kém Djokovic xảy trận thắng Medvedev Djokovic bán_kết ATP Finals năm_ngoái Daniil giao_bóng di_chuyển tuyệt_vời tay_vợt Djokovic nhận_định đàn_em cải_thiện thuận cú trái Daniil lối tấn_công Djokovic chút rắc_rối vết đau hông dường_như hồi_phục tốn set trận bán_kết Thể_lực Medvedev trận thắng dễ_dàng dự_kiến Stefanos_Tsitsipas hai ngày_trước Tâm_lý đóng vai_trò trận chung_kết Medvedev ATP hôm Novak áp_lực danh_hiệu Grand Slam cúp đám đông ủng_hộ chi_tiết Thú_thật hạ Djokovic chung_kết Australia Mở_rộng Medvedev phong_độ duy_trì tỉnh_táo Năm_ngoái Dominic_Thiem Nole thua ngược Rafael Nadal chung_kết phong_độ hủy_diệt thua trắng Djokovic Chuỗi trận thắng Medvedev ấn_tượng chuỗi tám trận chung_kết toàn_thắng Djokovic kỳ_tích Nhân_Đạt"
"00160.txt","kinh-doanh","5","Phạm_Thanh_Hải Giám_đốc Sở Công_Thương Hải_Dương phương_tiện đi tỉnh thu_mua nông_sản cung_cấp vật_tư nguyên_liệu đầu_vào ... địa_bàn tỉnh địa_phương thông_tin truyền_thông lưu_thông hàng_hoá chốt trạm kiểm_soát dịch_bệnh Covid cửa_ngõ địa_bàn tỉnh thành_phố lân_cận hạn_chế xe hàng_hoá_ra Hải_Dương xe hàng nằm chờ buộc đầu Hải nông_sản hiện mặt_hàng hôm Hải nhắn doanh_nghiệp sản_xuất đồ_chơi nhựa Gia_Lộc giúp_đỡ Xe_hàng vướng chốt Thái_Bình mấy liền không_trung_chuyển Bọn thuê xe Thái_Bình vận_chuyển_tiếp Xe chân cầu hàng phép giãi_bày nhắn kết_luận làm_khó nhắn Hải hiếm Hiện_Sở Công_Thương đi gỡ xe hàng doanh_nghiệp địa_bàn Hậu_quả tắc_nghẽn giao_thương Sở Công_Thương Hải_Dương nông_sản hư_hỏng vứt vật_nuôi con_giống hạn xuất chuồng không_vận_chuyển thức_ăn duy_trì nuôi sống đàn nguyên_liệu vật_tư phục_vụ sản_xuất công_nhân hàng xuất_khẩu hạn giao cảng ... thiệt_hại tác_động lâu_dài sản_xuất kinh_doanh đời_sống dân_sinh Sở địa_phương lái_xe giao hàng xét_nghiệm Covid xét nhiệm PCR âm_tính vòng năng_lực xét_nghiệm PCR Hải_Dương hạn_chế ưu_tiên xét_nghiệm F1 F2 thông_thường kết_quả giấy xác_nhận hiệu_lực đi chốt Sở công_thương Hải_Dương đề_nghị Công_Thương ý_kiến Y_tế Giao_thông vận_tải báo_cáo Chính_phủ chỉ_đạo địa_phương xem_xét thống_nhất áp_dụng biện_pháp phòng_dịch phương_tiện hàng_hoá giúp phương_tiện vận_chuyển thuận_lợi lưu_thông_qua địa_bàn tỉnh dịch Tạm_thời Hải_Dương đề_xuất áp_dụng biện_pháp mặc quần_áo bảo_hộ y_tế sát_khuẩn xe ... giúp xe hàng lưu_thông ngắn_hạn ngày_trước doanh_nghiệp kịp họp chiều Ban chỉ_đạo quốc_gia phòng_chống Covid nhấn_mạnh quan_điểm coi toàn tỉnh Hải_Dương dịch Ban chỉ_đạo đề_nghị Y_tế công_bố Cổng thông_tin điện_tử dịch kiểm_soát khai_báo giám_sát y_tế Lãnh_đạo Y_tế nhấn_mạnh Hải_Dương cách_ly xã_hội ngăn_chặn dịch có_nghĩa tỉnh lân_cận ngăn sông cấm chợ văn_bản gửi địa_phương báo_cáo Thủ_tướng Hiện Hải_Dương dịch Chí_Linh Cẩm_Giàng Kinh_Môn Nam_Sách TP Hải_Dương Phương_Ánh"
"00036.txt","suc-khoe","7","bác_sĩ chuyên_khoa Nguyễn_Thành Dũng phó_giám_đốc Bệnh_viện Bệnh Nhiệt_đới TP HCM lạ đâm kim tiêm dẫm vật sắc nhọn dính máu đâm khả_năng nhiễm HIV phơi nhiễm xử_trí ban_đầu cần_thiết điều_trị dự_phòng phơi nhiễm bỏ_qua Thông_thường trường_hợp nạn_nhân tâm_lý sợ_hãi cố_gắng nặn máu bác_sĩ Dũng xử_trí sai Nắn bóp vết đâm vô_tình tổn_thương viêm khả_năng virus xâm_nhập cơ_thể bác_sĩ khuyên bất_kỳ_tình_huống tấn_công kim tiêm dính máu HIV bình_tĩnh xử_trí Dù_kim tiêm chứa HIV virus xâm_nhập cơ_thể điều_trị dự_phòng phơi nhiễm giúp nguy_cơ lây_nhiễm trường_hợp đâm kim_tiêm dính máu HIV lây_nhiễm_bệnh bác_sĩ Dũng nhấn_mạnh xử_trí vết_thương nhanh_chóng dị_vật tổn_thương chảy máu cơ_thể Rửa vết_thương vòi_nước cầm máu bịt chặt vết_thương vết_thương chảy ngắn nặn bóp vết_thương rửa kỹ vết_thương xà_phòng nước_sạch cơ_sở y_tế phơi nhiễm nguy_cơ lây_nhiễm HIV. Bác_sĩ Dũng da tổn_thương nông chảy_máu chảy máu máu chất dịch cơ_thể HIV bắn niêm_mạc tổn_thương viêm loét nguy_cơ lây_nhiễm trường_hợp da nạn_nhân tổn_thương sâu rộng chảy máu máu chất dịch cơ_thể HIV bắn da niêm_mạc tổn_thương viêm loét rộng sẵn nguy_cơ lây_nhiễm Nhân_viên y_tế xét_nghiệm máu kiểm_tra nạn nhiễm HIV điều_trị kết_quả xét_nghiệm kết_quả xét_nghiệm HIV dương_tính tức nạn nhiễm HIV dừng điều_trị phơi nhiễm Xét_nghiệm HIV phơi nhiễm yếu_tố nguy_cơ kết_quả xét_nghiệm âm_tính yên_tâm lây_nhiễm HIV tình_huống nạn Bác_sĩ Dũng điều_trị dự_phòng phơi nhiễm HIV hiệu_quả bảo_vệ đầu duy_trì phơi nhiễm Hiệu_quả dần viện điều_trị đâm phơi nhiễm nhanh_chóng cơ_sở y_tế điều_trị trễ phép điều_trị dự_phòng phơi nhiễm kéo_dài liên_tục Thuốc điều_trị thuốc uống phối_hợp thuốc kháng siêu_vi hướng_dẫn Y_tế lưu_ý thuốc điều_trị dự_phòng HIV phơi nhiễm tuân_thủ nghiêm_ngặt phác_đồ điều_trị tuyệt_đối ngưng thuốc ý_kiến bác_sĩ Thuốc kháng virus tác_dụng phụ đầu cơ_thể quen dần Thư_Anh"
"00094.txt","khoa-hoc","4","Video Smithsonian"
"00010.txt","giai-tri","2","Hôm phong_trào Bullying_Too vạch_trần hành_vi bắt_nạt học_đường nổi_tiếng loạt tài_khoản mạng xã_hội tố Ji Soo học_sinh cá_biệt chuyên bắt_nạt học quấy_rối tình_dục quan_hệ nữ_sinh ... trang diễn_viên đăng thư_tay xin_lỗi nạn_nhân hâm_mộ đề_cập cáo_buộc viết chân_thành xin_lỗi chịu_đựng phạm hành_vi sai_trái quá_khứ thanh_minh hành_động dung_thứ Diễn_viên sự_nghiệp diễn_xuất giấu kín quá_khứ cảm tội_lỗi bất_an Ji Soo xin_lỗi đồng_nghiệp dự_án phim tham_gia ảnh_hưởng suy_ngẫm hối_lỗi không_thể_nào gột_rửa quá_khứ ảnh_hưởng cúi đầu tạ lỗi viết tài_khoản lớp tố Ji Soo hư_hỏng kết bè_phái bắt_nạt học_sinh trường viết ta giang_hồ đời thực Đánh chửi bậy hút thuốc Trấn_lột tiền phá hủy đồ_dùng công_cộng khạc nhổ đồng_phục bắt học kiểm_tra hộ đi vệ_sinh thùng rác lớp khoe_khoang chiến_tích quan_hệ tình_dục nữ_sinh Ji Soo tán_tỉnh quấy_rối tình_dục Nạn_nhân sẵn_sàng cung_cấp bằng_chứng trường_hợp tòa mạng xã_hội diễn_đàn châu khán_giả quá_khứ diễn_viên Đa_phần kêu_gọi tẩy_chay dự_án phim_ảnh Ji_Soo điều_tra bồi_thường tổn_thương tinh_thần nạn_nhân Tài_khoản Han Lee_viết kinh_ngạc kẻ bạo_lực học_đường côn_đồ chuyên bắt_nạt đe_dọa giả_vờ tử_tế lương_thiện sống ánh hào_quang nổi_tiếng ta sợ Jung Joon_Young Đại_diện KeyEast Entertainment công_ty quản_lý diễn_viên kiểm_chứng toàn_bộ gặp_gỡ tố_cáo giải_quyết đại_diện đoàn phim Sông đón trăng Ji Soo đóng thảo_luận phát_sóng phim Chosun khả_năng phim ngừng sóng bê_bối nam Kim_Ji Soo sinh Seoul Hàn_Quốc ra_mắt vai phụ phim điện_ảnh Bong Sam_Wasn Here tham_gia loạt phim ngắn chú_ý vai anh_chàng ngổ_ngáo Go Bok_Dong Angry_Mom học_sinh Seo Ha_Joon Vũ_điệu tuổi_trẻ góp_mặt loạt phim Người_tình ánh trăng tình bác_sĩ nàng cử tạ Kim_Bok Joo nàng mạnh_mẽ Bong_Soon Bad Guys ... khả_năng diễn_xuất ngoại_hình chiều 1,86 mệnh_danh nam phụ quốc dân màn_ảnh xứ Hàn Hiểu_Nhân"
"00105.txt","khoa-hoc","4","Hành_vi cá lọt ống_kính camera khoa_học Đại_học miền nam Georgia Thước phim cá gọi mummichog Fundulus heteroclitus nhảy tổ chim ngập tấn_công non loài chim_sẻ ven biển Ammospiza maritima Kết_quả nghiên_cứu chim_sẻ non môi_trường đối_mặt nguy_cơ giới nghiên_cứu Corina_Newsome điểu_học Phòng_thí_nghiệm Hunter Đại_học miền nam Georgia Statesboro camera tổ_chim nguy_cơ động_vật săn mồi trường_hợp động_vật săn mồi ngờ mặt_nước đầm lầy ngập_mặn Georgia loài chim chim_sẻ ven biển chuyên xây tổ địa_điểm ngập thủy_triều dâng báo_cáo Newsome cộng_sự xuất_bản hôm tạp_chí Điểu_học Wilson nguy_hiểm chim non sống_sót trận lụt Lựa_chọn tổ khô_ráo chim non chạm_trán động_vật săn mồi Chim_sẻ non món ngon_miệng loài chim quạ sáo đá gấu_mèo Bắc_Mỹ chuột gạo đầm lầy chồn nâu châu Mỹ Chim_sẻ non an_toàn tổ mặt_đất giúp che_giấu Đầm lầy ngập_mặn sinh_sống cá mummichog cm khả_năng chịu_đựng bất_lợi nồng_độ oxy biến_động nhiệt động_vật sống bao_gồm ốc_sên con_trai loài cá Hôm camera Newsome ghi động_tĩnh tổ chim_sẻ ngập đợt thủy_triều Tổ_chim chứa hai trứng chim non nở video dâng tổ chim non trôi_nổi mặt_nước Đột_nhiên cá mép tổ bơi lặng_lẽ cạnh chim non tấn_công đột_ngột Cá mummichog kéo chim non xuống_nước ngoạm chặn mồi giãy_giụa kịch_liệt chết_đuối tổ ngập án tử chim_sẻ non ngẩng đầu mặt_nước nước_rút đi nhiệt_độ cơ_thể hạ động_vật săn mồi tiếp_cận tổ mặt đước đe_dọa An_Khang Live Science"
"00035.txt","du-lich","1","Y_tá Lisa Enroth mời sống đảo hoang Hamneskär 12.000 ứng_viên đăng_ký hồi chương_trình thử_thách liên_hoan_phim Göteborg hưởng_ứng phong_trào giãn xã_hội tham_gia sống đảo bóng phim phụ_nữ Enroth thử_thách Enroth thuyền hành_trình đảo tim đập thình_thịch đầu hải_đăng Pater_Noster cảm_xúc quên tuyệt_vời trước_mắt biển trời tuyết trải Tạm_biệt lái thuyền Enroth nằm hải_đăng ghế_dài đầu tiếng_động_cơ tàu rời bến chìm dần tĩnh_lặng tắt âm_thanh lắng_nghe tiếng gió rít chim sà cửa_sổ hải_đăng sóng vỗ đá Enroth mặc quần_áo_ấm quyết_định thăm_thú xung_quanh đi vòng_quanh đảo leo bậc thang đỉnh Pater_Noster hít thở sâu sẵn_sàng tận_hưởng tuần một_mình Enroth sống một_mình quê công_việc y_tá bận_rộn đồng_nghĩa tương_tác yên_tĩnh phòng hải_đăng tuần cải_tạo trang thiết_bị giường êm_ái thức_ăn ngon Ban tổ_chức trải nghiệm tuyệt_vời trải tuần sống_sót Đêm mặt_trời lặn hòn đảo bao_phủ bóng_tối Enroth cố_gắng ngủ trằn_trọc phim kinh_dị hải_đăng liên_tưởng Tai âm_thanh bất_thường thức dậy ánh bình_minh màn đêm nỗi lo_sợ nhanh_chóng xua_tan Enroth quyết_định_thức dậy mặt_trời thói_quen đảo ngắm bình_minh bếp cabin Enroth phòng tập_thể_dục hai phim công_chiếu liên_hoan_phim vẽ tranh đi nhật_ký video di_động máy_tính đất_liền Enroth trải nghiệm tự_do kết_nối thế_giới Enroth mù tin_tức cập_nhật tin_tức người_thân gia_đình đôi_khi trí_tưởng_tượng bay lo_lắng nCoV trở_nên tồi_tệ vắng_mặt Enroth tận_thế ghi chuỗi đảo video trải nghiệm Enroth tài_khoản facebook kinh_nghiệm Enroth kết_thúc hành_trình sống hoang_đảo hôm bắt_đầu_vào ca trực đêm Cuộc_sống tĩnh_lặng đảo nhanh_chóng lùi dĩ_vãng trải nghiệm hòn đảo dạy sống vội_vàng Tất_nhiên công_việc căng_thẳng tương_tự rảnh_rỗi sống chậm một_chút Ta thư giãn một_chút Hamneskär nằm khơi bờ biển Marstrand miền tây đất_nước đăng nổi_tiếng Pater_Noster Enroth năm_học thành_phố Gothenberg cảm_xúc nữ du_khách vui_mừng lo_lắng Anh_Minh CNN"
"00014.txt","the-thao","8","Bàn_thắng Kessie pen Beca 68Cú đá phạt_đền thành bàn Franck Kessie phút đá bù sáu hiệp hai giúp Milan kiếm Udinese Inter thắng trận đá muộn vòng Milan sáu Milan Roma tương_tự thầy trò Stefano Pioli suất trở_lại Champions_League mùa Vắng Zlatan_Ibrahimovic Mario_Mandzukic Hakan_Calhanoglu hàng công Milan áp_lực Udinese Đội đội_hình bó_hẹp Milan ngon chủ hiệp cú sút Samu Castillejo thủ_môn Juan Musso chân phá Udinese tỷ_số hiệp hai trung_vệ đội_trưởng Alessio Romagnoli phá bóng vạch vôi cú đánh_đầu Nestorovski Tình_huống xuất_phát từ_đường chuyền bất_cẩn hậu_vệ Hernandez Hàng thủ Milan mắc sai_lầm phút lượt thủ_môn Gigior_Donnarumma Rodrigo de Paul_đá phạt_góc Becao đánh_đầu thẳng cầu_môn Donnarumma cầu_thủ mặt chạm bóng Bóng_bay đập đất nhẹ cạnh thủ_môn Milan phản_ứng chậm bóng_bay lưới Udinese may phút Samir chấn_thương quyền thay Milan dồn_ép toàn_lực hưởng thành_quả bóng chạm Jens Stryger_Larsen cấm_địa Udinese phạt_đền Kessie đánh lạc hướng thủ_môn Musso đem Milan Milan làm_khách sân Hellas Verona Chủ_Nhật Danh_sách thi đấuMilan Donnarumma Kalulu Calabria Kjaer Romagnoli Hernandez Tonali Meite Kessie Castillejo Saelemaekers Brahim_Diaz Hauge Rebic LeaoUdinese Musso Becao Bonifazi Nuytinck Molina De_Paul Makengo Llorente56 Arslan Walace Zeegelaar Stryger Larsen Pereyra Samir NestorovskiHoàng_An"
"00056.txt","doi-song","0","Quy_tắc phải1 phép_tắc gia đìnhĐứa trẻ dòng sông lao cha_mẹ nắn hướng sông chảy xây đập vững_chắc Mục_đích dòng sông nổi sóng kiểm_soát giúp chảy hòa biển giáo_dục cha_mẹ xây đập phép_tắc gia_đình Đừng trẻ nhỏ_tuổi thể quen giáo_dục muộn kiểm_soát bất_khả_thi dạy trẻ quy_tắc gia_đình quy_tắc góp_phần nhân_cách trẻ giúp trẻ văn_minh lịch_sự sống có_ích làm_việc nhàMột đứa trẻ làm_việc kẻ lười lao_động cha_mẹ chiều_chuộng thay hạ chỉ_số hạnh_phúc nhân_cách lành_mạnh bé to xác trưởng_thành ngoại_hình_thể_chất tinh_thần đứa trẻ thói_quen rèn_luyện Cha_mẹ tập làm_việc khả_năng chăm_sóc rèn_luyện đức_tính chăm_chỉ lợi học_tập cuộc_sống công_việc trẻ tôn_trọng người_lớn tuổiNgười ta Kính_lão đắc thọ câu nhắc_nhở tôn_trọng lớn_tuổi Bố_mẹ quy_tắc gia_đình con_cái hành_động bất_kính người_lớn chấp_nhận xã_hội bố_mẹ tôn_trọng trẻ giao_tiếp cha_mẹ coi trẻ cá_thể độc_lập tùy_tiện răn_dạy trách_mắng Tôn_trọng trẻ trẻ tôn_trọng yêu_quý trẻ tôn_trọng yêu_quý xung_quanh ích_kỷ vô ơnCha mẹ sẵn_sàng chi tiền con_cái phục_tùng vật_chất ... ích_kỷ trẻ trung_tâm thế_giới đáp_ứng trẻ đòi_hỏi coi_trọng trở_nên vô_ơn hiếu_thảo trưởng_thành đứa trẻ ích_kỷ cô_độc thiếu_vắng bạn_bè hòa_nhập xã_hội ... hệ_lụy đứa trẻ vô_tình khước yêu_thương cộng_đồng xung_quanh nước_mắt vũ_khí giáo_dục con_cái cha_mẹ quy_tắc thỏa_hiệp trẻ khóc_lóc ăn_vạ bố_mẹ nhún_nhường trẻ khóc mong_muốn Cha_mẹ thỏa_mãn trẻ vô_tình_hình_thành quan_điểm sai_lầm kỷ_luật trật_tự gia_đình kiên_quyết từ_chối vô_lý trẻ nguyên_tắc cuộc_sống lặp_lại trẻ đòi_hỏi vô_lý mục_đích cha_mẹ mềm_lòng thỏa_hiệp mù_quáng trẻ dạy_dỗ Quy_tắc không1 lo_lắng trẻ làmNhà giáo_dục nổi_tiếng Ukraine_Suhomlinsky trưởng_thành trẻ thử môi_trường tự_do trẻ phát_triển cha_mẹ trau_dồi khả_năng sáng_tạo chăm_sóc trẻ học con_cái khả_năng rắc_rối bố_mẹ giáo_dục trẻ đúc_rút kinh_nghiệm bài_học trưởng_thành lo_lắng lựa_chọn trẻ tiểu_thuyết kinh_điển thiếu_nhi Giết chim nhại nhà_văn Mỹ Harper Lee viết già cuộc_đời đi du_học quyết_định lập_nghiệp người_yêu kết_hôn cuộc_đời Người_lớn hướng đi trẻ_em quyền lựa_chọn Bố_mẹ con_cái quyền tự_do lựa_chọn ví_dụ trẻ mặc đứng lựa_chọn vận_mệnh lựa_chọn thích_hợp bí_mật cáiBí mật trưởng_thành ý_thức trẻ bí_mật hình_thành phát_hiện trẻ bí_mật bố_mẹ vui thay_vì hoảng_sợ bí_mật nghĩa_là trẻ thế_giới nội_tâm không_gian độc_lập trân_trọng trưởng_thành non_nớt Bố_mẹ hiểu_biết giao_tiếp trái_tim trẻ tọc_mạch riêng_tư trẻ bí_mật quan_hệ chặt_chẽ trách_nhiệm gánh_vác độc_lập bí_mật cần_thiết trẻ học tự_lập trưởng_thành cha_mẹ phép trẻ bí_mật Vy Trang aboluowang"
"00008.txt","doi-song","0","nợ triệu đồng vay bạn_bè anh_em mượn hầu_như khả_năng Minh giải_thích quyết_định sốc hồi Năm_ngoái thông_báo hủy nợ hy_vọng đỡ lo_lắng thời_buổi dịch_bệnh nghĩ_ngợi đàn_ông hiện con_trai hai thông_báo con_nợ Minh ngạc_nhiên di_chúc bối_rối trách mươi lập di_chúc tưởng giận rối_rít thanh_minh nhắn giải_thích Nội_dung_thứ hai di_chúc Minh từ_bỏ quyền thừa_kế ba_má ủy thác thừa_kế tía mẹ ruột tía mẹ chia thừa_kế con_trai trách_nhiệm thừa_kế thành giao hai em_trai toàn_quyền phương_án chấp_nhận Trường_hợp con_trai năng_lực vợ thay_thế di_chúc ủy thác thay cần_thiết di_chúc viết gia_đình anh_em_trai Minh may_mắn hai đi học kinh_tế ổn_định tài_sản cha_mẹ khiêm_tốn cũ 2.000 m2 đất ruộng chứng_kiến cha_chú gây_gổ chia tài_sản anh_em lặp Minh quê gốc tỉnh miền Tây Anh_Minh di_chúc con_trai bài_học cuộc_sống chiêm_nghiệm truyền mong tương_lai con_trai để_ý anh_em họ_hàng nội ngoại Hồi trẻ tía khả_năng tía có_hạn chẳng tích_cực bao cuộc_sống yêu_quý Tía mong thành_công di_chúc viết Toàn_bộ di_chúc Minh nhắc tài_sản đàn_ông tài_sản Minh dịch_thuật tự_do vợ nhân_viên văn_phòng Bao tiền dành_dụm nợ gia_đình mẹ nghiện cờ_bạc giúp em_trai họ_hàng bạn_bè dư giả Dù_thế may_mắn đại_dịch Covid làm_việc ảnh_hưởng chăm viết xong di_chúc Minh vợ di_chúc tò_mò lắm viết lập di_chúc kêu coi viết hài_hước sống nghĩa_tình Trương Thị_Lan vợ Minh Trái đông Việt_nghĩ lập di_chúc xui_xẻo Minh xu_hướng văn_minh sung_sức Khoản thừa_kế khoản nợ con_số vô_nghĩa hy_vọng thu_hồi chẳng di_chúc dao cắt đứt ràng_buộc tiêu_cực quan_hệ xung_quanh tình_cảm thuần_nhất Luật_sư Trần_Minh Hùng đoàn luật_sư TP HCM thống_kê con_số chính_xác trở_lại văn_phòng lập di_chúc độ khách_hàng trẻ_hóa độ thông_thường Việt lập di_chúc phổ_biến thân_chủ Văn_phòng luật Hùng tiếp_nhận trường_hợp lập_trình_viên Trí vợ hai Khách_hàng bảo_hiểm_nhân_thọ thụ thưởng vợ tỷ đồng_tiền_mặt lập di_chúc vợ_con tỷ đồng bố_mẹ phát_hiện mắc bệnh hiểm_nghèo luật_sư Hùng dân hiểu_biết pháp_luật trẻ công_việc tạo_dựng khối tài_sản trẻ nguy_cơ tranh_chấp xu_hướng xã_hội hiện_đại lập di_chúc yếu_tố góp_phần sâu_rộng trách_nhiệm gia_đình suy_nghĩ quyết_định lập di_chúc Hùng phân_tích Luật_pháp quy_định lập di_chúc đồng_ý cha_mẹ giám_hộ quan_điểm luật_sư Hùng trừ trường_hợp có_lý_do lập di_chúc dân lập độ trở_đi độ tạo_lập tài_sản suy_nghĩ chín_chắn kỹ_lưỡng lập di_chúc cần_thiết lập khối tài_sản tăng_trưởng lập di_chúc thay_thế công_sức luật_sư Nguyễn Văn_Minh_xác_định di_chúc biến_cố chết hai di_chúc đám_tang cầu_siêu tụng kinh tiền phúng điếu hàng giỗ_chạp đăng_ký hiến tạng sống đời thực_vật Phan_Dương nhân_vật"
"00003.txt","the-thao","8","Liverpool Chelsea 3h Sáu Hà_Nội Liverpool đá sơ_đồ tiền_vệ trung_tâm tầm hoạt_động cực rộng phong_cách Thiago quen đá cố_định khu_vực trung_tâm cầm nhịp trận_đấu điều_khiển cầu_thủ xung_quanh phân_phối bóng Scholes Premier_League Productions hôm Thiago Liverpool kỳ_vọng Bayern hè giá triệu USD. tiền_vệ Tây_Ban_Nha khởi_đầu chật_vật liên_tục vắng_mặt chấn_thương mắc Covid mùa giải đi hai chặng đường Thiago đá trận Liverpool đấu_trường ghi_bàn kiến_tạo chế_giễu so_sánh Jesse_Lingard Man Utd đẩy West_Ham ghi bàn kiến_tạo hai trận giúp CLB top Ngoại_hạng Scholes khác_biệt phong_cách tập_thể Thiago thể_tỏa Liverpool Klopp kỳ_vọng Cựu tiền_vệ Man Utd phân_tích thắc_mắc liệu lối Liverpool hợp bóng Thiago vẻ mẫu cầu_thủ ưa_thích Klopp tiền_vệ tiền_đạo Klopp Liverpool đá kiểu kiểm_soát trận_đấu xu_hướng lao dồn_ép pressing sân đối_phương Thiago năng_lượng sức_mạnh thi_đấu kiểu Thiago sơ_đồ hai tiền_vệ trung_tâm Man_Utd cạnh khả_năng phòng_ngự đánh chặn Thiago cầm nhịp kiểm_soát trận_đấu Scholes Man Utd liên_hệ Thiago mùa rút đàm_phán cầu_thủ đòi_hỏi lương Man Utd chi triệu USD chiêu mộ Van de Beek Ajax Lịch thi_đấu Kết_quả Ngoại_hạng Bảng Ngoại_hạng AnhDuy tổng_hợp"
"00112.txt","the-thao","8","khoản thuế thu_nhập triệu USD. Messi nộp thuế tài_sản thuế tài_sản ròng thuế bản_quyền hình_ảnh thuế_doanh_nghiệp Khoản thu_nhập thuế Messi triệu USD chỉ_thực_lĩnh triệu USD. bỏ_túi triệu USD thuế thu_nhập Tây_Ban_Nha 11.000 thu_nhập 728.000 USD trở Tây_Ban_Nha nộp thuế Messi tỷ_phú Tây_Ban_Nha thuế thu_nhập doanh_nghiệp vốn thuế thu_nhập Thuế_bản_quyền hình_ảnh Messi tiền triệu USD tiền thuế Messi bố kết_án tù trốn_thuế bản_quyền hình_ảnh tòa_án phạt tiền tiền hai bố Messi nộp phạt 3,8 triệu USD. Hoàng_An Sport"
"00185.txt","giai-tri","2","Chương_trình_diễn 20h30 trước_nửa tiếng chỗ phòng trà kín khán_giả Bạch_Tuyết khoác_áo_dài thêu_họa tiết hoa sen sân_khấu mở_đầu trích_đoạn Hoàng_hậu hai vua soạn_giả Lê_Duy_Hạnh cải_lương độc_thoại Biểu_cảm thất_thần Thái_hậu Dương_Vân Nga cảnh đại_thần giành_giật báu thể_hiện động_tác dáng đi lẫn ca Bạch_Tuyết Kết_thúc tiết_mục Bạch_Tuyết quanh khán_phòng mắt rưng_rưng tình_cảm công_chúng nghề đêm nhạc Gửi tri_kỷ nhắn_nhủ Khán_giả tri_kỷ đời nghệ_sĩ Phùng_Há thầy khán_giả ân_nhân trợ_lý gửi tặng bưu_thiếp ghi nắn_nót dòng chữ Đời cao_quý cải_lương thăng_hoa phụng_sự yêu_thương bảo bọc ... Sân_khấu ca_kịch tình khán_giả trao khán_giả ký_ức góc tri_kỷ nhân_vật chương_trình êkíp vé khán_giả online ban tổ_chức quyết_định livestream ghi_hình phát dặn trợ_lý hoàn tiền vé khán_giả nằng_nặc tiền mua hoa tặng Bạch_Tuyết tiếng đồng_hồ Bạch_Tuyết trích_đoạn ngắn tên_tuổi dàn đờn ca tài_tử Bạch_Tuyết thăng_hoa tiếng đàn duy_nhất nghệ_sĩ Thanh_Hải danh_cầm gắn_bó Diễn đoạn Lựu Minh_Luân con_trai thất_lạc Đời Lựu soạn_giả Trần_Hữu_Trang nghệ_sĩ hát nỗi_lòng mẹ tiếng phản_bội chồng thể tỏ bày tái_hiện đoạn trích Kiều_Phong A_Tỷ chuyển_thể Thiên_long bát Kim_Dung đĩa đeo chân hạc thầy danh_ca Út Trà_Ôn Hát Tuyệt_tình_ca một_mình đóng hai vai trích_đoạn cò Út Trà_Ôn hỏi_tội gái Trường_An cứng_đầu Bạch_Tuyết_dành thời_lượng ôn ký_ức Đầu thập_niên Út Trà_Ôn đệ danh_ca đoàn Thống_Nhất đào_tạo đào Thanh_Xuân Diệu_Hiền Kim_Tuyến ... đa đề nghề huấn_luyện Phùng_Há gọi má Bảy nghệ_sĩ Năm_Châu Hai Kim_Cúc ... chất giọng ảnh_hưởng sâu_sắc lối ca sầu nữ Út Bạch_Lan cánh_gà say_mê đàn diễn thuộc_làu phân cảnh quên thoại may_mắn sống cạnh tinh_hoa cải_lương dặn thầy Bạch_Tuyết học chịu_đựng thị_phi nghề đi xe_buýt gã giang_hồ khoe quen_biết Út Trà_Ôn hát hút thuốc Hồi nổi_tiếng xe dám lên_tiếng thưa Út Trà_Ôn trợn mắt Trời_đất người_ta đồn hả tao dám hút sợ giọng cuộc_đời nghệ_sĩ chấp_nhận hàm oan đi khắp đính_chính đồng_nghiệp Bạch_Tuyết Hát cải_lương học tiến_sĩ học chuyến xe_đò liên tỉnh tòa xử vợ_chồng ly_hôn vốn_sống giúp chất_liệu nhập_vai giả sân_khấu đời_sống học tìm_tòi Học_tập trách_nhiệm nghề nghiêm_túc Tâm_niệm bám sát đời_sống âm_nhạc giới trẻ cover hit Em_gái mưa Hương Tràm hát Ông_bà Lê_Thiện Hiếu Hoa nở màu Hoài_Lâm ... lối vọng_cổ hưởng_ứng đêm diễn Bạch_Tuyết_hòa điệu khán_giả bắt_nhịp hâm_mộ hát Dạ_khúc tri_âm in tờ bưu_thiếp phát đầu chương_trình tận bàn Bạch_Tuyết ngạc_nhiên lặn_lội Hậu_Giang Vĩnh_Long đêm địa_phương làm_việc xúc_động gọi tiếp nối thế_hệ tri_kỷ Câu hò vấn_vương điệu lý tương phùng Trăm ước_nguyện tâm đồng thủy hát thay cảm_tạ hâm_mộ Mai_Nhật"
"00126.txt","giai-tri","2","cạnh làn da tươi_sáng chị_em đừng quên uống bổ_sung vitamin thực_phẩm rau củ đi ngủ giấc làn da chăm_sóc đẹp ảnh Klair"
"00028.txt","giao-duc","3","Test_English"
"00027.txt","doi-song","0","video đàn_ông tham_gia cuộc_gọi Zoom tác_động Covid ảnh_hưởng GDP Ấn_Độ Vợ phòng cúi trao chồng nụ hôn đàn_ông né_tránh màn_hình vớ_vẩn Màn_hình bật vợ vẻ xấu_hổ nở nụ cười bẽn_lẽn Twitter ngày_trước vợ_chồng thu_hút hàng triệu lượt chú_ý tư_bản nổi_tiếng Ấn_Độ Harsh_Goenka chủ_tịch tập_đoàn RPG trị_giá 3,8 tỷ USD clip trang mạng xã_hội bình_luận Cuộc_gọi Zoom ... hài_hước Tỷ_phú Ấn_Độ Anand_Mahindra chủ_tịch Mahindra_Group đăng video viết Haha đề_cử phụ_nữ vợ chồng đáp vợ nhiệt_tình đề_cử Cặp đôi tiếc từ_chối Hàng nghìn bình_luận hài_hước video chồng máy_móc tận_hưởng khoảnh_khắc ngọt_ngào hồi_tưởng vợ tinh_nghịch yêu đáp trìu_mến video hoàn_hảo Bảo_Nhiên Indiatoday"
"00131.txt","the-thao","8","HLV Kiatisuk trái trợ_lý Bundit Thiabthong có_mặt sân_bay Suvarnabhumi Bangkok chiều Việt_Nam dẫn_dắt HAGL hợp_đồng hai HLV Kiatisuk trái trợ_lý Bundit Thiabthong có_mặt sân_bay Suvarnabhumi Bangkok chiều Việt_Nam dẫn_dắt HAGL hợp_đồng hai Vợ con_gái sân_bay tiễn Kiatisuk Vợ Asarapa phóng_viên con_gái quan_chức cao_cấp Ngoại_giao Thái_Lan hai quen_biết nhanh_chóng kết_hôn Vợ con_gái sân_bay tiễn Kiatisuk Vợ Asarapa phóng_viên con_gái quan_chức cao_cấp Ngoại_giao Thái_Lan hai quen_biết nhanh_chóng kết_hôn chia_tay đội_tuyển Thái_Lan hồi Kiatisuk hoạt_động bóng_đá có_mặt sân_bay chụp ảnh Kiatisuk sinh tiền_đạo huyền_thoại bóng_đá Thái_Lan dẫn_dắt CLB Chula_United Bangkok đội_tuyển Thái_Lan giai_đoạn chia_tay đội_tuyển Thái_Lan hồi Kiatisuk hoạt_động bóng_đá có_mặt sân_bay chụp ảnh Kiatisuk sinh tiền_đạo huyền_thoại bóng_đá Thái_Lan dẫn_dắt CLB Chula_United Bangkok đội_tuyển Thái_Lan giai_đoạn hãng truyền_thông Thái_Lan có_mặt sân_bay hành_trình huyền_thoại bóng_đá xứ Chùa Vàng Kiatisuk khoác_áo HAGL giai_đoạn giúp đội thăng_hạng vô_địch League Mùa Kiatisuk đảm_nhiệm vai_trò cầu_thủ kiêm HLV giải_nghệ dẫn_dắt HAGL thành_công League hãng truyền_thông Thái_Lan có_mặt sân_bay hành_trình huyền_thoại bóng_đá xứ Chùa Vàng Kiatisuk khoác_áo HAGL giai_đoạn giúp đội thăng_hạng vô_địch League Mùa Kiatisuk đảm_nhiệm vai_trò cầu_thủ kiêm HLV giải_nghệ dẫn_dắt HAGL thành_công League hy_vọng giúp HAGL giành vé dự AFC Champions_League mùa giải Kiatisuk thi_đấu HAGL hai đội bóng dự AFC Champions_League trở_lại giúp HAGL góp_mặt đấu_trường châu hy_vọng giúp HAGL giành vé dự AFC Champions_League mùa giải Kiatisuk thi_đấu HAGL hai đội bóng dự AFC Champions_League trở_lại giúp HAGL góp_mặt đấu_trường châu"
"00146.txt","kinh-doanh","5","Tổng_cục Thống_kê giai_đoạn đầu kéo_dài thu_thập thông_tin doanh_nghiệp hợp_tác_xã sự_nghiệp hiệp_hội Hình_thức thu_thập thông_tin điều_tra cung_cấp trang thông_tin điện_tử Tổng_điều_tra kinh_tế thành_phố 8.000 doanh_nghiệp thu_thập thông_tin chậm cơ_sở sản_xuất kinh_doanh cá_thể cơ_sở tôn_giáo tín_ngưỡng tổng điều_tra Điều_tra_viên cơ_sở cung_cấp thông_tin phỏng_vấn Dự_kiến kết_quả sơ_bộ tổng điều_tra công_bố kết_quả chính_thức công_bố điều_tra phát_triển cơ_sở kinh_tế mức_độ ứng_dụng công_nghệ thông_tin cơ_cấu kinh_tế địa_phương ngành kinh_tế hình_thức sở_hữu Kết_quả biên_soạn chỉ_tiêu GDP GRDP chỉ_tiêu thống_kê chính_thức Minh_Sơn"
"00003.txt","kinh-doanh","5","Chốt phiên giao_dịch chỉ_số 1,3 3.819 chủ_yếu công_nghệ hàng tiêu_dùng thiết_yếu Chỉ_số Nasdaq Composite 2,7 12.997 Apple Amazon Microsoft Alphabet Netflix DJIA đóng_cửa 0,4 31.270 Chứng_khoán Mỹ yếu đi lợi_suất trái_phiếu chính_phủ Mỹ kỳ_hạn Hôm_qua lợi_suất 1,49 nhẹ Tuần lợi_suất vọt đỉnh 1,6 dấy lo_ngại định_giá cổ_phiếu lạm_phát tăng_tốc Lợi_suất trái_phiếu tác_động cổ_phiếu công_nghệ đi vay mạnh_tay phục_vụ tăng_trưởng lạc_quan hồi_phục kinh_tế tiêm vaccine đầu_tư chuyển_hướng cổ_phiếu chu_kỳ Hãng bay American Airlines 3,4 hãng điều_hành du_thuyền Carnival Norwegian Cruise Line lần_lượt 3,9 6,3 Lĩnh_vực năng_lượng 1,4 hôm_qua chỉ_số sức_ép công_nghệ yếu đi thị_trường diễn_biến Tom_Essaye sáng_lập Sevens Report nhận_định số_liệu ADP hôm_qua công_ty tư_nhân 117.000 việc_làm Mỹ tốc_độ tăng_trưởng ngành dịch_vụ Mỹ giảm_tốc Chỉ_số ISM Nonmanufacturing 55,3 3,4 dự_báo 58,7 Dow_Jones Hà_Thu CNBC"
"00050.txt","thoi-su","9","Covid bùng_phát vé điện_thoại_hủy hàng_loạt bến thưa_thớt Đỗ Văn_Bằng Giám_đốc hãng xe Việt hãng xe chạy tuyến nửa xe vắng chạy lỗ Dịp Tết tăng_cường xe song bất_động duy_trì hoạt_động chỗ đăng_ký bến áp_lực nợ hai liên_tiếp điêu_đứng Covid hãng xe dám mua Công_ty CP Vận_tải_thương_mại Dịch_vụ Đất_Cảng Hải_Phòng xe vận_tải liên tỉnh Hà_Nội đi Hải_Phòng Giám_đốc Khúc Hữu_Thanh_Hải ảnh_hưởng dịch duy_trì xe tần_suất kéo_dài phút tiếng chuyến lác_đác kéo_dài buộc dừng tuyến hoạt_động trước_mắt dừng xe bến Giáp_Bát Hải phân_tích doanh_nghiệp năm_ngoái Covid bùng_phát hãng xe doanh_thu cao_điểm Tết cầm_cự dịch bùng_phát Tết dân hạn_chế đi_lại hãng xe lún sâu khoản nợ kỳ Nguyễn Công Hùng Phó_chủ_tịch Hiệp_hội Vận_tải ôtô Việt_Nam doanh_thu sáp_nhập tiết_giảm chi_phí tháo_gỡ Hiệp_hội kiến_nghị Nhà_nước chính_sách miễn_giảm thuế miễn đóng bảo_hiểm xã_hội ngân_hàng lãi_suất phép doanh_nghiệp giãn nợ cơ_cấu nợ cầm_cự Giám_đốc hãng Việt Đỗ Văn_Bằng kiến_nghị Nhà_nước chính_sách miễn_giảm thuế phí ngân_hàng khoanh nợ giãn nợ thay_vì bắt nợ vận_chuyển toàn ngành kỳ Trần Bảo_Ngọc Vụ_trưởng Vận_tải Giao_thông Vận_tải ban_hành văn_bản giải_quyết doanh_nghiệp nghiên_cứu bãi_bỏ đơn_giản_hóa quy_định kinh_doanh chi_phí logistics duy_trì đường_dây_nóng tiếp_nhận vướng_mắc doanh_nghiệp Giao_thông Vận_tải giải_quyết kiến_nghị doanh_nghiệp thuế phí tiếp_thu tham_mưu Tài_chính Ngân_hàng Nhà_nước ban_hành chính_sách doanh_nghiệp Ngọc"
"00058.txt","giao-duc","3","Câu Truyện_ngắn Hai đứa trẻ in tập Nắng vườn xuất_bản tác_giả Thạch_Lamb Nguyên_Hồngc Thanh_Tịnh"
"00258.txt","kinh-doanh","5","Mô_tả buôn_bán tâm dịch Covid Đỗ_Thị_Dung chủ trang_trại trứng Cẩm_Giàng ngắn_gọn Đầu trứng tràn trại Trại gà Dung 18.000 13.000 thời_kỳ sinh_sản cung_cấp 10.000 trứng So_sánh năm_ngoái mùng xe đỗ cửa hàng vận_chuyển tỉnh than_thở Cẩm_Giàng tâm dịch Covid Hải_Dương Dự_tính mùng mở_hàng Dung coi Mãi hôm_qua trứng trang_trại trứng quyết_định ủng_hộ tỉnh 30.000 ưu_tiên 20.000 trứng hàng_xóm thương tai_nạn nằm Trứng ủng_hộ giá đồng đồng giá nửa chi_phí sản_xuất 1.400 đồng Chăn_nuôi lỗ_lãi mong dịch hàng năm_ba dịch làm_ăn đàn_bà trung_niên so_sánh công_chức lương kinh_doanh lỗ triệu đồng trứng nông_hộ doanh_nghiệp kinh_doanh gà địa_bàn Hải_Dương Lục Văn Nhàn Chủ_tịch Hiệp_hội gà đồi Chí_Linh địa_bàn thành_phố triệu gà tồn_đọng Giá thịt gà 10.000 đồng kg tiêu_thụ chậm Dân Chí_Linh nuôi gà Tết dính dịch tiêu_thụ giải_thích đi_lại khu công_nghiệp chợ đò hoạt_động gà gà nuôi chăm lỗ tính_toán gà xuất_xưởng tiêu tốn 140.000 150.000 đồng kéo_dài chi_phí chăm_sóc gà nguyên vận_chuyển đi_lại doanh_nghiệp hộ chăn_nuôi trở_nên thận_trọng Trần Văn_Thiện hộ nuôi cá Nam_Tân Nam_Sách dịch xe khu Nam_Tân hàng vận_chuyển lác_đác xe Mấy chục lồng nuôi cá diêu hồng cá_lăng gia_đình làng cạnh km đi cá vận_chuyển cá Thiện Thiện xe hàng đi chốt kiểm_dịch tỉnh xe đáp_ứng giấy_phép kiểm_định nghiêm_ngặt phép di_chuyển tỉnh giáp_ranh thông_tin hàng thuỷ_sản Hải_Dương Cá xe tắc đổ Hàng_hoá cửa đầu cá cá lồng diêu hồng cá_lăng trông_chờ tiêu_thụ tỉnh hàng đắt tiền vốn đặc_sản Tạ Văn_Hưng Giám_đốc Hợp_tác_xã thuỷ_sản Thăng_Long Kinh_Môn Hải_Dương cá buồn bắt xe thông_thương bà_con chấp_nhận lỗ nuôi cá Lỗ tuỳ_thuộc hàng_hoá tồn_đọng chi_phí chăn_nuôi bớt nguyên_liệu vận_chuyển hàng_hoá thuận_lợi may_mắn đôi_chút Nguyễn_Mạnh Hùng Giám_đốc Công_ty Cổ_phần cây_trồng nông_sản_xuất_khẩu Kiên_Giang Cẩm_Giàng hiện nhúc_nhắc đi_lại hạn_chế Doanh_nghiệp cung_ứng hệ_thống siêu_thị miền Bắc tạm_thời ổn xét_nghiệm thủ_tục vận_tải hơi lằng_nhằng rau củ địa_bàn tồn_đọng giá rẻ bảo_quản dễ_dàng thông_thương kho sớm_muộn bà_con trụ kinh_doanh nông_hộ doanh_nghiệp chấp_nhận xã_hội đồng_tình thắt chặt địa_phương lân_cận dịch khống_chế buôn_bán yên_ổn trở_lại Hải_Phòng triệt_để Covid bà_con sống bình_thường Hùng Phương_Ánh"
"00057.txt","suc-khoe","7","Tỏi khoa_học Allium sativum Linn hành nguồn_gốc Trung_châu trồng ôn_đới Lương_y đa_khoa Bùi Đắc_Sáng Viện Hàn_lâm khoa_học công_nghệ tỏi sinh_học nhiệt cơ_thể cổ_xưa người_ta tỏi sức dẻo_dai đề_phòng_bệnh_tật Lực_sĩ thời_thượng_cổ kỳ Olympic tỏi thi_đấu thợ_xây kim_tự_tháp Cập tỏi hàng sức_khỏe tỏi glucosid lưu_huỳnh chất dầu bay_hơi hồn hợp sunlfua oxyt allyl nguyên_chất lưu_huỳnh hai hoạt_chất kháng khuẩn alixin garlixin Alixin tác_dụng ức_chế vi_khuẩn gram gram vi_khuẩn đường ruột chống nấm bệnh chế_phẩm tỏi tương tỏi rượu tỏi tỏi thuốc tỏi xông ... bối_cảnh dịch Covid sức đề_kháng cơ_thể chuyên_gia tỏi giúp nâng hệ miễn_dịch song nghiên_cứu khoa_học tác_dụng diệt virus virus nCoV thông_tin lan_truyền mạng tỏi triệu_chứng_ho hắt_hơi sổ_mũi sốt kinh_nghiệm dân_gian giã tỏi pha sôi nguội nồng_độ vừa_phải mũi chữa_trị triệu_chứng cúm cơ_sở khoa_học Nguyễn Duy_Thịnh Viện Công_nghệ sinh_học công_nghệ thực_phẩm Đại_học Bách_Khoa tỏi thực_phẩm gia_vị bổ_dưỡng tác_dụng nâng hệ miễn_dịch phản_ứng phụ cơ_thể song Sai_lầm tỏi tỏi diệt nCoV Tiến_sĩ Lê_Anh Phương Đại_học Quốc_gia Singapore nghiên_cứu khoa_học tỏi ngừa dịch_bệnh Covid Allicin tỏi hoạt_chất sinh_học tác_dụng Chiết_xuất tỏi nghiên_cứu sát_khuẩn ngăn_ngừa virus nghiên_cứu dừng cấp_độ tế_bào phòng thí_nghiệm mặt lâm_sàng nghiên_cứu tỏi dầu tràm phòng_ngừa cảm_mạo cảm_cúm kết_quả trái_ngược chuyên_gia khuyến_cáo dân nghiêm hướng_dẫn Y_tế phòng_chống dịch áp_dụng thông_tin lan_truyền mạng xã_hội phòng_ngừa bệnh Covid chuyên_gia khuyến_cáo vệ_sinh rửa ấm xà_phòng số_liệu CDC Mỹ rửa xà_phòng bệnh đường tiêu_hóa bệnh đường hô_hấp rửa xà_phòng kéo đi virus bám bề_mặt vi_khuẩn xà_phòng phá_hủy màng tế_bào vi_khuẩn bánh xà_phòng dung_dịch rửa thông_thường có_ích thành_phần_nào rửa rửa tối_thiểu giây hiệu_quả rửa thường_xuyên súc miệng súc họng dung_dịch sát_khuẩn loại_bỏ giảm_thiểu virus xâm_nhập phổi"
"00018.txt","the-thao","8","Mirror Bale xác_định trở_lại Real rưỡi hợp_đồng lương tuần 645.000 USD. cự_tuyệt đề_nghị lương CLB chủ_quản tiền_vệ Xứ Wales 645.000 USD tuần Real nửa khoản tiền nửa thanh_toán Tottenham CLB Bale khoác_áo diện mượn mùa Hồi Cadena SER Bale từ_chối đề_nghị Real lương đội bóng Hoàng_gia Tây_Ban_Nha đề_nghị cầu_thủ nhân_viên lương san_sẻ tài_chính Covid La_Liga thi_đấu Bale cầu_thủ duy_nhất từ_chối đề_nghị Cầu_thủ ấn_tượng Tottenham nửa_mùa đầu thất_vọng ghi bốn bàn kiến_tạo bốn đá Tottenham đấu_trường trận Burnley hôm Bale lập cú đúp dọn cỗ Kane ghi_bàn góp công chiến_thắng đội Bale giúp Tottenham chấm_dứt khát danh_hiệu đấu Man City trận trận chung_kết Cúp Liên_đoàn Wembley Duy_Anh tổng_hợp"
"00062.txt","khoa-hoc","4","Video WEF"
"00006.txt","the-thao","8","Hợp_đồng Ronaldo hiệu_lực Tiền_đạo Bồ_Đào_Nha thoải_mái Juventus hai gia_hạn Ronaldo lĩnh lương 36,5 triệu USD Juventus lương khả_năng huy_động tiền giữ_chân siêu_sao Do_Covid kiếm tiền cầu_thủ đắt_giá De Ligt cầu_thủ nhà_báo thể_thao uy_tín Italy Tancredi_Palmeri trẻ lịch_sử thành_công Champions_League Ajax ngôi_sao Hà_Lan nằm tầm ngắm đội bóng kiếm triệu USD De_Ligt Juventus Juventus tốn triệu mua De_Ligt triệu điều_khoản phụ hai trung_vệ trận đại_gia Italy De_Ligt giành giải Bé Vàng danh_hiệu cầu_thủ trẻ hậu_vệ duy_nhất giành giải tổ_chức bầu_chọn Wayne_Rooney Lionel_Messi Sergio_Aguero Kylian_Mbappe Erling_Haaland đăng_quang De Ligt lọt đội_hình tiểu biểu FIFA FIFPro UEFA IFFHS Ngôi_sao trung_vệ giàu tiềm_năng Thanh_Quý Diario_Sport"
"00103.txt","khoa-hoc","4","cá_voi mẹ Cracker sống Trung_tâm phát_hiện cá_heo Bunbury bang Tây_Australia Tình_nguyện viên Alan_Simm ghi_hình thước phim nhận_dạng cá_heo mẹ video Cracker lặn xác non nhỏ_bé lên_mặt_nước xác nằm cân_bằng mõm lặn Trung_tâm phát_hiện cá_heo thông_báo chào_đời cá_heo non vùng_biển Bunbury Facebook hôm cá_heo mẹ đau_buồn chết non quá_trình_bày_tỏ tiếc_thương cá_heo mẹ xác mõm vật đẩy xác bảo_vệ Trung_tâm cộng_đồng làm_phiền cá_heo mẹ trông Jan_Tierney quản_lý bảo_tồn Trung_tâm phát_hiện cá_heo Cracker sinh non vùng_biển Bunbury waters non Cookie non Anzac non mắc lưới đánh_cá năm_tuổi non chết lưu Tierney hành_vi Cracker video biểu_hiện tự_nhiên cá_heo mũi chai vùng_biển ven bờ lặng sóng xác bơi xung_quanh đẩy lên_mặt_nước lặn giấu đi Trung_tâm phát_hiện cá_heo xác_nhận Cracker trở đàn Bunbury Năm_ngoái trung_tâm cá_heo non trường_hợp thai lưu An_Khang Mail"
"00003.txt","thoi-su","9","Thứ_trưởng Nội_vụ Nguyễn_Duy_Thăng họp_báo Chính_phủ chiều Thăng thông_tin Trần_Huyền_Trang gái Bí_thư Tỉnh_ủy Vĩnh_Phúc bổ_nhiệm Phó_giám_đốc Sở Kế_hoạch Đầu_tư tỉnh Vĩnh_Phúc liên_hệ Giám_đốc Sở Nội_vụ tỉnh chỉ_đạo Vụ Công_chức viên_chức Nội_vụ Báo_cáo sơ_bộ Vĩnh_Phúc Đại_hội Đảng_bộ tỉnh Vĩnh_Phúc Tỉnh_ủy ban_hành kế_hoạch công_tác_nhân_sự dự_kiến bổ_nhiệm trường_hợp cán_bộ nữ cán_bộ trẻ báo_cáo Vĩnh_Phúc Trang trường_hợp cá_biệt tỉnh Thăng quy_định nêu gương chống chạy chức chạy quyền quy_định thẩm_quyền tiêu_chuẩn quy_trình thủ_tục công_tác cán_bộ đầy_đủ rõ_ràng Tỉnh_ủy Vĩnh_Phúc Bí_thư Tỉnh_ủy cẩn_thận hy_vọng Thăng Nội_vụ Thăng Vụ Công_chức Viên_chức tham_mưu Bộ_trưởng văn_bản đề_nghị tỉnh Vĩnh_Phúc báo_cáo chính_thức tinh_thần quy_định Đảng pháp_luật hội_nghị thường_kỳ UBND tỉnh Vĩnh_Phúc Nguyễn_Phú_Sơn Giám_đốc Sở Nội_vụ công_bố quyết_định UBND tỉnh điều_động bổ_nhiệm cán_bộ sở Trần_Huyền_Trang Giám_đốc Trung_tâm nghiên_cứu xúc_tiến đầu_tư doanh_nghiệp bổ_nhiệm Phó_giám_đốc Sở Kế_hoạch Đầu_tư Vĩnh_Phúc Trang chuyên_viên Thành_đoàn TP Vĩnh_Yên Phó_bí_thư Thành_đoàn Vĩnh_Yên chuyên_viên Phòng thẩm_định Phó_phòng Thẩm_định Sở Kế_hoạch Đầu_tư Trang học bồi_dưỡng tiếng Singapore Giám_đốc Trung_tâm nghiên_cứu Xúc_tiến đầu_tư doanh_nghiệp Sở Kế_hoạch Đầu_tư tỉnh Vĩnh_Phúc hiện phó_giám_đốc Trần_Huyền_Trang Phạm_Quang_Thắng Nguyễn_Bình_Khương Hoàng_Thùy Viết_Tuân"
"00134.txt","giai-tri","2","Noo Phước_Thịnh hy_vọng thành_tựu thành_công Beauty Nam ca_sĩ đắn_đo quyết_định đại_sứ thương_hiệu nhãn hàng Beauty tinh_khiết uy_tín Chặng đường trước_mắt Noo mong_chờ đồng_hành Dương_Thị_Thanh_Mai Tổng_giám_đốc Beauty Noo Phước_Thịnh ca_sĩ chuyên_nghiệp thái_độ nghiêm_túc công_việc ồn_ào thu_hút chú_ý chăm_chút sản_phẩm âm_nhạc đồng_điệu Beauty nam ca_sĩ Beauty sản_xuất sản_phẩm làm_đẹp chất_lượng tiêu_dùng Beauty toát vẻ đẹp mong_muốn chạm tự_tin phiên_bản đẹp Thanh_Mai hàng_loạt thành_tích âm_nhạc giải_thưởng nghệ_thuật vai_trò đại_sứ thương_hiệu Beauty Noo Phước_Thịnh hứa_hẹn đem sản_phẩm_chất_lượng độc_đáo tương_lai Beauty thương_hiệu mỹ_phẩm dược mỹ_phẩm tiêu_chuẩn chất_lượng quốc_tế giá Sản_phẩm Beauty sản_xuất công_nghệ hiện_đại giấy_phép chứng_nhận tiêu_chuẩn chất_lượng xuất_xứ Hàn_Quốc Nhật_Bản Đài_Loan ... G_Beauty mong_muốn lan_tỏa năng_lượng tích_cực cảm_hứng yêu_thương trở_nên tự_tin yêu_đời triết_lý kinh_doanh Tâm Tầm Trí Beauty cam_kết mô_hình kinh_doanh tối_ưu hiệu_quả giúp hàng triệu tham_gia kinh_doanh Beauty phát_huy năng_lực phát_triển khả_năng hoàn_thiện giàu_có hôm_qua Mục_tiêu Beauty sản_lượng tiêu_thụ triệu sản_phẩm hàng chục nghìn việc_làm ra_mắt Việt_Nam Beauty thương_hiệu mỹ_phẩm dược mỹ_phẩm săn_đón ưa_chuộng phủ rộng khắp châu tương laiTheo dõi thông_tin G_Beauty fanpage Beauty website nhãn hàng egbeauty vn ảnh Beauty"
"00115.txt","kinh-doanh","5","Ngân_hàng Shinhan Việt_Nam công_bố bổ_nhiệm tổng_giám_đốc thay Shin_Dong_Min Tân tổng_giám_đốc Ngân_hàng Shinhan Việt_Nam làm_việc Ngân_hàng Shinhan Hàn_Quốc đảm_nhiệm chiến_lược kế_hoạch quản_lý rủi_ro marketing ... chức trưởng khối kinh_doanh toàn_cầu ngân_hàng Shinhan kinh_nghiệp Shinhan Mỹ Campuchia thời Lee_Taekyung Shinhan Campuchia tăng_trưởng gấp đôi tài_sản lợi_nhuận số_lượng chi_nhánh nhân_viên ... Tổng_giám_đốc Lee_Taekyung Việt_Nam quốc_gia mảng kinh_doanh toàn_cầu Ngân_hàng Shinhan nhấn_mạnh tầm kỹ_thuật_số bối_cảnh bất_ổn đại_dịch Covid băng hướng mục_tiêu cung_cấp dịch_vụ tài_chính nhanh_chóng tiện_lợi bảo_mật thông_qua hóa mạnh_mẽ Quỳnh_Trang"
"00136.txt","giai-tri","2","ảnh Dear Klairs"
"00056.txt","suc-khoe","7","Văn_phòng Thống_kê Quốc_gia ONS công_bố kết_quả nghiên_cứu chuyên_gia khảo_sát ngẫu_nhiên 6.000 kết_quả xét_nghiệm dương_tính nCoV Nghiên_cứu ONS xem_xét triệu_chứng bệnh_nhân báo_cáo vòng tuần mắc Covid so_sánh kết_quả dữ_liệu nhiễm chủng virus cũ nghiên_cứu lâu_dài Cơ_quan Sức_khỏe Cộng_đồng PHE Đại_học Oxford Đại_học Manchester Dấu_hiệu điển_hình 3.500 nhiễm biến_thể nCoV ho mệt_mỏi đau nhức cơ_bắp đau họng 21,8 2.500 bệnh_nhân nhiễm chủng virus cũ ho mệt_mỏi đau đau họng ca Covid thế_giới báo_cáo khứu_giác vị_giác nhiễm biến_thể Nghiên_cứu bệnh_nhân nhiễm biến_thể vị_giác ca khứu_giác Con_số báo_cáo nhiễm chủng virus cũ khác_biệt triệu_chứng đau_đầu thở tiêu_chảy nôn_mửa hai biến_thể Lawrence_Young virus học ung_thư học phân_tử Đại_học Warwick thừa_nhận đột_biến B. 1.1.7 ảnh_hưởng triệu_chứng Biến_thể khả_năng lây_nhiễm virus người_bệnh phạm_vi lây_lan cơ_thể rộng ho mệt_mỏi đau Biến_thể đột_biến chủng cũ ảnh_hưởng phản_ứng miễn_dịch cơ_thể triệu_chứng đi kèm Young Richard_Tedder nghiên_cứu virus học Đại_học Imperial College_London ho nguyên_nhân khả_năng virus lây triệu_chứng tác_động lây_truyền virus Dù_vậy xung_quanh đeo khẩu_trang ngăn giọt bắn đi Tedder đứng đầu nghiên_cứu Tim_Spector King College_London triệu_chứng thời đầu đại_dịch Ứng_dụng Triệu_chứng Covid ghi_nhận biểu_hiện phổ_biến Covid bao_gồm ho dai_dẳng đau họng đau_đầu mệt_mỏi vị_giác chuyên_gia Trường_Vệ_sinh Y_học Nhiệt_đới London Đại_học Hoàng_gia London công_bố nghiên_cứu độc lực khả_năng chết biến_thể Hai phương_pháp so_sánh bệnh_nhân nhiễm biến_thể mắc thể cũ tổng_hợp dữ_liệu y_tế ca lây cộng_đồng nguy_cơ tử_vong mắc biến_thể John_Edmunds giáo_sư Trung_tâm Mô_hình Toán_học bệnh Truyền_nhiễm nhận_định may vẻ virus lây_lan chết bước_ngoặt tồi_tệ đại_dịch chuyên_gia phát_hiện bằng_chứng biến_thể ảnh_hưởng tác_dụng vaccine Hôm hãng dược Moderna thông_báo liều tiêm hãng bảo_vệ B. 1.1.7 biến_thể nCoV Nam_Phi Hãng dược Pfizer đối_tác BioNTech báo_cáo tương_tự hôm Mai_Dung Thục_Linh BBC Huffpost AFP"
"00049.txt","suc-khoe","7","quy_định Y_tế trường_hợp tiếp_xúc bệnh_nhân Covid trẻ cách_ly y_tế trẻ cách_ly y_tế nhà_riêng phòng chống dịch Covid trẻ cách_ly y_tế kết_quả xét_nghiệm âm_tính trẻ cách_ly y_tế nhà_riêng di_chuyển cơ_sở cách_ly y_tế tuân_thủ nghiêm quy_định phòng chống dịch cách_ly nhàTrẻ khỏe chăm_sóc giám_sát trẻ suốt cách_ly già trẻ chăm_sóc trẻ phòng cách_ly tiếp_xúc thành_viên gia_đình người_ngoài vật_nuôi suất chăm_sóc trẻ phương_tiện phòng_hộ phòng chống lây_nhiễm cần_thiết khẩu_trang y_tế găng_tay y_tế giày kính bảo_hộ áo_quần Thường_xuyên vệ_sinh khử khuẩn quần_áo đồ_dùng trẻ chăm_sóc quần_áo trẻ chăm_sóc giặt giặt phòng cách_ly giặt ngâm quần_áo xà_phòng giặt tối_thiểu phút máy_giặt chế giặt nhiệt_độ độ C. phơi quần_áo ánh nắng Khu_vực lyTrẻ cách_ly gia_đình nhà_riêng_lẻ biệt_thự liền kề độc_lập Cửa_nhà biển cảnh_báo đỏ chữ vàng Địa_điểm cách_ly y_tế phòng chống Covid Khu_vực cách_ly khép_kín tách_biệt khu sinh_hoạt gia_đình tầng tầng riêng_biệt cách_ly y_tế Phòng cách_ly vệ_sinh khử khuẩn sạch_sẽ thông_thoáng_khí thường_xuyên cửa_sổ hạn_chế hòa nhiệt_độ độ tăng_cường thông gió hòa trung_tâm hạn_chế đồ_đạc vật_dụng phòng vệ_sinh xà_phòng rửa nước_sạch dung_dịch sát_khuẩn chứa cồn Y_tế phép cách_ly kiểm_tra xác_nhận cách_ly tổ_chức quản_lý giám_sát nghiêm tổ_chức cách_ly y_tế giám_sát y_tế trẻ chăm_sóc trẻ cách_ly kết_thúc cách_ly tổ_chức thu_gom vận_chuyển chất_thải y_tế lây_nhiễm quy_định Chính_quyền địa_phương trách_nhiệm theo_dõi giám_sát chặt_chẽ tổ_chức mẫu xét_nghiệm trẻ giám_sát trẻ Mẫu xét_nghiệm gửi Trung_tâm Kiểm_soát bệnh_tật tỉnh thành_phố chỉ_định xét_nghiệm Thùy_An"
"00055.txt","giai-tri","2","News of the World hiện đối_thủ Tenet Mank Soul hạng_mục Nhạc phim xuất_sắc giải Cầu Vàng nhạc James_Newton Howard đảm_nhận chủ_yếu dàn dây cảm_giác buồn_bã luyến_tiếc Không_khí bối_cảnh viễn Tây phim Nội_chiến kết_thúc Mỹ Toàn_bộ sáng_tác Howard tổng_hợp album nhạc phim soundtrack thời_lượng phút Universal Studios phát_hành bối_cảnh viễn Tây_thập_niên News of the World hành_trình Đại_úy Jefferson Kyle_Kidd Tom_Hanks bé Johanna Helena_Zengel Kiowa bắt_cóc Jefferson vốn cựu_binh Nội_chiến hành_nghề đọc tin_tức thuê đi thị_trấn thị_trấn câu_chuyện khắp thế_giới Jefferson vô_tình Johanna đường đi quyết_định trở gia_đình ruột News of the World phim Paul_Greengrass bối_cảnh viễn Tây đầu_tiên_ông hợp_tác James_Newton Howard Đạo_diễn âm_thanh vỡ tái_hiện cảm_giác hỗn_loạn đất_nước chia_cắt hành_trình hai nhân_vật liên_tiếp đối_diện cận_kề chết đáp_ứng soạn nhạc nhạc_cụ cổ_điển đàn_viola da gamba kèn harmonica tái_tạo không_khí thế_kỷ chủ_yếu dàn dây vĩ cầm băng cầm măng cầm kết_hợp guitar âm_nhạc thô_ráp góc_cạnh soạn nhạc ca_khúc Dust_Storms Dime_Mountain Now For Some Federal News vẽ không_gian viễn Tây mênh_mông rộng_lớn hiểm_nguy rình_rập phim hai nhân_vật Howard nhân_vật phong_cách nhạc Jefferson Tom_Hanks âm_hưởng thánh_ca Howard tạp_chí Variety Phim đàn_ông cảm_giác tội_lỗi sâu_sắc lạc_lõng vật_lộn cuộc_sống phát_triển âm_nhạc Jefferson phúc_âm lồng tiếng piano Chẳng_hạn Captain Jefferson Kidd cảnh đầu giới_thiệu nhân_vật Jefferson hát tiếng piano êm_dịu violin nhẹ_nhàng gợi_cảm_giác buồn man_mác nhạc Jefferson vết sẹo chằng_chịt trên_cơ_thể hậu_quả chiến_tranh Âm_nhạc Howard nỗi đau_đớn nhân_vật Tương_tự Kidd Visits Maria duy_trì piano dàn dây xuyết suốt độ phút hát chậm_rãi buồn_bã hệt tâm_trạng Jefferson thăm mộ vợ cũ Jefferson trải_đời bé Johanna non_nớt ngây_thơ Nhạc nhân_vật Johanna giai_điệu Howard bé nhân_vật bí_ẩn suốt phim câu xoay quanh nhân_vật cuộc_sống Liệu khao_khát trở_lại người_thân Johanna New_Clothes khán_giả cảm_nhận niềm vui_sướng lẫn bỡ_ngỡ bé đồ Johanna Returns Home cảm_giác lưu_luyến hạnh_phúc sắp_sửa rời đồng_hành lớn_tuổi Howard kinh_nghiệm nhạc phim viễn Tây Wyatt_Earp Hidalgo hoàn_thiện nhạc News of the World bùng_phát Covid công_việc đạo_diễn Greengrass Oxfordshire biên_tập_viên William Goldenberg London Howard làm_việc studio Santa_Monica bang California Mỹ trao_đổi phần_mềm Zoom demo thông_qua internet đích_thân Howard ghé thăm New_Mexico địa_điểm quay_phim bấm máy làm_việc bốn hoàn_thiện giai_điệu đậm chất viễn Tây Kết_quả Howard đề_cử Cầu Vàng sự_nghiệp Sinh James_Newton Howard soạn nhạc nổi_tiếng Mỹ tám đề_cử Oscar sản_xuất nhạc dự_án phim bao_gồm tác_phẩm kinh_điển The_Sixth Sense King_Kong Signs ... đánh_dấu Howard nhạc phim Head_Office Sơn_Phước"
"00106.txt","khoa-hoc","4","Nhiếp_ảnh gia động_vật hoang_dã Guillermo Arteaga ghi_hình tương_tác đại_bàng cáo hoang sườn đồi Avila Tây_Ban_Nha Con_cáo đại_bàng đậu cành xác vật bảo_vệ thức_ăn đại_bàng hung_dữ xòe rộng đôi cánh 1,8 xua_đuổi cáo cáo hoang chùn lượn vòng_tròn quanh đại_bàng cáo tiếp_cận chỗ thịt đại_bàng đuổi sát_nút bay cáo giương móng vuốt cố_gắng cào cáo kẻ_thù đổi hướng lập_tức rẽ tỏ hung_dữ cáo chạy đi bám sát_nút đại_bàng bay trở_lại cành cáo tái_xuất thành_công đuổi đại_bàng đi độc_chiếm bữa cáo cân trung_bình 5,2 5,9 kg tuổi_thọ trung_bình loài cáo sống săn_bắn Cáo sống đơn_lẻ sống bầy đàn chó_sói loài sống đơn_độc kẻ kiếm_ăn Cáo phản_ứng nhanh_nhạy giết chết mồi gọn mồi cáo kích_thước An_Khang Mail"
"00010.txt","khoa-hoc","4","Space_Tango công_ty trụ_sở_tại Lexington Kentucky hộp nghiên_cứu Trạm Vũ_trụ Quốc_tế ISS gọi CubeLabs nhu_cầu thí_nghiệm tương_tự môi_trường vi trọng_lực công_ty dự_định phóng trạm vũ_trụ ST kỹ_sư hàng vũ_trụ Twyman_Clements sáng_lập kiêm CEO Space_Tango tiết_lộ chi_phí công_ty dự_án chi_phí chế_tạo trạm vũ_trụ UPI hôm Space Tango lắp_đặt hộp thí_nghiệm trạm ISS hộp hai Công_ty sản_xuất sợi quang_học công_nghệ_cao thiết_bị y_tế mô môi_trường vi trọng_lực chủ_yếu công_nghệ in 3D tân_tiến Biện_pháp cấu_trúc tinh_vi mặt_đất trọng_lực khiếm_khuyết ST trang_bị pin mặt_trời cung_cấp điện chắn nhiệt Nội_thất trạm điều_chỉnh tùy nhiệm_vụ Clements chuyên_gia nghiên_cứu thiết_kế ST hai Space Tango lựa_chọn nhiên_liệu đẩy trạm hydrazine nhiên_liệu đẩy thông_dụng không_gian Clements Hydrazine hóa_chất nổ độc_hại vệ_tinh nhiên_liệu Space Tango chất thay_thế thân_thiện môi_trường Space Tango lựa_chọn cung_cấp dịch_vụ phóng tên_lửa cân_nhắc SpaceX Rocket_Lab công_ty Nguyên_mẫu ST dự_kiến phóng phiên_bản chắn nhiệt thử_nghiệm khả_năng phóng bay không_gian tàu vũ_trụ quỹ_đạo Trái_Đất hai tuần Clements ST dự_kiến lao vùng_biển Florida Techshot công_ty trụ_sở_tại Indiana Mỹ gửi dụng_cụ thí_nghiệm trạm ISS. tương_lai Techshot gửi thí_nghiệm ST Trạm ISS lựa_chọn NASA dự_định sức_chứa trạm thí_nghiệm phi_hành_gia trạm vũ_trụ độc_lập tự_động quỹ_đạo giải_pháp thay_thế Rich_Boling phó_chủ_tịch Techshot Thu_Thảo UPI"
"00141.txt","giai-tri","2","Decumar ra_mắt Decumar advanced sản_phẩm chuyên_biệt làn da mụn gel ngừa mụn Nano_Curcumin tiền_thân Decumar_New gel rửa mặt nhờn da mụn Decumar_Advanced tiền_thân Decumar_Clean sản_phẩm kem chống nắng kiểm_soát nhờn da mụn Decumar_Advanced sản_phẩm hiệu_quả ngăn_ngừa mụn mờ vết thâm sẹo gốc sản_phẩm rút ngắn chu_trình chăm_sóc da mụn tối_giản sạch ngừa mụn bảo_vệ da mụn khác_biệt Decumar Advanced sản_phẩm chăm_sóc da mụn thị_trường Nổi_bật gel ngừa mụn Nano_Curcumin khác_biệt gel ngừa mụn nằm công_thức nâng_cấp thành_phần lành_tính siêu nghệ Nano_Curcumin tinh_chất lá chanh_sim hành_tây đỏ lô hội ... khả_năng mụn thâm sẹo nhanh_chóng Sản_phẩm bổ_sung tinh_chất rau_má Pháp Centella_Asiatica thảo_dược nhập_khẩu châu Âu đặc_tính sát_trùng sở_hữu hoạt_chất bacillus subtilis escherichia coli rau_má Pháp tác_dụng ức_chế vi_khuẩn mụn cộng_hưởng thành_phần công_thức độc_đáo có_mặt Việt_Nam khả_năng tăng_cường kháng_viêm liền da cải_thiện da mụn thâm sẹo Sản_phẩm giúp kiểm_soát nhờn hiệu_quả vượt_trội nốt mụn viêm nhanh_chóng xẹp vết thâm sẹo mờ dần gel ngừa mụn Decumar Advanced sở_hữu làn da mụn sạch thâm sẹo việc_làm sạch bảo_vệ da Gel rửa mặt nhờn da mụn kem chống nắng kiểm_soát nhờn Decumar_Advanced giải_pháp tối_ưu làn da giúp da chống_chọi yếu_tố hại da mụn giai_đoạn nhạy_cảm chăm_sóc Teen hạn_chế tối_giản quy_trình chăm da làn da nhanh_chóng phục_hồi teen Decumar Advanced giúp teen tối_giản_hóa quy_trình chăm da mụn sạch ngừa mụn bảo_vệ sản_phẩm chuyên_biệt da mụn giúp teen tốn chăm_sóc sạch mụn thâm sẹo Decumar_Advanced thể_tích bao_bì bắt_mắt trẻ_trung đi trẻ tin_tưởng sản_phẩm Decumar Advanced sản_phẩm chuỗi khép_kín nghiên_cứu bào_chế cải_tiến sản_xuất nhà_máy Dược_phẩm công_nghệ_cao CVI Pharma giúp sản_phẩm chất_lượng an_toàn chứng_nhận_thực_hành sản_xuất mỹ_phẩm CGMP. Decumar Advanced sản_phẩm chăm_sóc da mụn chuyên_biệt cải_tiến Decumar thương_hiệu Decumar Decumar Advanced kế_thừa nâng tầm dược_liệu truyền_thống công_nghệ Nano hiện_đại bổ_sung dược chất thiên_nhiên hữu_ích hiệu_quả toàn_diện điều_trị da mụn thâm sẹo Decumar_Advanced decumar vn mua Decumar_Advanced decumar vn dat hang html tư_vấn sản_phẩm gọi miễn cước phân_phối Công_ty Cổ_phần Dược mỹ_phẩm CVI Công_ty cổ_phần Dược mỹ_phẩm CVI"
"00108.txt","kinh-doanh","5","Căn_hộ Hằng mua phân khúc nhỉnh trung_cấp một_chút bố_trí cảnh_quan đẹp tiện_ích chất_lượng xây_dựng thua_kém dự_án cao_cấp tọa_lạc đường Nguyễn_Duy_Trinh Dự_án chủ đầu_tư bàn_giao Hằng mua chung_cư giá hời thương_lượng Tết đơn_giản thanh_toán tiền_mặt vòng Hiện giao_dịch hoàn_tất sang_tên hợp_đồng mua_bán Nguyên_nhân mua hàng rẻ tiết_lộ Hằng chủ tiền_mặt gấp sẵn_sàng giá_vốn tài_chính Giá gốc căn_hộ hợp_đồng mua_bán 2,95 tỷ đồng giá thị_trường dự_án bàn_giao 3,3 3,4 tỷ đồng giá Hằng mặc_cả tiền_mặt mua giá 2,9 tỷ đồng giá gốc chủ triệu đồng đầu_tư căn_hộ giá gốc thanh_toán tiền_mặt lợi triệu đồng gia_đình ưng_ý mua Hằng Khảo_sát VnExpress thị_trường TP HCM giao_dịch giá thị_trường giá gốc chủ thu_hồi tiền_mặt giao_dịch vay ngân_hàng diễn cục_bộ khu_vực thể đại_diện hiện_tượng giảm_giá toàn thị_trường âm_thầm thúc_đẩy khoản diễn vốn vay tương_tự Dự ngụ Tân_Phú TP HCM mua phố giá 3,3 tỷ đồng dịch bùng_phát rẻ giá mặc_cả bất_thành 3,8 tỷ đồng Chủ chấp_nhận rẻ triệu đồng kẹt tiền tiền tươi thóc cận Tết Cường ngụ Bình_Tân mua phố mặt_tiền lầu sân_thượng mặt_tiền khu Aeon khu đại siêu_thị Nhật_Bản km giá tỷ đồng giá rẻ 2,5 tỷ đồng chủ chào_bán Tết Canh_Tý Cường giá lãi giá ngưỡng tỷ đồng nửa thập_niên khai_thác kinh_doanh dịch Covid bùng_phát địa_bàn sôi_động trải đợt dịch Covid kinh_doanh mặt_bằng phố trở_nên cộng gia chủ tiền_mặt gấp giá kỳ_vọng Cường dự_đoán Trao_đổi VnExpress Đoàn_Quốc_Duyệt Giám_đốc Công_ty Tín_Thành xác_nhận tâm_lý tiền_mặt vua chiếm_lĩnh thị_trường địa_ốc thể_hiện đi mua tài_sản sẵn tiền tươi chiếm thượng_phong mặc_cả thương_lượng giá giao_dịch tiền_mặt xu_hướng thúc_đẩy thương_vụ mua_bán tài_sản rẻ mặt_bằng giá thị_trường Hiện_tượng diễn cục_bộ dựa thực_trạng thị_trường số_lượng mua giai_đoạn mua bất_động_sản dễ_thương_lượng giá vòng trở_lại mua nắm sẵn tiền tươi thóc thủ_tục vay ngân_hàng định_giá mua đòn_bẩy tài_chính giao_dịch chậm mua tiền_mặt thúc_đẩy diễn tốc_độ Duyệt quý đầu xu_hướng tiền_mặt vua chiếm_lĩnh thị_trường mạnh_mẽ đa_phần dòng tiền_mặt phòng_thủ dịch_chuyển tài_sản chào_bán giá hời hàng chốt tâm_lý nắm tiền_mặt Tổng_giám_đốc công_ty bất_động_sản trụ_sở_tại phân_tích đợt dịch Covid công_tác chống dịch diễn_biến phức_tạp kết_quả hai đợt dịch dịch kiểm_soát nhanh_chóng Thị_trường chứng_kiến dịch_chuyển dòng tiền dịch_bệnh giai_đoạn chuyển_giao tài_sản thiếu_hụt tiền_mặt thừa tiền_mặt yếu_thế sẵn tiền_mặt khả_năng đứng thị_trường khả_năng tài_chính gia_nhập_cuộc dịch_chuyển vốn bản_lề Minh_Lê"
"00021.txt","phap-luat","6","Lauren_Gidding tốt_nghiệp trường luật Đại_học Mercer thành_phố Macon bang Georgia Giddings nỗ_lực ước_mơ làm_việc ngành luật hình_sự Trước_mắt chướng_ngại_vật kỳ thi chứng_chỉ hành_nghề luật học Giddings căn_hộ trường tốt_nghiệp thay_vì quê ôn thi chứng_chỉ Giddings bố_mẹ gia_đình bất_thường bốn liên_lạc bạn_bè Giddings căn_hộ kiểm_tra Đồ_đạc phòng dấu_hiệu xáo_trộn Sách luật chìa_khóa túi_xách ngay_ngắn bàn Ôtô Giddings đỗ căn_hộ duy_nhất vắng bóng nữ_sinh_viên tốt_nghiệp Bạn_bè lập_tức báo Giddings mất_tích khả_năng đồ thiết_yếu phòng báo cảnh_sát kiểm_tra bình_thường phòng dấu_hiệu phá cửa đột_nhập mất_trộm tài_sản Thuốc_thử luminol đem phòng ngủ phản_ứng phát sáng_dạ_quang vết máu tẩy_rửa kết_quả xịt luminol phòng tắm vết máu khắp sàn Cảnh_tượng cảnh_sát tìm_kiếm thi_thể Giddings Khu Giddings hai tầng chia thành căn_hộ lắp camera an_ninh giả dọa trộm Dù_vậy cảnh_sát tìm_kiếm mau_chóng ngửi mùi lạ bốc thùng rác vỉa_hè khu căn_hộ thùng thi_thể bọc túi nylon Xét_nghiệm ADN xác_nhận thi_thể Giddings phát_hiện nhận_định may_mắn cảnh_sát kịp_thời hiện_trường phút xe rác Xe cảnh_sát ngẫu_nhiên đỗ chắn thùng rác vỉa_hè khu nhân_viên vệ_sinh tạm bỏ_qua Giddings coi mất_tích Khu tổng_cộng căn_hộ Dò_hỏi lượt chủ căn_hộ cảnh_sát để_ý hàng_xóm Giddings Stephen McDaniel thái_độ sợ_sệt lảng_tránh McDaniel hàng_xóm học Giddings trường luật bạn_bè McDaniel rủ Giddings hẹn_hò một_hai từ_chối Dù_vậy Giddings tỏ thân_thiện Quan_sát quanh căn_hộ McDaniel cảnh_sát phát_hiện ta chìa_khóa vạn_năng cửa căn_hộ khu tình_tiết McDaniel thừa_nhận chìa vạn_năng đột_nhập hai căn_hộ trộm bao cao_su lệnh khám cảnh_sát khu tìm_kiếm chứng_cứ phòng giặt_giũ lưỡi cưa dính máu Giddings Trùng_hợp căn_hộ McDaniel bao_bì bọc lưỡi cưa quần tất Giddings Dữ_liệu máy_tính McDaniel ta lén theo_dõi Giddings thể_hiện ảnh video lén cảnh căn_hộ nạn_nhân Máy_tính McDaniel liên_tục tìm_kiếm tài_khoản mạng xã_hội Giddings xen_lẫn lượt truy_cập trang_web khiêu_dâm hai vụ án_mạng McDaniel tìm_kiếm cụm ảnh khỏa thân Lauren_Giddings hóa giải chắn cửa chống trộm Giddings cạnh tội Giết McDaniel khởi_tố tội Khai_thác tình_dục trẻ_em máy_tính ta chứa ảnh khiêu_dâm trẻ_em Công_tố_viên cáo_buộc Giddings nghi_ngờ bất_thường xảy căn_hộ thủ_phạm chết gái đồ_đạc phòng dường_như di_chuyển email Giddings trai sợ cố đột_nhập căn_hộ Trực_giác Giddings Stephen McDaniel dõi công_tố_viên động_cơ án xuất_phát nỗi ám_ảnh ảo_tưởng McDaniel Giddings thể_hiện hắn ta lén theo_dõi nạn_nhân hàng_xóm McDaniel Giddings án tiếp_cận tổn_thương sức lôi_cuốn McDaniel hàng_xóm Giddings kết_thúc đi kỳ thi chứng_chỉ hành_nghề chịu_đựng án chứng_cứ công_tố_viên McDaniel thỏa_thuận tội tuần xét_xử thỏa_thuận McDaniel xảy tối định_mệnh cáo_trạng tội Khai_thác tình_dục trẻ_em bãi_bỏ McDaniel 4h30 bốn ngày_trước thi_thể phát_hiện hắn mặc đồ đen đeo găng_tay mặt lẻn căn_hộ Giddings chìa vạn_năng ngắm Giddings ngủ McDaniel di_chuyển tiếng_động gái bừng tỉnh Giddings đuổi phòng McDaniel lao bóp_cổ hồi giằng_co hai rơi giường Chân_Giddings mắc_kẹt gầm giường đạp đối_phương ... siết cổ McDaniel thi_thể nhà_tắm phòng hôm cầm cưa trở_lại McDaniel lãnh án chung_thân tù khả_năng McDaniel ân_xá công_tố_viên Quốc_Đạt Macon_Telegraph"
"00057.txt","giao-duc","3","Dương_Tâm FluentU"
"00084.txt","giai-tri","2","dịp tụ_tập bạn_bè Tùng_Dương thể_hiện tài bắt_chước hát Mùa xuân làng lúa làng hoa ca_khúc chữ Hồ_Tây trùng_hợp địa_điểm không_khí mùa xuân Em_trai ca_sĩ Thanh_Lam nhạc_sĩ Trí_Minh đệm đàn piano Tùng_Dương nhái biểu_cảm_nhăn mặt ngắt câu ngẫu_hứng hát Thanh_Lam khẩu hình rộng Hồng_Nhung Ca_sĩ hy_vọng video niềm vui khán_giả thời dịch Bác_sĩ Tiến_Hùng trai Thanh_Lam hô ca_sĩ Tùng_Dương hát gái liên_tục cười nam ca_sĩ đóng giả Thanh_Lam Tùng_Dương thường_xuyên biểu_diễn bốn diva phong_cách bắt_chước Hà_Trần cân_nhắc tham_gia chương_trình Gương_mặt thân_quen Tùng_Dương đùa Tùng_Dương yêu Mai_Điểm hẹn chương_trình cộng_tác nghệ_sĩ Lê_Minh_Sơn Đỗ_Bảo Ngọc_Đại Lưu Hà_An Sa_Huỳnh ... thử sức dòng nhạc Jazz Blues dân_gian đương_đại Chạy trốn New_age màu khối lập_phương Electro Li_ti World Music Độc_đạo ... tổ_chức liveshow Thập_kỷ hoan ca Giao_thoa Trời đất Tùng_Dương hát tứ sông Hồng Hà_Thu"
"00115.txt","the-thao","8","rời HAGL Văn_Toàn thể thăm chung_cư Hà_Nội Khu_vực quanh tiền_đạo sinh ca Covid cách_ly họ_hàng Văn_Toàn quán cafe Hải_Phòng thăm dịp đi quê mong Tết sum_vầy tình_hình_như_vậy buồn tiền_đạo HAGL đội_tuyển Việt_Nam yên tại_chỗ mong bệnh_dịch kiểm_soát vui Xuân Tết gia_đình tuỳ_thuộc tình_hình dịch mong bình an Đồng_hương Văn_Toàn hậu_vệ Vũ_Văn_Thanh huyện Thanh_Miện Hải_Dương dịch kilomet an_toàn quanh_quẩn gia_đình đi an_toàn cộng_đồng Vui_Xuân lo_lắng Gia_Lai dịch bùng_phát lo toàn_bộ anh_em Tết trở_lại mong kiểm_soát Tết an bình cầu_thủ HAGL tiền_vệ Triệu Việt_Hưng quê Hải_Dương cách_ly Quê huyện Cẩm_Giàng ca nhiễm Covid thủ_môn Huỳnh_Tấn_Linh trở Quảng_Ninh gia_đình phố núi Chỗ dịch an_toàn khai_báo y_tế đầy_đủ cơ_quan_chức_năng gia_đình thi_đấu HAGL Tết sum_vầy vợ_con gia_đình bạn_bè Tuấn_Linh Bùi Văn Hiếu Vũ Viết_Triều quê Quảng_Ninh Bình_Định xả trại Quê hậu_vệ Hồ Tấn_Tài huyện Hoài_Ân Bình_Định ca nhiễm F1 Gia_Lai chủ_động tập_thể_lực theo_dõi khuyến_cáo vui Tết bảo_đảm an_toàn sức_khoẻ trưởng_đoàn Nguyễn Công_Tâm CLB Bình_Định trở_lại cách_ly y_tế quy_định gia_nhập đội chủ_trương CLB Bình_Định Đức_Đồng"
"00143.txt","kinh-doanh","5","Ngân_hàng Ngoại_thương Việt_Nam Vietcombank thông_báo đồng_loạt lãi_suất tiền vay toàn_bộ dư_nợ vay hiện_hữu vay khách_hàng băng tối_đa tiền lãi doanh_nghiệp ảnh_hưởng dịch_bệnh tùy mức_độ cạnh khách_hàng vay vốn sản_xuất kinh_doanh 0,2 lãi_suất Ước_tính 105.000 khách_hàng diện lãi_suất tổng_dư_nợ 350.000 tỷ đồng chiếm dư_nợ Vietcombank Đối_tượng lãi đợt khoản dư_nợ ưu_đãi lãi_suất năm_ngoái Vietcombank băng đợt lãi_suất doanh_nghiệp dân ảnh_hưởng dịch_bệnh lũ_lụt lãi_suất vay ngân_hàng dao_động quanh 4,8 6,5 khoản vay 5,5 7,5 khoản vay băng hạ 2,5 lãi_suất vay đầu khoản vay cũ treo Quỳnh_Trang"
"00094.txt","giai-tri","2","đại_diện DOJI kim_cương viên thu_hút tín_đồ trang_sức sành_điệu viên kim_cương kích_thước đẹp tổng nút yêu Dịp cơ_hội_sở_hữu viên kim_cương kích_thước đẹp giá ưu_đãi thương_hiệu DOJI Khách_hàng lựa_chọn kim_cương viên sưu_tập Bách_Lộc Trường_Cửu viên kim_cương DOJI tùy sở_thích nhu_cầu khoản đầu_tư hiệu_quả cất_trữ tài_sản quy_chế thu đổi quyền_lợi đại_diện DOJI Lựa_chọn sành kim_cương giới mộ_điệu ra_mắt sưu_tập Bách lộc Trường_Cửu quy_tụ viên kim_cương tổng_nút 4.5 mm 5.4 mm 6.3 mm 7.2 mm 8.1 mm 9.0 mm quan_niệm Á_Đông đại_diện cao_quý biểu_thị hạnh_phúc an_lành cạnh tượng_trưng uy_nghiêm quyền_lực tài_lộc phú_quý"
"00254.txt","kinh-doanh","5","kinh_doanh vàng miếng mở_cửa tiếng thường_lệ đáp_ứng nhu_cầu mua vàng may dân Thần_Tài Giá vàng miếng mở_cửa Công_ty Vàng_bạc đá_quý SJC yết 55,65 56,35 triệu đồng nhẹ đồng hôm_qua 9h giá mua_bán giá vàng miếng Tập_đoàn Vàng_bạc đá_quý DOJI giao_dịch quanh 55,6 56,3 triệu đồng nguyên giá mua nhẹ giá đồng chiều Chênh_lệch mua_bán 700.000 đồng giá vàng miếng chiều mua DOJI đổi 200.000 đồng chiều giá vàng miếng Thần_Tài kinh_doanh vàng dao_động quanh 50.000 đồng hôm_qua giá mua 650.000 đồng giá 550.000 đồng Lê_Thị_Hiền Phó_tổng_giám_đốc Tập_đoàn vàng_bạc đá_quý DOJI Hà_Nội giao_dịch hôm_nay hôm_qua khách_hàng 6h mua vàng cầu_may đầu 8h30 khách_hàng giao_dịch đông_đúc Vía Thần_Tài rơi tuần Hà_Nội bình_thản đi mua Hiền lo_ngại Covid phân_bổ dần mùng Giêng Thần_Tài xảy chen_lấn quá_tải DOJI ước_tính khách_hàng tương_đương cộng hàng ngàn giao_dịch mua vàng online kênh eGold Công_ty Bảo_Tín Minh_Châu đại_diện hãng hiện_tượng khách_hàng xếp_hàng chờ chủ_yếu mua nhẫn tròn trơn sản_phẩm kim ngưu lộc đầu xuân Quỳnh_Trang"
"00166.txt","giai-tri","2","ShenzhenTV đăng video biến tranh vẽ Tô Đông Pha thành video danh_nhân cử_chỉ cười nháy_mắt Video lập_trình_viên Trung_Quốc tốt_nghiệp ngành Nghệ_thuật Thị_giác trường New_York Mỹ Video top tìm_kiếm nổi_bật Weibo thu_hút hàng chục nghìn bình_luận thích_thú hình_ảnh Tô Đông Pha sống_động People_Daily Tô Đông_Pha nhân_vật lịch_sử hâm_mộ bậc Trung_Quốc Tài_năng thể_hiện mặt văn_học thư_pháp hội_họa âm_nhạc ẩm_thực giáo_dục y_học trị thủy Tô_Thức Tử_Chiêm hiệu Đông Pha cư_sĩ người_đời gọi Tô Đông Pha tác_phẩm tiêu_biểu Tiền Xích_Bích_phú Hậu Xích_Bích_phú Thủy_điệu ca đầu ... ví_như viên ngọc văn_học cổ Trung_Hoa Cuộc_đời Tô Đông Pha dựng_phim Tô Đông_Pha Thủy_Hử truyện Tô Đông_Pha Đông Pha_gia Thanh_Bình_Lạc diễn_viên Đường Quốc_Cường Lục_Nghị Âu Dương Chấn_Hoa ... đóng nhà_văn Như_Anh"
"00016.txt","giai-tri","2","CNN Gabrielle_Kachman đại_diện French diễn_viên qua_đời hôm tiết_lộ buồn xác_nhận đi khách_hàng thân_thiết Jahmil_French niềm đam_mê nghệ_thuật tận_tâm nghề sôi_nổi mong gửi chia buồn cầu_nguyện gia_đình bạn_bè French sinh Canada tốt_nghiệp trường nghệ_thuật Wexford tỉnh Ontario theo_đuổi sự_nghiệp diễn_xuất lập_tức chú_ý vai Dave_Turner series thiếu_niên Degrassi hai đoạt giải Canadian Screen Award Viện Hàn_lâm Điện_ảnh Truyền_hình Canada tổ_chức French Hollywood diễn_viên tham_gia phim truyền_hình Incorporated hai anh_em đạo_diễn Pastor French đóng vai Dante_Mendoza series Soundtrack hãng Netflix biên_kịch Joshua Safran sản_xuất Phương_Mai CNN"
"00039.txt","giai-tri","2","viết tiết_lộ nội_dung phimRa rạp Tết Kiều đạo_diễn Đỗ_Thành_An quy_tụ diễn_viên Phan_Thị_Mơ Cao_Thái_Hà nghệ_sĩ Công_Ninh ... Tác_phẩm chú_ý giới_thiệu phim điện_ảnh áp_dụng kỹ_thuật one shot liên_tục cú máy cắt cảnh quảng_bá cảm_hứng Truyện_Kiều nội_dung phim tác_phẩm thi_hào Nguyễn_Du Tác_phẩm nhắc Truyện_Kiều chi_tiết phân_đoạn hai chị_em Hương Phấn bói Kiều đầu phim Thay nội_dung phim cải_lương Nửa_đời hương phấn soạn_giả Hà_Triều Hoa_Phượng nhân_vật tương_đồng Hương Tùng Cang ... Kịch_bản hời_hợt yếu phim thời_lượng hai tiếng đạo_diễn câu_chuyện dòng hồi_tưởng nhân_vật Tác_phẩm xoay quanh nhân_vật Hương Phan_Thị_Mơ gái quê thành_phố học sa lưới tình thanh_niên xảo_trá trai ép đi phục_vụ đại_gia thoát cuộc_đời Tùng Luân bác_sĩ tốt_bụng tù trai cũ đe_dọa tiếp_cận Phấn Cao_Thái_Hà em_gái Hương an_toàn Phấn gia_đình buộc lựa_chọn tình Tùng trở_lại đường gái bán_hoa câu_chuyện hy_sinh gia_đình vật_chất phim diễn_biến tình_tiết giản lược Hương sa_chân đường bán_dâm ngắn quen trai quê gia_đình Hương hồ_hởi tiền con_gái gửi xây buồn thắc_mắc kiếm tiền đi học tình Hương bác_sĩ Tùng diễn chớp_nhoáng Đạo_diễn cài cắm cảnh nóng xoáy nỗi ê_chề nhục_nhã nhân_vật Hương ép tiếp Dù_vậy phân cảnh tranh_cãi góc máy thẩm_mỹ Hình_ảnh nhân_vật khoe lưng trần hình xăm huyền_thoại Hollywood lặp_đi lặp_lại dụng_ý cảnh Hương tiếp gã giang_hồ camera bắt cận_cảnh liếm mật lưng gái Nhà_báo Võ_Quang_Huy dự công_chiếu_phim TP HCM phân cảnh phản_cảm góc_quay trực_diện cảnh phim cảm_giác gợn hướng khung hình chất điện_ảnh kỹ_thuật nhận_xét phim phong_cách one shot Tác_phẩm chắp_nối phân_đoạn cú máy hiệu_ứng rung nhòe chuyển_tiếp cảnh nối phân_đoạn cảm_giác liền mạch cảm_giác chao_đảo nhức mắt cảnh mượt phim tối khán_giả Minh_Tú Êkíp cố_gắng đầu_tư hàng trăm cú máy_dài suốt hai tiếng bối_cảnh ánh_sáng thước phim theo_dõi dừng thể_nghiệm Đạo_diễn Đỗ_Thành_An đồng_nghiệp phản_đối quyết_tâm phim_one shot Tiến_sĩ Đỗ_Lệnh Hùng_Tú giám_đốc nghệ_thuật phim mắng điên_rồ phim dạng Tú thế_giới tác_phẩm điện_ảnh kỹ_thuật phí đầu_tư chục triệu USD áp_dụng công_nghệ tiêu_chuẩn quốc_tế robot chuyên_dụng kinh_phí hạn_chế đạo_diễn tác_phẩm tương_tự Birdman ... học_hỏi góc máy Âm_thanh nhược_điểm phim vai lồng_tiếng phân_đoạn thoại biểu_cảm tương_đồng hiện_tượng tiếng đằng hình nẻo rải_rác khắp phim nhấn_nhá dàn diễn_viên lồng_tiếng cảm_giác cũ_kỹ phim truyền_hình thập_niên Âm_nhạc bàn_tay Đức_Trí cứu nổi cảm_xúc Xuyên suốt tác_phẩm đạo_diễn nhạc_điệu âm_hưởng ca_trù tuồng chèo cảnh đặc_tả thân_phận Hương đoạn âm_lượng tiếng trống khán_giả nhức đầu diễn_biến Tam_Kỳ"
"00054.txt","phap-luat","6","Luật_sư tư vấnTheo khoản Luật Hôn_nhân Gia_đình quyền tài_sản tài_sản bao_gồm tài_sản thừa_kế tặng thu_nhập lao_động hoa_lợi lợi_tức phát_sinh tài_sản thu_nhập hợp_pháp Tài_sản hình_thành tài_sản tài_sản tiền lì_xì trẻ tài_sản trẻ pháp_luật bảo_vệ khoản khoản quản_lý_tài_sản phụ_thuộc độ trở tự_quản_lý_tài_sản cha_mẹ quản_lý Tài_sản cha_mẹ quản_lý Cha_mẹ ủy quyền quản_lý_tài_sản Tài_sản cha_mẹ quản_lý giao trở trừ trường_hợp cha_mẹ thỏa_thuận khoản khoản định_đoạt tài_sản thành_niên Trường_hợp cha_mẹ giám_hộ quản_lý_tài_sản quyền định_đoạt tài_sản lợi_ích trở xem_xét nguyện_vọng quyền định_đoạt tài_sản trừ trường_hợp tài_sản bất_động_sản động_sản đăng_ký quyền sở_hữu quyền tài_sản kinh_doanh đồng_ý văn_bản cha_mẹ giám_hộ Căn_cứ quy_định nêu trẻ trở quyền quản_lý_tài_sản bao_gồm tiền lì_xì Trường_hợp tài_sản cha_mẹ giám_hộ quản_lý định_đoạt tài_sản lợi_ích cha_mẹ tiền lì_xì phục_vụ mục_đích lợi_ích Cha_mẹ tiền lì_xì đồng_ý phục_vụ mục_đích lợi_ích phạt tiền 500.000 đồng triệu đồng lỗi chiếm_đoạt tài_sản thành_viên gia_đình khoản Nghị_định NĐ CP. Luật_sư Phạm_Thanh HữuĐoàn luật_sư TP_HCM"
"00048.txt","giao-duc","3","Test_English"
"00101.txt","giao-duc","3","Đại_diện công_ty SotaTek trao học_bổng khoá học lập_trình Blockchain trực_tuyến FUNiX triển_khai ứng_viên đam_mê công_nghệ blockchain làm_việc lĩnh_vực Ứng_viên kiến_thức kinh_nghiệm ngôn_ngữ lập_trình Solidity Golang Rust Java JavaScript TypeScript công_ty SotaTek ứng_viên kỹ_năng học giải_quyết làm_việc khả_năng đọc Tiếng sẵn_sàng bồi_dưỡng làm_việc SotaTek Hà_Nội tối_thiểu Hạn đăng_ký Ứng_viên đăng_ký học_bổng học FUNiX học_viên chuyên_gia công_ty chuyên blockchain Tomochain Akachain ... Học_viên trang_bị kiến_thức kỹ_năng Công_nghệ nền_tảng Blockchain Làm_việc hệ_thống lõi Bitcoin hệ_thống nền_tảng Ethereum hợp_đồng thông_minh smart contract Phát_triển xây_dựng ứng_dụng phân_tán nền_tảng blockchain Thực_hành ứng_dụng công_nghệ lĩnh_vực tài_chính thương_mại Khóa học kéo rút ngắn tùy tốc_độ học học_bổng hoàn_thành chương_trình học_viên trao chứng_chỉ Blockchain_Developer SotaTek phát_triển nhu_cầu nhân_lực chất_lượng sẵn_sàng lỡ chương_trình học_bổng SotaTek mở_rộng hợp_tác tài_năng trẻ đệm phát_triển đội_ngũ kế_thừa công_nghệ hướng văn_hóa định_hướng phát_triển nghề_nghiệp Lê_Minh_Tuấn Nhận_định tiềm_năng Blockchain Lê_Minh_Tuấn công_nghệ nắm sức_mạnh chuyển_đổi ngành công_nghiệp lĩnh_vực cuộc_sống tài_chính nông_nghiệp y_tế ... chính_phủ bầu_cử luật ưu_việt bảo_mật Blockchain Việt_Nam đón_nhận tích_cực khẩn_trương thị_trường nhân_lực ngành IT khan_hiếm nhân_lực công_nghệ học_tập phát_triển Blockchain"
"00088.txt","khoa-hoc","4","Phát_quang sinh_học sản_sinh ánh_sáng khả_kiến thông_qua phản_ứng_hóa học tổ_chức sống hiện_tượng phổ_biến đời_sống đại_dương hiện_tượng ghi_nhận phân_tích cá_mập vây diều cá_mập đèn_lồng bụng đen cá_mập đèn_lồng phương nam cá_mập thu_thập chuyến khảo_sát cá khu_vực Chatham Rise khơi đông New_Zealand hồi Cá_mập vây diều cm nghiên_cứu ghi_nhận động_vật xương_sống phát_quang nghiên_cứu Đại_học Thiên_Chúa_giáo Louvain Bỉ Viện nghiên_cứu khí_quyển New_Zealand phát_hiện ảnh_hưởng hiểu_biết con_người đời_sống biển sâu hệ sinh_thái nghiên_cứu hành_tinh loài cá_mập sống chạng_vạng đại_dương nằm độ sâu 1.000 ánh_sáng Mặt_Trời chiếu loài cá_mập dường_như ngược mặt_nước lộ diện động_vật săn mồi tiềm_ẩn lẩn_trốn nghiên_cứu bụng_dưới phát_quang loài cá_mập giúp ngụy_trang đe_dọa đòn tấn_công trường_hợp cá_mập vây diều động_vật kẻ_thù khả_năng loài cá chuyển_động chậm hiện_tượng phát_quang tự_nhiên rọi đáy đại_dương tìm_kiếm thức_ăn ngụy_trang tiếp_cận mồi khoa_học nhấn_mạnh nghiên_cứu sâu xác_nhận giả_thuyết báo_công_bố hôm tạp_chí Frontiers in Marine_Science phát_quang sinh_học ảnh_hưởng quan_hệ mồi động_vật thịt hy_vọng trở_lại vùng_biển nghiên_cứu phát_hiện loài vật phát_quang An_Khang Guardian"
